	ID	text	reg_name	sex	titles	titles_norm	titles_ref	titles_ref_norm	prof	prof_norm	staff	staff_norm	off	off_norm	fn_role	event_ref	xml	date	from	to	dead	earliest possible death	year	fromyear	toyear
0	pe__andreas_vischel_SB_CD_00054	Andre Vischel	Andreas Vischel	m	 	 	 	 	 	 	 	 	 	 	issuer	ev__SB_CD_00054	00054-eintrag_vom_1448-06-10.xml	1448-06-10			False	 	1448		
1	pe__barbara_SB_CD_00054	Barbara sein hausfrau	Barbara Vischel	f	 	 	 	 	 	 	 	 	 	 	issuer	ev__SB_CD_00054	00054-eintrag_vom_1448-06-10.xml	1448-06-10			False	 	1448		
2	pe__stephan_imbrung_SB_CD_00054	Stephans Imbrung des kramer	Stephan Imbrung der Kramer	m	 	 	 	 	kramer	 	 	 	 	 	None	ev__SB_CD_00054	00054-eintrag_vom_1448-06-10.xml	1448-06-10			False	 	1448		
3	pe__simon_pirkwicz_SB_CD_00054	hern Symon Pirkwicz caplan der Heiligen dreir Kunig altar zu der Himlporten	Simon Pirkwicz	m	hern	Herr	 	 	 	 	 	 	caplan	Kaplan	recipient	ev__SB_CD_00054	00054-eintrag_vom_1448-06-10.xml	1448-06-10			False	 	1448		
4	pe__andreas_hiltprant_QGW_II_II_2576	erbern weisen Andren Hiltprant diezeit des rats der stat ze Wienn	Andreas Hiltprant	m	erbern; weisen	ehrbar; weise	 	 	 	 	 	 	rats	Ratsherr	recipient	ev__SB_CD_00054	00054-eintrag_vom_1448-06-10.xml	1448-06-10			False	 	1448		
5	pe__agathe_SB_CD_00055	Agatha Lucasen Hulber hausfrau	Agathe Hulber	f	 	 	 	 	 	 	 	 	 	 	issuer	ev__SB_CD_00055	00055-eintrag_vom_1448-06-21.xml	1448-06-21			False	 	1448		
6	pe__lukas_hulber_QGW_II_II_2796	Lucasen Hulber	Lukas Hulber	m	 	 	 	 	 	 	 	 	 	 	None	ev__SB_CD_00055	00055-eintrag_vom_1448-06-21.xml	1448-06-21			False	 	1448		
7	pe__michael_stadl_SB_CD_00055	Micheln Stadl	Michael Stadl	m	 	 	 	 	 	 	 	 	 	 	None	ev__SB_CD_00055	00055-eintrag_vom_1448-06-21.xml	1448-06-21			False	 	1448		
8	pe__wolfgang_winter_SB_CD_00055	erbern Wolfgangen Wintter, burger zu Núrnberg	Wolfgang Winter	m	erbern	ehrbar	 	 	 	 	 	 	 	 	recipient	ev__SB_CD_00055	00055-eintrag_vom_1448-06-21.xml	1448-06-21			False	 	1448		
9	pe__georg_leinburger_SB_CD_00056	Jörgen Leinburger des apoteker	Georg Leinburger der Apotheker	m	 	 	 	 	apoteker	Apotheker	 	 	 	 	None	ev__SB_CD_00056	00056-eintrag_vom_1448-08-09.xml	1448-08-09			False	 	1448		
10	pe__heinrich_frankch_QGW_II_II_2150	Hainrichs des Frankchen seligen	Heinrich Frankch	m	 	 	 	 	 	 	 	 	 	 	recipient	ev__SB_CD_00056	00056-eintrag_vom_1448-08-09.xml	1448-08-09			True	1448-08-09	1448		
11	pe__jakob_oesterreicher_SB_CD_00056	erbern Jacoben Österreicher dem satler ausrichter des geschéffts anstat und zuhanden anstat und zuhanden	Jakob Österreicher	m	erbern	ehrbar	ausrichter des geschéffts; anstat und zuhanden; anstat und zuhanden	Geschaeftsherr; rechtlicher_Vertreter_in; rechtlicher_Vertreter_in	satler	Sattler	 	 	 	 	recipient	ev__SB_CD_00056	00056-eintrag_vom_1448-08-09.xml	1448-08-09			False	 	1448		
12	pe__konrad_kopfdrechsel_SB_CD_00056	Conraten Kopfdréchsel dietzeit ausrichter des geschéffts anstat und zuhanden anstat und zuhanden so weilent fraw Kathrey Micheln Nagl des Satler am Kolmarckt seligen wittib getan hat	Konrad Kopfdrechsel	m	 	 	ausrichter des geschéffts; anstat und zuhanden; anstat und zuhanden	Geschaeftsherr; rechtlicher_Vertreter_in; rechtlicher_Vertreter_in	 	 	 	 	 	 	recipient	ev__SB_CD_00056	00056-eintrag_vom_1448-08-09.xml	1448-08-09			False	 	1448		
13	pe__katharina_SB_CD_00056	fraw Kathrey Micheln Nagl des Satler am Kolmarckt seligen wittib	Katharina Nagl Gem. Michael Nagl	f	fraw	Frau	 	 	 	 	 	 	 	 	None	ev__SB_CD_00056	00056-eintrag_vom_1448-08-09.xml	1448-08-09			False	 	1448		
14	pe__michael_nagl_SB_CD_00056	Micheln Nagl des Satler am Kolmarckt seligen	Michael Nagl der Sattler am Kohlmarkt	m	 	 	 	 	Satler	Sattler	 	 	 	 	None	ev__SB_CD_00056	00056-eintrag_vom_1448-08-09.xml	1448-08-09			True	1448-08-09	1448		
15	pe__wolfgang_SB_CD_00056	Wolfgang Kind	Wolfgang	m	 	 	 	 	 	 	 	 	 	 	None	ev__SB_CD_00056	00056-eintrag_vom_1448-08-09.xml	1448-08-09			False	 	1448		
16	pe__martin_SB_CD_00056	Mertten Kind Hansen des Nagl am Graben Kindern, die noch nicht vogtper sind	Martin Nagl	m	 	 	 	 	 	 	 	 	 	 	None	ev__SB_CD_00056	00056-eintrag_vom_1448-08-09.xml	1448-08-09			False	 	1448		
17	pe__johann_nagl_SB_CD_00056	Hansen des Nagl am Graben	Johann Nagl am Graben	m	 	 	 	 	 	 	 	 	 	 	None	ev__SB_CD_00056	00056-eintrag_vom_1448-08-09.xml	1448-08-09			False	 	1448		
18	pe__berthold_merman_SB_CD_00157	Berchtolt Merman, kursner	Berthold Merman der Kursner	m	 	 	 	 	kursner	Kuerschner	 	 	 	 	issuer	ev__SB_CD_00156	00156-eintrag_vom_1448-12-13.xml	1448-12-13			False	 	1448		
19	pe__jakob_smal_SB_CD_00156	Jacoben des Smalen	Jakob Smal	m	 	 	 	 	 	 	 	 	 	 	None	ev__SB_CD_00156	00156-eintrag_vom_1448-12-13.xml	1448-12-13			False	 	1448		
20	pe__erhard_von_prag_SB_CD_00156	Erharts von Prag des peutler	Erhard von Prag der peutler	m	 	 	 	 	peutler	 	 	 	 	 	None	ev__SB_CD_00156	00156-eintrag_vom_1448-12-13.xml	1448-12-13			False	 	1448		
21	pe__konrad_erweit_SB_CD_00057	erbern Kunraten Erweit, dem kursner	Konrad Erweit der Kursner	m	erbern	ehrbar	 	 	kursner	Kuerschner	 	 	 	 	recipient	ev__SB_CD_00156	00156-eintrag_vom_1448-12-13.xml	1448-12-13			False	 	1448		
22	pe__konrad_erweit_SB_CD_00057	Erlert	Konrad Erweit der Kursner	m	 	 	 	 	 	 	 	 	 	 	issuer	ev__SB_CD_00156	00156-eintrag_vom_1448-12-13.xml	1448-12-13			False	 	1448		
23	pe__konrad_eggenfelder_SB_CD_00226	Chuncz Egkenfelder der smid	Konrad Chuncz Eggenfelder der Schmied	m	 	 	 	 	smid	 	 	 	 	 	issuer	ev__SB_CD_00226	00226-eintrag_vom_1448-02-23.xml	1448-02-23			False	 	1448		
24	pe__brigitta_SB_CD_00226	Preid, sein hausfrau	Brigitta Eggenfelder Gem. Konrad Eggenfelder	f	 	 	 	 	 	 	 	 	 	 	issuer	ev__SB_CD_00226	00226-eintrag_vom_1448-02-23.xml	1448-02-23			False	 	1448		
25	pe__thomas_kunter_SB_CD_00226	Thomans Kuntter	Thomas Kunter	m	 	 	 	 	 	 	 	 	 	 	None	ev__SB_CD_00226	00226-eintrag_vom_1448-02-23.xml	1448-02-23			False	 	1448		
26	pe__jakob_kolbl_SB_CD_00226	hern Jacoben Kolbl	Jakob Kolbl	m	hern	Herr	 	 	 	 	 	 	 	 	recipient	ev__SB_CD_00226	00226-eintrag_vom_1448-02-23.xml	1448-02-23			False	 	1448		
27	pe__konrad_reiff_SB_CD_00226	erbern Kunraten Reiff, mitburger zu Wien	Konrad Reiff	m	erbern; mitburger	ehrbar; Buerger_in	 	 	 	 	 	 	 	 	recipient	ev__SB_CD_00226	00226-eintrag_vom_1448-02-23.xml	1448-02-23			False	 	1448		
28	pe__konrad_schrofl_SB_CD_00227	Chunrat Schrófl	Konrad Schrofl	m	 	 	 	 	 	 	 	 	 	 	issuer	ev__SB_CD_00227	00227-eintrag_vom_1448-03-06.xml	1448-03-06			False	 	1448		
29	pe__anna_SB_CD_00227	Anna, sein hausfrau	Anna Schrofl	f	 	 	 	 	 	 	 	 	 	 	issuer	ev__SB_CD_00227	00227-eintrag_vom_1448-03-06.xml	1448-03-06			False	 	1448		
30	pe__hermann_edlerauer_QGW_II_II_3280a	erbern weisen Herman Edlerawer	Hermann Edlerauer	m	erbern; weisen	ehrbar; weise	 	 	 	 	 	 	 	 	recipient	ev__SB_CD_00227	00227-eintrag_vom_1448-03-06.xml	1448-03-06			False	 	1448		
31	pe__katharina_QGW_II_II_3280a	Kathrein, seiner hausfraun	Katharina Edlerauerin Refnerin	f	 	 	 	 	 	 	 	 	 	 	recipient	ev__SB_CD_00227	00227-eintrag_vom_1448-03-06.xml	1448-03-06			False	 	1448		
32	pe__konrad_von_tierna_SB_CD_00228	Chuncz von Tirna in der Kumphlukchn	Konrad Tierna in der Kumphlukchn	m	 	 	 	 	 	 	 	 	 	 	issuer	ev__SB_CD_00228	00228-eintrag_vom_1448-04-22.xml	1448-04-22			False	 	1448		
33	pe__margarethe_SB_CD_00228	Margreth, sein hausfrau	Margarethe von Tierna	f	 	 	 	 	 	 	 	 	 	 	issuer	ev__SB_CD_00228	00228-eintrag_vom_1448-04-22.xml	1448-04-22			False	 	1448		
34	pe__heinrich_krumauer_SB_CD_00228	Hainreichs Krumbnawer	Heinrich Chuncz Krumbnawer Krumauer	m	 	 	 	 	 	 	 	 	 	 	None	ev__SB_CD_00228	00228-eintrag_vom_1448-04-22.xml	1448-04-22			False	 	1448		
35	pe__klara_SB_CD_00228	erbern fraun Claren, Andres Straspurger hausfraun anstat und zuhanden	Klara Strasburger Pittrolf	f	erbern; fraun	ehrbar; Frau	anstat und zuhanden	rechtlicher_Vertreter_in	 	 	 	 	 	 	recipient	ev__SB_CD_00228	00228-eintrag_vom_1448-04-22.xml	1448-04-22			False	 	1448		
36	pe__andreas_strasburger_SB_CD_00228	Andres Straspurger	Andreas Strasburger	m	 	 	 	 	 	 	 	 	 	 	None	ev__SB_CD_00228	00228-eintrag_vom_1448-04-22.xml	1448-04-22			False	 	1448		
37	pe__barbara_SB_CD_00228	Junkfraun Barbaren irer tochter tochter die sy pey írm erern man Larenczen Pittrolf seligen gehabt hat	Barbara Pittrolf	f	 	 	 	 	 	 	 	 	 	 	None	ev__SB_CD_00228	00228-eintrag_vom_1448-04-22.xml	1448-04-22			False	 	1448		
38	pe__lorenz_pittrolf_SB_CD_00228	erern man Larenczen Pittrolf seligen	Lorenz Pittrolf	m	 	 	 	 	 	 	 	 	 	 	None	ev__SB_CD_00228	00228-eintrag_vom_1448-04-22.xml	1448-04-22			True	1448-04-22	1448		
39	pe__kaspar_hermann_SB_CD_00229	Caspar Herman, appoteker	Kaspar Hermann der apoteker	m	 	 	 	 	appoteker	Apotheker	 	 	 	 	issuer	ev__SB_CD_00229	00229-eintrag_vom_1448-05-27.xml	1448-05-27			False	 	1448		
40	pe__stephan_auer_SB_CD_00229	Steffans Awer	Stephan Auer	m	 	 	 	 	 	 	 	 	 	 	None	ev__SB_CD_00229	00229-eintrag_vom_1448-05-27.xml	1448-05-27			False	 	1448		
41	pe__lorenz_rasko_SB_CD_00229	Larenczen Ra sko von Bressla, capplan und verweser der mess, die fraw Anna die Synndraminn auf Allerheiligen altar zu Sand Steffan gestifft hat	Lorenz Rasko von Bressla	m	 	 	 	 	 	 	 	 	capplan; verweser	 ; Verweser	recipient	ev__SB_CD_00229	00229-eintrag_vom_1448-05-27.xml	1448-05-27			False	 	1448		
42	pe__margarethe_SB_CD_00229	erbern fraun Margrethen, Paulen von Tulln hausfraun	Margarethe	f	erbern; fraun	ehrbar; Frau	 	 	 	 	 	 	 	 	recipient	ev__SB_CD_00229	00229-eintrag_vom_1448-05-27.xml	1448-05-27			False	 	1448		
43	pe__paul_von_tulln_SB_CD_00229	Paulen von Tulln	Paul von Tulln	m	 	 	 	 	 	 	 	 	 	 	None	ev__SB_CD_00229	00229-eintrag_vom_1448-05-27.xml	1448-05-27			False	 	1448		
44	pe__servatius_waczla_SB_CD_00230	Cirnos Waczla Wuntartzt	Servatuis Cirvos Waczla der wundtarzt	m	 	 	 	 	Wuntartzt	 	 	 	 	 	issuer	ev__SB_CD_00230	00230-eintrag_vom_1448-11-20.xml	1448-11-20			False	 	1448		
45	pe__dorothea_SB_CD_00230	Dorothe, sein hausfrau die emalen Michlen Gruber den wuntartzt selign auch elichen gehabt hat	Dorothea Waczla Gruberin	f	 	 	 	 	 	 	 	 	 	 	issuer	ev__SB_CD_00230	00230-eintrag_vom_1448-11-20.xml	1448-11-20			False	 	1448		
46	pe__michael_gruber_SB_CD_00230	Michlen Gruber den wuntartzt selign	Michael Gruber der wundtarzt	m	 	 	 	 	wuntartzt	 	 	 	 	 	None	ev__SB_CD_00230	00230-eintrag_vom_1448-11-20.xml	1448-11-20			True	1448-11-20	1448		
47	pe__matthias_salczer_QGW_II_II_2595	Mathesen des Salczer	Matthias Salczer	m	 	 	 	 	 	 	 	 	 	 	None	ev__SB_CD_00230	00230-eintrag_vom_1448-11-20.xml	1448-11-20			False	 	1448		
48	pe__klara_SB_CD_00231	Clara, Hannsen Tynnpekchen des prukmaisters seligen witib anstat anstat	Klara Tinpeckin	f	 	 	anstat; anstat	rechtlicher_Vertreter_in; rechtlicher_Vertreter_in	 	 	 	 	 	 	issuer	ev__SB_CD_00231	00231-eintrag_vom_1448-09-20.xml	1448-09-20			False	 	1448		
49	pe__johann_tinpeck_QGW_II_II_2974	Hannsen Tynnpekchen des prukmaisters seligen	Johann Tinpeck der zimmermann der prukmeister	m	 	 	 	 	prukmaisters	 	 	 	 	 	None	ev__SB_CD_00231	00231-eintrag_vom_1448-09-20.xml	1448-09-20			True	1448-09-20	1448		
50	pe__jakob_SB_CD_00231	Jacoben kinder	Jakob Tinpeck	m	 	 	 	 	 	 	 	 	 	 	None	ev__SB_CD_00231	00231-eintrag_vom_1448-09-20.xml	1448-09-20			False	 	1448		
51	pe__barbara_SB_CD_00231	Berblein irer kinder	Barbara Berblein Tinpeck	f	 	 	 	 	 	 	 	 	 	 	None	ev__SB_CD_00231	00231-eintrag_vom_1448-09-20.xml	1448-09-20			False	 	1448		
52	pe__wolfgang_von_asparn_SB_CD_00231	Wolfgangs von Asparn	Wolfgang von Asparn von Asparn	m	 	 	 	 	 	 	 	 	 	 	None	ev__SB_CD_00231	00231-eintrag_vom_1448-09-20.xml	1448-09-20			False	 	1448		
53	pe__niklas_kiliber_SB_CD_00231	erbern herren hern Niclasen Chiliber, caplan der mess die Ulreich Flekch auf Unser Fraun altar in Sand Johanns cappellen daselbs, gelegen gestifft hat	Niklas Kiliber	m	erbern; herren; hern	ehrbar; Herr; Herr	 	 	 	 	 	 	caplan	Kaplan	recipient	ev__SB_CD_00231	00231-eintrag_vom_1448-09-20.xml	1448-09-20			False	 	1448		
54	pe__dorothea_QGW_II_II_3262_a	Dorothe, Albrechts Liepharts des schuster hausfrau die emalen Niclasen Wagner den schuster seligen auch elichen gehabt hat	Dorothea Wagner Liebhart	f	 	 	 	 	 	 	 	 	 	 	issuer	ev__SB_CD_00299	00299-eintrag_vom_1448-07-08.xml	1448-07-08			False	 	1448		
55	pe__albrecht_liebhart_QGW_II_II_3262	Albrechts Liepharts des schuster	Albrecht Liebhart der Schuster	m	 	 	 	 	schuster	Schuster	 	 	 	 	None	ev__SB_CD_00299	00299-eintrag_vom_1448-07-08.xml	1448-07-08			False	 	1448		
56	pe__niklas_wagner_QGW_II_II_3262	Niclasen Wagner den schuster seligen	Niklas Wagner der Schuster	m	 	 	 	 	schuster	Schuster	 	 	 	 	None	ev__SB_CD_00299	00299-eintrag_vom_1448-07-08.xml	1448-07-08			True	1448-07-08	1448		
57	pe__friedrich_lenstain_QGW_II_II_3262	Fridreichen Lenstain, dem sneider zu handen	Friedrich Lenstain der Schneider	m	 	 	zu handen	 	sneider	Schneider	 	 	 	 	recipient	ev__SB_CD_00299	00299-eintrag_vom_1448-07-08.xml	1448-07-08			False	 	1448		
58	pe__magdalena_QGW_II_II_3262	junkfraun Magdalen, seiner tochter	Magdalena Lenstain	f	 	 	 	 	 	 	 	 	 	 	None	ev__SB_CD_00299	00299-eintrag_vom_1448-07-08.xml	1448-07-08			False	 	1448		
59	pe__johann_meczinger_SB_CD_00623	Johannesen Meczinger von Freindorf verweser der ewigen mess, die weilent Dietreich Fluschart auf Unser Fraun altar zu Sand Steffan gestifft hat	Johann Meczinger	m	 	 	 	 	 	 	 	 	verweser	Verweser	recipient	ev__SB_CD_00299	00299-eintrag_vom_1448-07-08.xml	1448-07-08			False	 	1448		
60	pe__leonhard_weidenholczer_QGW_II_II_3262	erbern Linharten und prudern	Leonhard Weidenholczer	m	erbern	ehrbar	 	 	 	 	 	 	 	 	recipient	ev__SB_CD_00299	00299-eintrag_vom_1448-07-08.xml	1448-07-08			False	 	1448		
61	pe__jakob_weidenholczer_QGW_II_II_3262	erbern Jacoben geprudern den Weidenholtzern, der egenanten Dorothen prudern	Jakob Weidenholczer	m	erbern	ehrbar	 	 	 	 	 	 	 	 	recipient	ev__SB_CD_00299	00299-eintrag_vom_1448-07-08.xml	1448-07-08			False	 	1448		
62	pe__dorothea_QGW_II_II_3264	Dorothe, Pangreczen Widmer des Parhander hausfrau	Dorothea Widmerin	f	 	 	 	 	 	 	 	 	 	 	issuer	ev__QGW_II_II_3264	00300-eintrag_vom_1448-08-05.xml	1448-08-05			False	 	1448		
63	pe__pankraz_widmer_QGW_II_II_3264	Pangreczen Widmer des Parhander	Pankraz Widmer der parhander	m	 	 	 	 	Parhander	 	 	 	 	 	None	ev__QGW_II_II_3264	00300-eintrag_vom_1448-08-05.xml	1448-08-05			False	 	1448		
64	pe__thomas_trager_QGW_II_II_3264	Thomans Trager	Thomas der trager	m	 	 	 	 	 	 	 	 	 	 	None	ev__QGW_II_II_3264	00300-eintrag_vom_1448-08-05.xml	1448-08-05			False	 	1448		
65	pe__gilg_zimmermann_QGW_II_II_3264	Giligen des Zimermans	Gilg der Zimmermann	m	 	 	 	 	 	 	 	 	 	 	None	ev__QGW_II_II_3264	00300-eintrag_vom_1448-08-05.xml	1448-08-05			False	 	1448		
66	pe__michael_grashover_QGW_II_II_3264	erbern briester hern Micheln Grashofer, dieczeit kaplan der mess, so weilent Rudolf Graf auf Sant Blasien altar in des Herczogen cappellen dacz Sand Steffan gestifft hat	Michael Grashover	m	erbern; hern	ehrbar; Herr	 	 	briester	 	 	 	kaplan	Kaplan	recipient	ev__QGW_II_II_3264	00300-eintrag_vom_1448-08-05.xml	1448-08-05			False	 	1448		
67	pe__elisabeth_SB_CD_00349	Elspeth, Steffans Goltpach seligen witib	Elisabeth Goltpachin	f	 	 	 	 	 	 	 	 	 	 	issuer	ev__SB_CD_00349	00349-eintrag_vom_1448-02-22.xml	1448-02-22			False	 	1448		
68	pe__stephan_goltpach_SB_CD_00349	Steffans Goltpach seligen	Stephan Goltpach	m	 	 	 	 	 	 	 	 	 	 	None	ev__SB_CD_00349	00349-eintrag_vom_1448-02-22.xml	1448-02-22			True	1448-02-22	1448		
69	pe__stephan_fuegenstaler_SB_CD_00349	Steffans Fúgenstaler	Stephan Fügenstaler	m	 	 	 	 	 	 	 	 	 	 	None	ev__SB_CD_00349	00349-eintrag_vom_1448-02-22.xml	1448-02-22			False	 	1448		
70	pe__kolomann_walderstorffer_SB_CD_00349	erbern Kolman Walderstorffer, kursner	Kolomann Walderstorffer der Kursner	m	erbern	ehrbar	 	 	kursner	Kuerschner	 	 	 	 	recipient	ev__SB_CD_00349	00349-eintrag_vom_1448-02-22.xml	1448-02-22			False	 	1448		
71	pe__katharina_SB_CD_00349	Kathrein, seiner hausfraun	Katharina Walderstorffer	f	 	 	 	 	 	 	 	 	 	 	recipient	ev__SB_CD_00349	00349-eintrag_vom_1448-02-22.xml	1448-02-22			False	 	1448		
72	pe__elisabeth_SB_CD_00351	Elspeth, Hannsen Hubner von Everding des Letzelter hausfraw, die emaln Hannsen Lintzer auch elichen gehabt hat	Elisabeth Linczerin Hubnerin	f	 	 	 	 	 	 	 	 	 	 	issuer	ev__SB_CD_00351	00351-eintrag_vom_1448-11-29.xml	1448-11-29			False	 	1448		
73	pe__johann_hubner_SB_CD_00351	Hannsen Hubner von Everding des Letzelter	Johann Hubner von Efferding der Letzelter	m	 	 	 	 	Letzelter	xxx	 	 	 	 	None	ev__SB_CD_00351	00351-eintrag_vom_1448-11-29.xml	1448-11-29			False	 	1448		
74	pe__johann_linczer_QGW_II_II_2253	emaln Hannsen Lintzer	Johann Linczer	m	 	 	 	 	 	 	 	 	 	 	None	ev__SB_CD_00351	00351-eintrag_vom_1448-11-29.xml	1448-11-29			True	1448-11-29	1448		
75	pe__peter_letzelter_SB_CD_00351	Petern des Letzelter	Peter der Letzelter	m	 	 	 	 	 	 	 	 	 	 	None	ev__SB_CD_00351	00351-eintrag_vom_1448-11-29.xml	1448-11-29			False	 	1448		
76	pe__paul_rukchl_SB_CD_00351	erbern Paulen Rukchl, dem kramer	Paul Rukchl	m	erbern	ehrbar	 	 	kramer	 	 	 	 	 	recipient	ev__SB_CD_00351	00351-eintrag_vom_1448-11-29.xml	1448-11-29			False	 	1448		
77	pe__elisabeth_QGW_II_II_3172	Elzbet sein hausfraw	Elisabeth im Hof	f	 	 	 	 	 	 	 	 	 	 	None	 	00406-eintrag_vom_1448-05-31.xml	1448-05-31			False	 	1448		
78	pe__friedrich_im_hof_QGW_II_II_3172	Fricz im Hof, der slosser	Friedrich im Hof der Schlosser	m	 	 	 	 	slosser	Schlosser	 	 	 	 	issuer	ev__SB_CD_00406	00406-eintrag_vom_1448-05-31.xml	1448-05-31			False	 	1448		
79	pe__niklas_legler_SB_CD_00406	Niclasen Légler	Niklas Legler Lègler	m	 	 	 	 	 	 	 	 	 	 	None	ev__SB_CD_00406	00406-eintrag_vom_1448-05-31.xml	1448-05-31			False	 	1448		
80	pe__georg_epishauser_QGW_II_II_3353	erbern weisen Jorgen Epishauser, diezeit des rats der stat zu Wien	Georg Epishauser	m	erbern; weisen	ehrbar; weise	 	 	 	 	 	 	rats der stat	Ratsherr	recipient	ev__SB_CD_00406	00406-eintrag_vom_1448-05-31.xml	1448-05-31			False	 	1448		
81	pe__johann_auer_SB_CD_00604	Hanns Awer vor Schottentor	Johann Auer vor Schottentor	m	 	 	 	 	 	 	 	 	 	 	issuer	ev__SB_CD_00604	00604-eintrag_vom_1448-02-24.xml	1448-02-24			False	 	1448		
82	pe__niklas_pernhart_SB_CD_00604	Niclasen Pernharts des Fürer	Niklas Pernhart der Fürer	m	 	 	 	 	Fürer	 	 	 	 	 	None	ev__SB_CD_00604	00604-eintrag_vom_1448-02-24.xml	1448-02-24			False	 	1448		
83	pe__wolfgang_QGW_II_II_3724	hern Wolfgangen pfarrer Sand Johanns kirchen in der Siehenalss	Wolfgang	m	hern	Herr	 	 	 	 	 	 	pfarrer	Pfarrer	recipient	ev__SB_CD_00604	00604-eintrag_vom_1448-02-24.xml	1448-02-24			False	 	1448		
84	pe__elisabeth_QGW_II_II_3140	erbern frawn Elspethen der Peiczkoferin, Andres Kelhaimer hausfrawn	Elisabeth Peizkoferin Kelhaimerin	f	erbern; frawn	ehrbar;  	 	 	 	 	 	 	 	 	recipient	ev__SB_CD_00604	00604-eintrag_vom_1448-02-24.xml	1448-02-24			False	 	1448		
85	pe__andreas_kelhaimer_QGW_II_II_3460	Andres Kelhaimer	Andreas Kelhaimer	m	 	 	 	 	 	 	 	 	 	 	None	ev__SB_CD_00604	00604-eintrag_vom_1448-02-24.xml	1448-02-24			False	 	1448		
86	pe__johann_peizkofer_QGW_II_II_3140	erern mann · dem Peiczkofer	Johann Peizkofer	m	 	 	 	 	 	 	 	 	 	 	None	ev__SB_CD_00604	00604-eintrag_vom_1448-02-24.xml	1448-02-24			True	1448-02-24	1448		
87	pe__johann_weinperger_QGW_II_II_2373	Hanns Weinperger	Johann Weinperger	m	 	 	 	 	 	 	 	 	 	 	issuer	ev__SB_CD_00605	00605-eintrag_vom_1448-03-04.xml	1448-03-04			False	 	1448		
88	pe__georg_salczer_SB_CD_00605	Jorgen des Salczer	Georg Salczer	m	 	 	 	 	 	 	 	 	 	 	None	ev__SB_CD_00605	00605-eintrag_vom_1448-03-04.xml	1448-03-04			False	 	1448		
89	pe__stephan_mendl_SB_CD_00605	erbern Steffan Ménndl, verber	Stephan Mendl Menndl der Färber	m	erbern	ehrbar	 	 	verber	 	 	 	 	 	recipient	ev__SB_CD_00605	00605-eintrag_vom_1448-03-04.xml	1448-03-04			False	 	1448		
90	pe__barbara_SB_CD_00605	Barbaren, seiner hausfraun	Barbara Mendl Menndl	f	 	 	 	 	 	 	 	 	 	 	recipient	ev__SB_CD_00605	00605-eintrag_vom_1448-03-04.xml	1448-03-04			False	 	1448		
91	pe__johann_wuerer_QGW_II_II_2993	Hanns Würer vorsprech	Johann Würer	m	 	 	 	 	 	 	 	 	vorsprech	Vorsprech	issuer	ev__SB_CD_00606	00606-eintrag_vom_1448-04-03.xml	1448-04-03			False	 	1448		
92	pe__liebhard_weiss_SB_CD_00606	Liepharts Weissen	Liebhard Weiss	m	 	 	 	 	 	 	 	 	 	 	None	ev__SB_CD_00606	00606-eintrag_vom_1448-04-03.xml	1448-04-03			False	 	1448		
93	pe__johann_resch_SB_CD_00606	hern Hannsen Reschen, caplan der mess die weilent her Peter korherr zu Sand Steffan pharrer zu Wurnitz in Sand Niclas kloster vor Stubentor gestifft hat	Johann Resch	m	hern	Herr	 	 	 	 	 	 	caplan	Kaplan	recipient	ev__SB_CD_00606	00606-eintrag_vom_1448-04-03.xml	1448-04-03			False	 	1448		
94	pe__heinrich_hulger_QGW_II_II_3573	erbern herren hern Hainreichen Hulger, pharrer zu Stainhaim	Heinrich Hulger	m	erbern; herren; hern	ehrbar; Herr; Herr	 	 	 	 	 	 	pharrer	Pfarrer	recipient	ev__SB_CD_00606	00606-eintrag_vom_1448-04-03.xml	1448-04-03			False	 	1448		
95	pe__johann_spannberger_QGW_II_II_3245	Hanns Spannberger vor Schottentor	Johann Spannberger	m	 	 	 	 	 	 	 	 	 	 	issuer	ev__SB_CD_00607	00607-eintrag_vom_1448-03-13.xml	1448-03-13			False	 	1448		
96	pe__katharina_SB_CD_00607	Kathrey, sein hausfrau	Katharina Spannberger	f	 	 	 	 	 	 	 	 	 	 	issuer	ev__SB_CD_00607	00607-eintrag_vom_1448-03-13.xml	1448-03-13			False	 	1448		
97	pe__jakob_moshaimer_QGW_II_II_3245	erbern briester hern Jacoben Moshaimer, caplan der mess die Jorg am Kienmarkt auf Sand Veits altar dacz Sand Steffan gestifft hat	Jakob Moshaimer	m	erbern; hern	ehrbar; Herr	 	 	briester	 	 	 	caplan	Kaplan	recipient	ev__SB_CD_00607	00607-eintrag_vom_1448-03-13.xml	1448-03-13			False	 	1448		
98	pe__johann_unverdrossen_SB_CD_00613	Hanns Unverdrossen, helmsmid	Johann Unverdrossen Unverdrossen Helmschmied helmsmid	m	 	 	 	 	helmsmid	 	 	 	 	 	issuer	ev__SB_CD_00608	00608-eintrag_vom_1448-04-29.xml	1448-04-29			False	 	1448		
99	pe__barbara_SB_CD_00613	Barbara, sein hausfrau	Barbara Unverdrossen Unverdrossen	f	 	 	 	 	 	 	 	 	 	 	issuer	ev__SB_CD_00608	00608-eintrag_vom_1448-04-29.xml	1448-04-29			False	 	1448		
100	pe__jakob_von_brunn_schneider_QGW_II_II_3261	Jacoben von Brúnn dem sneider	Jakob von Brunn der Schneider	m	 	 	 	 	sneider	Schneider	 	 	 	 	issuer	ev__SB_CD_00608	00608-eintrag_vom_1448-04-29.xml	1448-04-29			False	 	1448		
101	pe__barbara_SB_CD_00613	sy	Barbara Unverdrossen Unverdrossen	f	 	 	 	 	 	 	 	 	 	 	recipient	ev__SB_CD_00608	00608-eintrag_vom_1448-04-29.xml	1448-04-29			False	 	1448		
102	pe__johann_unverdrossen_SB_CD_00613	sy	Johann Unverdrossen Unverdrossen Helmschmied helmsmid	m	 	 	 	 	 	 	 	 	 	 	recipient	ev__SB_CD_00608	00608-eintrag_vom_1448-04-29.xml	1448-04-29			False	 	1448		
103	pe__johann_schuchl_SB_CD_00617	Hannsen Schúchl des goltsmids	Johann Schuchl der Goldschmied	m	 	 	 	 	goltsmids	Goldschmied	 	 	 	 	None	ev__SB_CD_00608	00608-eintrag_vom_1448-04-29.xml	1448-04-29			False	 	1448		
104	pe__georg_schrot_QGW_II_II_3733	hern Jorgen Schrot, kapplan Sand Peters cappellen zu Wienn und verweser der mess die weilent Eberhart Kasstner daselbs zu stifften geschafft hat	Georg Schrot	m	hern	Herr	 	 	 	 	 	 	kapplan; verweser	 ; Verweser	recipient	ev__SB_CD_00608	00608-eintrag_vom_1448-04-29.xml	1448-04-29			False	 	1448		
105	pe__konrad_mospach_SB_CD_00608	bruder Kunraten Mospach, prior	Konrad Mospach	m	bruder	Bruder	 	 	 	 	 	 	prior	Prior_in	recipient	ev__SB_CD_00608	00608-eintrag_vom_1448-04-29.xml	1448-04-29			False	 	1448		
106	pe__heinrich_rigel_QGW_II_II_3355	Hainreich Rigl	Heinrich Rigel	m	 	 	 	 	 	 	 	 	 	 	issuer	ev__SB_CD_00609	00609-eintrag_vom_1448-05-06.xml	1448-05-06			False	 	1448		
107	pe__georg_schuchler_QGW_II_II_3272	erbern weisen Jörgen Schúchler, statrichter hie zu Wienn	Georg Schuchler Schüchler	m	erbern; weisen	ehrbar; weise	 	 	 	 	 	 	statrichter	Richter	recipient	ev__SB_CD_00609	00609-eintrag_vom_1448-05-06.xml	1448-05-06			False	 	1448		
108	pe__johann_ofner_QGW_II_II_3171	Hanns Ofner, munsser	Johann Ofner der Münzer	m	 	 	 	 	munsser	 	 	 	 	 	issuer	ev__SB_CD_00610	00610-eintrag_vom_1448-05-29.xml	1448-05-29			False	 	1448		
109	pe__dorothea_SB_CD_00610	Dorothe, sein hausfrau	Dorothea Ofner	f	 	 	 	 	 	 	 	 	 	 	issuer	ev__SB_CD_00610	00610-eintrag_vom_1448-05-29.xml	1448-05-29			False	 	1448		
110	pe__peter_engelhartsstetter_QGW_II_II_3111	Petern Engelharsteter	Peter Engelhartsstetter	m	 	 	 	 	 	 	 	 	 	 	None	ev__SB_CD_00610	00610-eintrag_vom_1448-05-29.xml	1448-05-29			False	 	1448		
111	pe__niklas_zinkk_SB_CD_00610	ersamen geistlichen herren maister Niclasen Zingk, licentiat geistlicher rechten korherr zu Varaw und pharrer zu Fridberg	Niklas Zinkk	m	ersamen; herren; maister	 ; Herr; Meister	 	 	geistlichen; licentiat geistlicher rechten	 ;  	 	 	pharrer	Pfarrer	recipient	ev__SB_CD_00610	00610-eintrag_vom_1448-05-29.xml	1448-05-29			False	 	1448		
112	pe__johann_teuffenpekch_SB_CD_00611	Hanns Teuffenpekch, melbler	Johann Teuffenpekch Teuffenpekch melbler	m	 	 	 	 	melbler	 	 	 	 	 	issuer	ev__SB_CD_00612	00611-eintrag_vom_1448-06-21.xml	1448-06-21			False	 	1448		
113	pe__agnes_SB_CD_00611	Agnes, sein hausfrau	Agnes Teuffenpekch Teuffenpekch Lang	f	 	 	 	 	 	 	 	 	 	 	issuer	ev__SB_CD_00612	00611-eintrag_vom_1448-06-21.xml	1448-06-21			False	 	1448		
114	pe__margarethe_SB_CD_00611	Junkfraun Margrethen, der egnanten Agnesen tochter tochter die sy pey irm erern mann dem Langen Thoman gehabt hat	Margarethe Lang	f	Junkfraun	 	 	 	 	 	 	 	 	 	recipient	ev__SB_CD_00612	00611-eintrag_vom_1448-06-21.xml	1448-06-21			False	 	1448		
115	pe__thomas_lang_SB_CD_00611	erern mann dem Langen Thoman	Thomas Lang	m	 	 	 	 	 	 	 	 	 	 	None	ev__SB_CD_00612	00611-eintrag_vom_1448-06-21.xml	1448-06-21			True	1448-06-21	1448		
116	pe__johann_payr_schuster_QGW_II_II_3263	Hanns Pair, schuster	Johann Payr Payer Bayer der Schuster	m	 	 	 	 	schuster	Schuster	 	 	 	 	issuer	ev__SB_CD_00612	00612-eintrag_vom_1448-07-10.xml	1448-07-10			False	 	1448		
117	pe__heinrich_senftleben_QGW_II_II_3263	ersamen herren maister Hainreichen Senfftleben, obristen caplan unser fraun capellen gelegen in der burger rathaws hern Otten und Haymen stifftung	Heinrich Senftleben	m	ersamen; herren; maister	 ; Herr; Meister	 	 	 	 	 	 	obristen caplan	 	recipient	ev__SB_CD_00612	00612-eintrag_vom_1448-07-10.xml	1448-07-10			False	 	1448		
118	pe__johann_unverdrossen_SB_CD_00613	Hanns Unverdrossen, helmsmid	Johann Unverdrossen Unverdrossen Helmschmied helmsmid	m	 	 	 	 	helmsmid	 	 	 	 	 	issuer	ev__SB_CD_00613	00613-eintrag_vom_1448-07-17.xml	1448-07-17			False	 	1448		
119	pe__barbara_SB_CD_00613	Barbara, sein hausfrau	Barbara Unverdrossen Unverdrossen	f	 	 	 	 	 	 	 	 	 	 	issuer	ev__SB_CD_00613	00613-eintrag_vom_1448-07-17.xml	1448-07-17			False	 	1448		
120	pe__niklas_vorstl_QGW_II_II_3265	maister Niclasen Vörstl des wuntarczts	Niklas Vorstl der Wundarzt	m	maister	Meister	 	 	wuntarczts	 	 	 	 	 	None	ev__SB_CD_00613	00613-eintrag_vom_1448-07-17.xml	1448-07-17			False	 	1448		
121	pe__georg_schrot_QGW_II_II_3733	hern Jorgen Schrot, pharrer zu Manswerd obristen caplan Sand Peters cappellen und verweser der mess so Eberhart Kasstner pey Peilertor in derselben capellen zu stifften geschafft hat	Georg Schrot	m	hern	Herr	 	 	 	 	 	 	pharrer; obristen caplan; verweser	Pfarrer;  ; Verweser	recipient	ev__SB_CD_00613	00613-eintrag_vom_1448-07-17.xml	1448-07-17			False	 	1448		
122	pe__ulrich_pernauer_SB_CD_00613	Ulreichs Pernawer gurtler	Ulrich Pernauer	m	 	 	 	 	gurtler	 	 	 	 	 	None	ev__SB_CD_00613	00613-eintrag_vom_1448-07-17.xml	1448-07-17			False	 	1448		
123	pe__johann_huber_SB_CD_00613	ersamen herren maister Hannsen Huber, pharrer zu Hindperg, caplan Gotsleichnams altar under dem newen turren dacz Sand Michel der von Eslorn stifftung	Johann Huber	m	ersamen; herren; maister	 ; Herr; Meister	 	 	 	 	 	 	pharrer; caplan	Pfarrer; Kaplan	recipient	ev__SB_CD_00613	00613-eintrag_vom_1448-07-17.xml	1448-07-17			False	 	1448		
124	pe__johann_wuerer_QGW_II_II_2993	Hanns Wurer, vorsprech	Johann Würer	m	 	 	 	 	 	 	 	 	vorsprech	Vorsprech	issuer	ev__SB_CD_00614	00614-eintrag_vom_1448-07-29.xml	1448-07-29			False	 	1448		
125	pe__liebhard_weiss_SB_CD_00606	Liepharts Weissen	Liebhard Weiss	m	 	 	 	 	 	 	 	 	 	 	None	ev__SB_CD_00614	00614-eintrag_vom_1448-07-29.xml	1448-07-29			False	 	1448		
126	pe__heinrich_teufl_SB_CD_00614	erbern Hainreichen Tewffl, burger am Lauffen	Heinrich Teufl Tewffl	m	erbern	ehrbar	 	 	 	 	 	 	 	 	recipient	ev__SB_CD_00614	00614-eintrag_vom_1448-07-29.xml	1448-07-29			False	 	1448		
127	pe__johann_hinlauf_SB_CD_00616	Hanns Hinlauf	Johann Hinlauf Hinlauf	m	 	 	 	 	 	 	 	 	 	 	issuer	ev__SB_CD_00616	00616-eintrag_vom_1448-07-19.xml	1448-07-19			False	 	1448		
128	pe__agnes_SB_CD_00616	Agnes, sein hausfrau	Agnes Hinlauf Hinlauf	f	 	 	 	 	 	 	 	 	 	 	issuer	ev__SB_CD_00616	00616-eintrag_vom_1448-07-19.xml	1448-07-19			False	 	1448		
129	pe__georg_vom_ror_QGW_II_II_3714	hern Jorgen vom Ror	Georg vom Ror der Fleischacker	m	hern	Herr	 	 	 	 	 	 	 	 	None	ev__SB_CD_00616	00616-eintrag_vom_1448-07-19.xml	1448-07-19			False	 	1448		
130	pe__thomas_hadmar_SB_CD_00616	erwirdigen herren hern Thoman Hadmarn, techant dacz Sand Steffan zu Wienn, dieczeit kaplan Sand Achaczen cappellen auf dem Freithof daselbs gelegen	Thomas Hadmar	m	erwirdigen; herren; hern	 ; Herr; Herr	 	 	 	 	 	 	techant; kaplan	 ; Kaplan	recipient	ev__SB_CD_00616	00616-eintrag_vom_1448-07-19.xml	1448-07-19			False	 	1448		
131	pe__johann_schuchl_SB_CD_00617	Hanns Schúchl, goltsmid	Johann Schuchl der Goldschmied	m	 	 	 	 	goltsmid	Goldschmied	 	 	 	 	issuer	ev__SB_CD_00617	00617-eintrag_vom_1448-08-26.xml	1448-08-26			False	 	1448		
132	pe__ulrich_fochter_QGW_II_II_3228	Ulreichs Vochter sneider	Ulrich Fochter	m	 	 	 	 	sneider	Schneider	 	 	 	 	None	ev__SB_CD_00617	00617-eintrag_vom_1448-08-26.xml	1448-08-26			False	 	1448		
133	pe__johann_han_SB_CD_00617	erbern maister Hannsen Han, puchsenmaister	Johann Han der Büchsenmeister puchsenmeister	m	erbern; maister	ehrbar; Meister	 	 	puchsenmaister	 	 	 	 	 	recipient	ev__SB_CD_00617	00617-eintrag_vom_1448-08-26.xml	1448-08-26			False	 	1448		
134	pe__barbara_SB_CD_00617	Barbaren, seiner hausfraun	Barabara Han	f	 	 	 	 	 	 	 	 	 	 	recipient	ev__SB_CD_00617	00617-eintrag_vom_1448-08-26.xml	1448-08-26			False	 	1448		
135	pe__heinrich_eschlbach_SB_CD_00618	Hainrich Eschlbach, der brunner	Heinrich Eschlbach Eschlbach der brunner	m	 	 	 	 	brunner	Bruenner	 	 	 	 	issuer	ev__SB_CD_00618	00618-eintrag_vom_1448-09-02.xml	1448-09-02			False	 	1448		
136	pe__margarethe_SB_CD_00618	Margreth, sein hausfrau	Margarethe Eschlbach	f	 	 	 	 	 	 	 	 	 	 	issuer	ev__SB_CD_00618	00618-eintrag_vom_1448-09-02.xml	1448-09-02			False	 	1448		
137	pe__friedrich_koch_SB_CD_00618	Fridreichs kochs	Friedrich Koch der Koch	m	 	 	 	 	kochs	 	 	 	 	 	None	ev__SB_CD_00618	00618-eintrag_vom_1448-09-02.xml	1448-09-02			False	 	1448		
138	pe__georg_brunntaler_SB_CD_00618	erbern Jorgen Bruntaler, kirchmaister zu Sand Michel	Georg Brunntaler	m	erbern	ehrbar	 	 	 	 	 	 	kirchmaister	 	recipient	ev__SB_CD_00618	00618-eintrag_vom_1448-09-02.xml	1448-09-02			False	 	1448		
139	pe__heinrich_eschlbach_SB_CD_00618	Hainreich Eschlbach, der brunner	Heinrich Eschlbach Eschlbach der brunner	m	 	 	 	 	brunner	Bruenner	 	 	 	 	issuer	 	00619-eintrag_vom_1448-09-04.xml	1448-09-04			False	 	1448		
140	pe__margarethe_SB_CD_00618	Margreth, sein hausfrau	Margarethe Eschlbach	f	 	 	 	 	 	 	 	 	 	 	issuer	 	00619-eintrag_vom_1448-09-04.xml	1448-09-04			False	 	1448		
141	pe__johann_unverdrossen_SB_CD_00619	Hannsen Unverdrossen des plattner	Johann Unverdrossen Unverdrossen der Plattner der plattner	m	 	 	 	 	plattner	Plattner	 	 	 	 	None	 	00619-eintrag_vom_1448-09-04.xml	1448-09-04			False	 	1448		
142	pe__leonhard_von_stein_SB_CD_00619	ersamen herren maister Linharten von Stain, dieczeit caplan der ewigen messe die weilent der Lorberer auf Sand Jacobs altar in Sand Michels kirchen zu Wienn gestifft hat	Leonhard von Stein	m	ersamen; herren; maister	 ; Herr; Meister	 	 	 	 	 	 	caplan	Kaplan	recipient	 	00619-eintrag_vom_1448-09-04.xml	1448-09-04			False	 	1448		
143	pe__johann_kieler_SB_CD_00620	Hanns Kieler	Johann Kieler Chieler	m	 	 	 	 	 	 	 	 	 	 	issuer	ev__SB_CD_00620	00620-eintrag_vom_1448-11-20.xml	1448-11-20			False	 	1448		
144	pe__ulrich_floederl_QGW_II_II_3238	Ulreichs Floderl slosser	Ulrich Flöderl der Schlosser	m	 	 	 	 	slosser	Schlosser	 	 	 	 	None	ev__SB_CD_00620	00620-eintrag_vom_1448-11-20.xml	1448-11-20			False	 	1448		
145	pe__barbara_SB_CD_00620	hausfraun Barbaren	Barbara Kielerin Neugrunerin Kanstorfferin	f	 	 	 	 	 	 	 	 	 	 	recipient	ev__SB_CD_00620	00620-eintrag_vom_1448-11-20.xml	1448-11-20			False	 	1448		
146	pe__niklas_neugruener_SB_CD_00620	Niclasen des Newgruner seligen	Niklas Neugrüner	m	 	 	 	 	 	 	 	 	 	 	recipient	ev__SB_CD_00620	00620-eintrag_vom_1448-11-20.xml	1448-11-20			True	1448-11-20	1448		
147	pe__johann_hermann_SB_CD_00621	Hanns Herman	Johann Hermann	m	 	 	 	 	 	 	 	 	 	 	issuer	ev__SB_CD_00621	00621-eintrag_vom_1448-11-27.xml	1448-11-27			False	 	1448		
148	pe__johann_ungerland_SB_CD_00621	erbern Hannsen Ungerlandt, erhalt des kunigkreichs zu Ungern	Johann Ungerland	m	erbern	ehrbar	 	 	 	 	 	 	erhalt	 	recipient	ev__SB_CD_00621	00621-eintrag_vom_1448-11-27.xml	1448-11-27			False	 	1448		
149	pe__johann_zuchtig_SB_CD_00622	Züchtig Hanns	Johann Zuchtig	m	 	 	 	 	 	 	 	 	 	 	issuer	ev__SB_CD_00622	00622-eintrag_vom_1448-12-09.xml	1448-12-09			False	 	1448		
150	pe__jakob_rechwein_QGW_II_II_3242	Jacoben des Rechwein	Jakob Rechwein	m	 	 	 	 	 	 	 	 	 	 	None	ev__SB_CD_00622	00622-eintrag_vom_1448-12-09.xml	1448-12-09			False	 	1448		
151	pe__niklas_krotendorfer_SB_CD_00622	ersamen herren maister Niclasen Krotendorffer	Niklas Krotendorffer	m	ersamen; herren; maister	 ; Herr; Meister	 	 	 	 	 	 	 	 	recipient	ev__SB_CD_00622	00622-eintrag_vom_1448-12-09.xml	1448-12-09			False	 	1448		
152	pe__johann_frey_SB_CD_00623	Hanns Frey, parhander	Johann Frey der parhander	m	 	 	 	 	parhander	 	 	 	 	 	issuer	ev__SB_CD_00623	00623-eintrag_vom_1448-12-13.xml	1448-12-13			False	 	1448		
153	pe__johann_hoephl_SB_CD_00618	Hannsen Höphl	Johann Höphl	m	 	 	 	 	 	 	 	 	 	 	None	ev__SB_CD_00623	00623-eintrag_vom_1448-12-13.xml	1448-12-13			False	 	1448		
154	pe__johann_meczinger_SB_CD_00623	hern Hannsen Méczinger, caplan der mess so Dietreich Fluschart auf unser fraun altar zu Sand Steffan gestifft hat	Johann Meczinger	m	hern	Herr	 	 	 	 	 	 	caplan	Kaplan	recipient	ev__SB_CD_00623	00623-eintrag_vom_1448-12-13.xml	1448-12-13			False	 	1448		
155	pe__dietrich_flusthart_SB_CD_00623	Dietreich Fluschart	Dietrich Flusthart Flusthart	m	 	 	 	 	 	 	 	 	 	 	issuer	ev__SB_CD_00623	00623-eintrag_vom_1448-12-13.xml	1448-12-13			False	 	1448		
156	pe__johann_weilhaimer_SB_CD_00626	Hanns Weilhaimer, goltslaher	Johann Weilhaimer der goltslaher	m	 	 	 	 	goltslaher	Goldschmied	 	 	 	 	issuer	ev__SB_CD_00624	00624-eintrag_vom_1448-09-23.xml	1448-09-23			False	 	1448		
157	pe__johann_strempfl_QGW_II_II_3276	Hannsen Stremphl	Johann Stremphl	m	 	 	 	 	 	 	 	 	 	 	None	ev__SB_CD_00624	00624-eintrag_vom_1448-09-23.xml	1448-09-23			False	 	1448		
158	pe__stephan_sorgenfrey_SB_CD_00624	Steffans Sorgenfrey des huter	Stephan Sorgenfrey der Huter	m	 	 	 	 	huter	 	 	 	 	 	None	ev__SB_CD_00624	00624-eintrag_vom_1448-09-23.xml	1448-09-23			False	 	1448		
159	pe__christian_widhacker_SB_CD_00626	hern Kristan dem Widhakcher, kaplan der mess die Hainreich Purkchartsperger dacz Sand Steffan gestifft hat	Christian Widhacker	m	hern	Herr	 	 	 	 	 	 	kaplan	Kaplan	recipient	ev__SB_CD_00624	00624-eintrag_vom_1448-09-23.xml	1448-09-23			False	 	1448		
160	pe__heinrich_purkchartsperger_QGW_II_I_1560	Hainreich Purkchartsperger	Heinrich Purkchartsperger	m	 	 	 	 	 	 	 	 	 	 	issuer	ev__SB_CD_00624	00624-eintrag_vom_1448-09-23.xml	1448-09-23			False	 	1448		
161	pe__johann_hermann_SB_CD_00621	Hanns Herman	Johann Hermann	m	 	 	 	 	 	 	 	 	 	 	issuer	ev__SB_CD_00625	00625-eintrag_vom_1448-12-11.xml	1448-12-11			False	 	1448		
162	pe__georg_von_nikolsburg_QGW_II_II_2373	Jörgen von Nicolspurg	Georg von Nikolsburg	m	 	 	 	 	 	 	 	 	 	 	None	ev__SB_CD_00625	00625-eintrag_vom_1448-12-11.xml	1448-12-11			False	 	1448		
163	pe__ulrich_von_steyr_SB_CD_00625	weilent Ulreichs von Steir	Ulrich von Steyr	m	 	 	 	 	 	 	 	 	 	 	None	ev__SB_CD_00625	00625-eintrag_vom_1448-12-11.xml	1448-12-11			True	1448-06-23	1448		
164	pe__katharina_SB_CD_00625	erbern Kathrein, seiner hausfraun	Katharina Hermann	f	erbern	ehrbar	 	 	 	 	 	 	 	 	recipient	ev__SB_CD_00625	00625-eintrag_vom_1448-12-11.xml	1448-12-11			False	 	1448		
165	pe__johann_weilhaimer_SB_CD_00626	Hanns Weilhaimer, der goltslaher	Johann Weilhaimer der goltslaher	m	 	 	 	 	goltslaher	Goldschmied	 	 	 	 	issuer	ev__SB_CD_00626	00626-eintrag_vom_1448-12-20.xml	1448-12-20			False	 	1448		
166	pe__heinrich_maler_SB_CD_00626	Hainreichs Maler	Heinrich Maler	m	 	 	 	 	 	 	 	 	 	 	None	ev__SB_CD_00626	00626-eintrag_vom_1448-12-20.xml	1448-12-20			False	 	1448		
167	pe__lorenz_swarcz_SB_CD_00626	Larenczen Swarcz	Lorenz Swarcz	m	 	 	 	 	 	 	 	 	 	 	None	ev__SB_CD_00626	00626-eintrag_vom_1448-12-20.xml	1448-12-20			False	 	1448		
168	pe__johann_von_waetsch_SB_CD_00626	her Hannsen von Wätsch, kaplan der messe die her Kunrat pfarrer zu Rakerspurg auf Sant Jorgen und Sand Erasms altar in Sant Michls pfarrkirchen gestifft hat	Johann von Wätsch	m	her	Herr	 	 	 	 	 	 	kaplan	Kaplan	recipient	ev__SB_CD_00626	00626-eintrag_vom_1448-12-20.xml	1448-12-20			False	 	1448		
169	pe__konrad_SB_CD_00626	her Kunrat pfarrer zu Rakerspurg	Konrad	m	her	Herr	 	 	 	 	 	 	pfarrer	Pfarrer	issuer	ev__SB_CD_00626	00626-eintrag_vom_1448-12-20.xml	1448-12-20			False	 	1448		
170	pe__heinrich_wurm_SB_CD_00627	Hainreich Wurm, pekch	Heinrich Wurm der pekch	m	 	 	 	 	pekch	Baecker	 	 	 	 	issuer	ev__SB_CD_00627	00627-eintrag_vom_1448-12-20.xml	1448-12-20			False	 	1448		
171	pe__simon_lempl_QGW_II_II_4131	erbern Symon Lémpl pekchen geschefftleuten zu handen zu handen zu handen	Simon Lempl der pekch	m	erbern	ehrbar	geschefftleuten; zu handen; zu handen; zu handen	 ;  ;  ;  	pekchen	Baecker	 	 	 	 	recipient	ev__SB_CD_00627	00627-eintrag_vom_1448-12-20.xml	1448-12-20			False	 	1448		
172	pe__wilhelm_von_freising_QGW_II_II_4106	erbern Wilhalmen von Freising pekchen geschefftleuten zu handen zu handen zu handen	Wilhelm von Freising der pekch	m	erbern	ehrbar	geschefftleuten; zu handen; zu handen; zu handen	 ;  ;  ;  	pekchen	Baecker	 	 	 	 	recipient	ev__SB_CD_00627	00627-eintrag_vom_1448-12-20.xml	1448-12-20			False	 	1448		
173	pe__niklas_pehem_SB_CD_00627	erbern Niclasen Pehem, den pekchen Erharts Smidpekchen seligen geschefftleuten zu handen zu handen zu handen	Niklas Pehem der pekch	m	erbern	ehrbar	geschefftleuten; zu handen; zu handen; zu handen	 ;  ;  ;  	pekchen	Baecker	 	 	 	 	recipient	ev__SB_CD_00627	00627-eintrag_vom_1448-12-20.xml	1448-12-20			False	 	1448		
174	pe__erhard_smidpekch_QGW_II_II_3043	Erharts Smidpekchen seligen	Erhard Smidpekch	m	 	 	 	 	 	 	 	 	 	 	None	ev__SB_CD_00627	00627-eintrag_vom_1448-12-20.xml	1448-12-20			True	1448-12-20	1448		
175	pe__heinrich_smidpekch_SB_CD_00627	Hainreichen kinder	Heinrich Smidpekch	m	 	 	 	 	 	 	 	 	 	 	None	ev__SB_CD_00627	00627-eintrag_vom_1448-12-20.xml	1448-12-20			False	 	1448		
176	pe__margarethe_SB_CD_00627	Margrethen kinder	Margarethe Smidpekch	f	 	 	 	 	 	 	 	 	 	 	None	ev__SB_CD_00627	00627-eintrag_vom_1448-12-20.xml	1448-12-20			False	 	1448		
177	pe__anna_QGW_II_II_3679	Annen, desselben Smidpekchen kinder	Anna Smidpekch	f	 	 	 	 	 	 	 	 	 	 	None	ev__SB_CD_00627	00627-eintrag_vom_1448-12-20.xml	1448-12-20			False	 	1448		
178	pe__georg_krumpp_SB_CD_00966	Jorg Krumpp, der pinter	Georg Krumpp der Binder	m	 	 	 	 	pinter	Binder	 	 	 	 	issuer	ev__SB_CD_00966	00966-eintrag_vom_1448-06-07.xml	1448-06-07			False	 	1448		
179	pe__wolfgang_von_hallstadt_SB_CD_00966	hern Wolfgangen von Hallstat, capplan der mezz so fraw Dorothe die Poschin auf Sand Blasien altar zu Sant Steffan gestifft hat	Wolfgang von Hallstadt	m	hern	Herr	 	 	 	 	 	 	capplan	 	recipient	ev__SB_CD_00966	00966-eintrag_vom_1448-06-07.xml	1448-06-07			False	 	1448		
180	pe__dorothea_poschin_SB_CD_00966	fraw Dorothe die Poschin	Dorothea Posch Poschin	f	fraw	Frau	 	 	 	 	 	 	 	 	None	ev__SB_CD_00966	00966-eintrag_vom_1448-06-07.xml	1448-06-07			False	 	1448		
181	pe__thomas_swarcz_QGW_II_II_2673	erbern weisen Thomanen Swartz, spitalmaister der burgerspital	Thomas Swarcz	m	erbern; weisen	ehrbar; weise	 	 	 	 	 	 	spitalmaister	Spitalmeister	recipient	ev__SB_CD_00966	00966-eintrag_vom_1448-06-07.xml	1448-06-07			False	 	1448		
182	pe__jakob_straiffing_QGW_II_III_2360	Jacob Straiffing	Jakob Straiffing der Zinngiesser	m	 	 	 	 	 	 	 	 	 	 	issuer	ev__SB_CD_00968	00968-eintrag_vom_1448-07-10.xml	1448-07-10			False	 	1448		
183	pe__peter_obrecht_QGW_II_III_2464	Peter Obrecht, zingiesser	Peter Obrecht der Zinngiesser	m	 	 	 	 	zingiesser	Zinngiesser	 	 	 	 	issuer	ev__SB_CD_00968	00968-eintrag_vom_1448-07-10.xml	1448-07-10			False	 	1448		
184	pe__erhard_neunkircher_QGW_II_II_3274	maister Erharts Newnkircher des glokengiesser	Erhard Neunkircher der Glockengießer	m	maister	Meister	 	 	glokengiesser	 	 	 	 	 	None	ev__SB_CD_00968	00968-eintrag_vom_1448-07-10.xml	1448-07-10			False	1448-09-13	1448		
185	pe__heinrich_stoll_SB_CD_00968	Hainrich Stolln des pekchen	Heinrich Stoll der pekch	m	 	 	 	 	pekchen	Baecker	 	 	 	 	None	ev__SB_CD_00968	00968-eintrag_vom_1448-07-10.xml	1448-07-10			False	 	1448		
186	pe__dorothea_SB_CD_00968	erbern fraun Dorothen, Hannsen Veder des gurtler hausfrawn die emalen den benanten maister Erharten seligen auch emalen elichen gehabt hat	Dorothea Veder Neunkirchner	f	erbern; fraun	ehrbar; Frau	 	 	 	 	 	 	 	 	recipient	ev__SB_CD_00968	00968-eintrag_vom_1448-07-10.xml	1448-07-10			False	 	1448		
187	pe__johann_veder_SB_CD_00968	Hannsen Veder des gurtler	Johann Veder der Gürtler	m	 	 	 	 	gurtler	 	 	 	 	 	None	ev__SB_CD_00968	00968-eintrag_vom_1448-07-10.xml	1448-07-10			False	 	1448		
188	pe__georg_zwettler_QGW_II_II_2927	Jorg Zwetler, eysenczieher hinder Sand Pangreczen	Georg Zwettler der Eisenzieher hinter St. Pankraz	m	 	 	 	 	eysenczieher	 	 	 	 	 	issuer	ev__SB_CD_00969	00969-eintrag_vom_1448-10-30.xml	1448-10-30			False	 	1448		
189	pe__elisabeth_SB_CD_00969	Elsbet sein hausfraw	Elisabeth Zwettler	f	 	 	 	 	 	 	 	 	 	 	issuer	ev__SB_CD_00969	00969-eintrag_vom_1448-10-30.xml	1448-10-30			False	 	1448		
190	pe__michael_hiltprant_QGW_II_II_2417	Hiltprants des smids	Michael Hiltprant der Schmied	m	 	 	 	 	smids	 	 	 	 	 	None	ev__SB_CD_00969	00969-eintrag_vom_1448-10-30.xml	1448-10-30			False	 	1448		
191	pe__lorenz_rat_SB_CD_00969	erbern herren herren Larenczen Rat, kaplan der mezz die Hanns Reichel hinder Sant Pangréczn auf dem letter zu Sand Michel gestifft hat	Lorenz Rat	m	erbern; herren; herren	ehrbar; Herr; Herr	 	 	 	 	 	 	kaplan	Kaplan	recipient	ev__SB_CD_00969	00969-eintrag_vom_1448-10-30.xml	1448-10-30			False	 	1448		
192	pe__johann_reichl_SB_CD_00969	Hanns Reichel hinder Sant Pangréczn	Johann Reichl hinter St. Pankraz	m	 	 	 	 	 	 	 	 	 	 	issuer	ev__SB_CD_00969	00969-eintrag_vom_1448-10-30.xml	1448-10-30			False	 	1448		
193	pe__jakob_schutwempl_SB_CD_00970	Jacob Schutwémpl, vastzieher	Jakob Schutwémpl der Fasszieher	m	 	 	 	 	vastzieher	 	 	 	 	 	issuer	ev__SB_CD_00970	00970-eintrag_vom_1448-11-20.xml	1448-11-20			False	 	1448		
194	pe__peter_von_aspern_SB_CD_00970	hern Petern von Asparn	Peter von Aspern	m	hern	Herr	 	 	 	 	 	 	 	 	None	ev__SB_CD_00970	00970-eintrag_vom_1448-11-20.xml	1448-11-20			False	 	1448		
195	pe__kaspar_SB_CD_00970	erbern herren herren Kasparn, dieczeit cantor zu Sand Steffan zu Wienn	Kaspar	m	erbern; herren; herren	ehrbar; Herr; Herr	 	 	 	 	 	 	cantor	Kantor	recipient	ev__SB_CD_00970	00970-eintrag_vom_1448-11-20.xml	1448-11-20			False	 	1448		
196	pe__georg_muenich_QGW_II_II_3410	Jorg	Georg Münich	m	 	 	 	 	 	 	 	 	 	 	issuer	ev__SB_CD_00971	00971-eintrag_vom_1448-12-16.xml	1448-12-16			False	 	1448		
197	pe__jakob_muenich_QGW_II_II_3410	Jacob, gepruder die Münich	Jakob Münich	m	 	 	 	 	 	 	 	 	 	 	issuer	ev__SB_CD_00971	00971-eintrag_vom_1448-12-16.xml	1448-12-16			False	 	1448		
198	pe__peter_von_nussdorf_QGW_II_II_2963	Petern von Nusdorf des sneider	Peter von Nussdorf der Schneider	m	 	 	 	 	sneider	Schneider	 	 	 	 	None	ev__SB_CD_00971	00971-eintrag_vom_1448-12-16.xml	1448-12-16			False	 	1448		
199	pe__matthias_seirer_SB_CD_00971	hern Mathesen Seirer, caplan der messe die Hainreich Kessler auf allerheiligen altar zu Sant Steffan gestifft hat	Matthias Seirer	m	hern	Herr	 	 	 	 	 	 	caplan	Kaplan	recipient	ev__SB_CD_00971	00971-eintrag_vom_1448-12-16.xml	1448-12-16			False	 	1448		
200	pe__heinrich_chessler_SB_CD_00971	Hainreich Kessler	Heinrich Chessler	m	 	 	 	 	 	 	 	 	 	 	issuer	ev__SB_CD_00971	00971-eintrag_vom_1448-12-16.xml	1448-12-16			False	 	1448		
201	pe__kunigunde_QGW_II_III_4053	Kunigund, Hannsen des Hagen seligen witib	Kunigunde Hagen	f	 	 	 	 	 	 	 	 	 	 	issuer	ev__SB_CD_01099	01099-eintrag_vom_1448-02-20.xml	1448-02-20			False	 	1448		
202	pe__johann_hagen_QGW_II_III_4053	Hannsen des Hagen seligen	Johann Hagen	m	 	 	 	 	 	 	 	 	 	 	None	ev__SB_CD_01099	01099-eintrag_vom_1448-02-20.xml	1448-02-20			True	1448-02-20	1448		
203	pe__johann_kollendorffer_SB_CD_01099	erbern Hannsen Kollendorffer	Johann Kollendorffer	m	erbern	ehrbar	 	 	 	 	 	 	 	 	recipient	ev__SB_CD_01099	01099-eintrag_vom_1448-02-20.xml	1448-02-20			False	 	1448		
204	pe__anna_SB_CD_01099	tochtern junkfraun Annen	Anna Kollendorffer	f	 	 	 	 	 	 	 	 	 	 	recipient	ev__SB_CD_01099	01099-eintrag_vom_1448-02-20.xml	1448-02-20			False	 	1448		
205	pe__klara_SB_CD_01099	tochtern Klarn	Klara Kollendorffer	f	 	 	 	 	 	 	 	 	 	 	recipient	ev__SB_CD_01099	01099-eintrag_vom_1448-02-20.xml	1448-02-20			False	 	1448		
206	pe__dorothea_SB_CD_01099	tochtern Dorothen	Dorothea Kollendorffer	f	 	 	 	 	 	 	 	 	 	 	recipient	ev__SB_CD_01099	01099-eintrag_vom_1448-02-20.xml	1448-02-20			False	 	1448		
207	pe__kunigunde_SB_CD_01099	tochtern Kunigunden	Kunigunde Kollendorffer	f	 	 	 	 	 	 	 	 	 	 	recipient	ev__SB_CD_01099	01099-eintrag_vom_1448-02-20.xml	1448-02-20			False	 	1448		
208	pe__katharina_SB_CD_01100	Kathrey, Wentzlaben Grat des schuster hausfrau	Katharina Grat	f	 	 	 	 	 	 	 	 	 	 	issuer	ev__SB_CD_01100	01100-eintrag_vom_1448-04-29.xml	1448-04-29			False	 	1448		
209	pe__wenzel_grat_QGW_II_III_4253	Wentzlaben Grat des schuster	Wenzel Grat der Schuster	m	 	 	 	 	schuster	Schuster	 	 	 	 	None	ev__SB_CD_01100	01100-eintrag_vom_1448-04-29.xml	1448-04-29			False	 	1448		
210	pe__niklas_saur_SB_CD_01100	Niclasen Sawr schuster	Niklas Saur der Schuster	m	 	 	 	 	schuster	Schuster	 	 	 	 	None	ev__SB_CD_01100	01100-eintrag_vom_1448-04-29.xml	1448-04-29			False	 	1448		
211	pe__erasmus_vinkch_QGW_II_II_3328	erbern Erasm Vinkch schustern anstat und zuhanden	Erasmus Vinkch der Schuster	m	erbern	ehrbar	anstat und zuhanden	rechtlicher_Vertreter_in	schustern	 	 	 	 	 	recipient	ev__SB_CD_01100	01100-eintrag_vom_1448-04-29.xml	1448-04-29			False	 	1448		
212	pe__matthias_kuntschikch_SB_CD_01100	erbern Mathesen Kuntschikch, den schustern anstat und zuhanden	Matthias Kuntschikch der Schuster	m	erbern	ehrbar	anstat und zuhanden	rechtlicher_Vertreter_in	schustern	 	 	 	 	 	recipient	ev__SB_CD_01100	01100-eintrag_vom_1448-04-29.xml	1448-04-29			False	 	1448		
213	pe__anna_SB_CD_01100	junkfraun Annen, Hainrichen Unverdrossen des schuster seligen tochter	Anna Unverdrossen Unverdrossen	f	 	 	 	 	 	 	 	 	 	 	None	ev__SB_CD_01100	01100-eintrag_vom_1448-04-29.xml	1448-04-29			False	 	1448		
214	pe__heinrich_unverdrossen_SB_CD_01100	Hainrichen Unverdrossen des schuster seligen	Heinrich Unverdrossen Unverdrossen Helmschied helmsmid	m	 	 	 	 	schuster	Schuster	 	 	 	 	None	ev__SB_CD_01100	01100-eintrag_vom_1448-04-29.xml	1448-04-29			True	1448-04-29	1448		
215	pe__leonhard_gruenpacher_QGW_II_II_2953	Lienhart Grúnpacher	Leonhard Grünpacher	m	 	 	 	 	 	 	 	 	 	 	issuer	ev__SB_CD_01146	01146-eintrag_vom_1448-04-12.xml	1448-04-12			False	 	1448		
216	pe__leonhard_gruenpacher_QGW_II_II_2953	er	Leonhard Grünpacher	m	 	 	 	 	 	 	 	 	 	 	issuer	ev__SB_CD_01146	01146-eintrag_vom_1448-04-12.xml	1448-04-12			False	 	1448		
217	pe__anna_QGW_II_II_2953	seiner hausfraun Annen	Anna Grünpacher	f	 	 	 	 	 	 	 	 	 	 	recipient	ev__SB_CD_01146	01146-eintrag_vom_1448-04-12.xml	1448-04-12			False	 	1448		
218	pe__johann_von_maires_QGW_II_II_3818	ersamen herren maister Hannsen von Meirs, tumbherren zu Passaw pharrer zu Gars und kanczler anstat und als geschefftherren und als geschefftherren	Johann von Maires	m	ersamen; herren; maister	 ; Herr; Meister	anstat; und als geschefftherren; und als geschefftherren	rechtlicher_Vertreter_in;  ;  	 	 	 	 	pharrer; kanczler	Pfarrer;  	recipient	ev__SB_CD_01146	01146-eintrag_vom_1448-04-12.xml	1448-04-12			False	 	1448		
219	pe__niklas_ernst_SB_CD_01146	erbern Niclasen Ernst, burger zu Wienn, anstat und als geschefftherren und als geschefftherren	Niklas Ernst	m	erbern	ehrbar	anstat; und als geschefftherren; und als geschefftherren	rechtlicher_Vertreter_in;  ;  	 	 	 	 	 	 	recipient	ev__SB_CD_01146	01146-eintrag_vom_1448-04-12.xml	1448-04-12			False	 	1448		
220	pe__katharina_QGW_II_II_3482a	junkfraun Kathrein, Ulreichs Phanczagl seligen und Barbaren seiner hausfraun seligen tochter tochter , die noch nicht vogtper ist	Katharina Phanczaglin	f	 	 	 	 	 	 	 	 	 	 	None	ev__SB_CD_01146	01146-eintrag_vom_1448-04-12.xml	1448-04-12			False	 	1448		
221	pe__ulrich_phanczagl_QGW_II_II_2630	Ulreichs Phanczagl seligen	Ulrich Phanczagl	m	 	 	 	 	 	 	 	 	 	 	None	ev__SB_CD_01146	01146-eintrag_vom_1448-04-12.xml	1448-04-12			True	1448-04-12	1448		
222	pe__barbara_QGW_II_II_3482a	Barbaren seiner hausfraun seligen	Barbara Phanczaglin	f	 	 	 	 	 	 	 	 	 	 	None	ev__SB_CD_01146	01146-eintrag_vom_1448-04-12.xml	1448-04-12			True	1448-04-12	1448		
223	pe__lorenz_krakauer_SB_CD_01147	Larencz Krakawer, helmsmid	Lorenz Krakauer der Helmschmied	m	 	 	 	 	helmsmid	 	 	 	 	 	issuer	ev__SB_CD_01147	01147-eintrag_vom_1448-04-29.xml	1448-04-29			False	 	1448		
224	pe__johann_peinhekchel_QGW_II_II_3111	Hannsen Painhékchl des Brúnner	Johann Peinhekchl der Brunner	m	 	 	 	 	Brúnner	 	 	 	 	 	None	ev__SB_CD_01147	01147-eintrag_vom_1448-04-29.xml	1448-04-29			False	 	1448		
225	pe__georg_brunntaler_SB_CD_00618	erbern weisen Jorgen Bruntaler, kirchmaister Sand Michels kirchen, und seinen nachkomen	Georg Brunntaler	m	erbern; weisen	ehrbar; weise	 	 	 	 	 	 	kirchmaister	 	recipient	ev__SB_CD_01147	01147-eintrag_vom_1448-04-29.xml	1448-04-29			False	 	1448		
226	pe__leonhard_kriech_QGW_II_II_3126	Lienhart Kriech, Hannsen Kriechen des kursner seligen sun	Leonhard Kriech	m	 	 	 	 	 	 	 	 	 	 	issuer	ev__SB_CD_01148	01148-eintrag_vom_1448-05-17.xml	1448-05-17			False	 	1448		
227	pe__johann_kriech_QGW_II_II_3126	Hannsen Kriechen des kursner seligen	Johann Kriech	m	 	 	 	 	kursner	Kuerschner	 	 	 	 	None	ev__SB_CD_01148	01148-eintrag_vom_1448-05-17.xml	1448-05-17			True	1448-05-17	1448		
228	pe__martin_wachsgiesser_QGW_II_I_1494	Martine des Wachsgiesser	Martin der Wachsgiesser	m	 	 	 	 	Wachsgiesser	Wachsgiesser	 	 	 	 	None	ev__SB_CD_01148	01148-eintrag_vom_1448-05-17.xml	1448-05-17			False	 	1448		
229	pe__elisabeth_SB_CD_01148	edeln fraun Elspethen, Wolfgangen des Réwtter seligen witiben	Elisabeth Reuter	f	edeln; fraun	edel; Frau	 	 	 	 	 	 	 	 	recipient	ev__SB_CD_01148	01148-eintrag_vom_1448-05-17.xml	1448-05-17			False	 	1448		
230	pe__wolfgang_reuter_SB_CD_01148	Wolfgangen des Réwtter seligen	Wolfgang Reuter	m	 	 	 	 	 	 	 	 	 	 	None	ev__SB_CD_01148	01148-eintrag_vom_1448-05-17.xml	1448-05-17			True	1448-05-17	1448		
231	pe__lorenz_swarcz_SB_CD_00626	Lorentz Swartz	Lorenz Swarcz	m	 	 	 	 	 	 	 	 	 	 	issuer	ev__SB_CD_01149	01149-eintrag_vom_1448-09-02.xml	1448-09-02			False	 	1448		
232	pe__katharina_SB_CD_01149	Kathreý, sein hawsfraw	Lorenz Swarczin	f	 	 	 	 	 	 	 	 	 	 	issuer	ev__SB_CD_01149	01149-eintrag_vom_1448-09-02.xml	1448-09-02			False	 	1448		
233	pe__barbara_SB_CD_01149	erbern frawn Barbaren, Casparn Scharf seligen wittib	Barbara Scharfin	f	erbern; frawn	ehrbar;  	 	 	 	 	 	 	 	 	recipient	ev__SB_CD_01149	01149-eintrag_vom_1448-09-02.xml	1448-09-02			False	 	1448		
234	pe__kaspar_scharf_SB_CD_01149	Casparn Scharf seligen	Kaspar Scharf	m	 	 	 	 	 	 	 	 	 	 	None	ev__SB_CD_01149	01149-eintrag_vom_1448-09-02.xml	1448-09-02			True	1448-09-02	1448		
235	pe__leonhard_kriech_QGW_II_II_3126	Linhart Kriech hat für	Leonhard Kriech	m	 	 	für	rechtlicher_Vertreter_in	 	 	 	 	 	 	issuer	ev__SB_CD_01150	01150-eintrag_vom_1448-03-04.xml	1448-03-04			False	 	1448		
236	pe__friedrich_von_minden_SB_CD_01150	seinen steufvater Fridreichen von Minden den kursner	Friedrich von Minden der Kursner	m	 	 	 	 	kursner	Kuerschner	 	 	 	 	None	ev__SB_CD_01150	01150-eintrag_vom_1448-03-04.xml	1448-03-04			False	 	1448		
237	pe__georg_schuchler_QGW_II_II_3272	Jorgen Schuchler	Georg Schuchler Schüchler	m	 	 	 	 	 	 	 	 	 	 	None	ev__SB_CD_01150	01150-eintrag_vom_1448-03-04.xml	1448-03-04			False	 	1448		
238	pe__elisabeth_SB_CD_01150	fraw Elsbet Wolfgangs des Kerntter witib witib	Elisabeth Kerntterin	f	fraw	Frau	 	 	 	 	 	 	 	 	recipient	ev__SB_CD_01150	01150-eintrag_vom_1448-03-04.xml	1448-03-04			False	 	1448		
239	pe__wolfgang_kerntter_SB_CD_01150	Wolfgangs des Kerntter witib	Wolfgang Kerntter	m	 	 	 	 	 	 	 	 	 	 	None	ev__SB_CD_01150	01150-eintrag_vom_1448-03-04.xml	1448-03-04			True	1448-03-04	1448		
240	pe__johann_putzl_SB_CD_01150	erbern Hannsen Püczel burger zu Lindau	Johann Putzl Püczel	m	erbern	ehrbar	 	 	 	 	 	 	 	 	recipient	ev__SB_CD_01150	01150-eintrag_vom_1448-03-04.xml	1448-03-04			False	 	1448		
241	pe__michael_viregk_SB_CD_01239	Michel Viregk	Michael Viregk	m	 	 	 	 	 	 	 	 	 	 	issuer	ev__SB_CD_01239	01239-eintrag_vom_1448-03-13.xml	1448-03-13			False	 	1448		
242	pe__lorenz_swancz_QGW_II_II_2627	Larenczen des Swancz	Lorenz Swancz	m	 	 	 	 	 	 	 	 	 	 	None	ev__SB_CD_01239	01239-eintrag_vom_1448-03-13.xml	1448-03-13			False	 	1448		
243	pe__katharina_SB_CD_01239	Seiner hausfraun Kathrein, die emalen Wenczlaben kaufman burger zu Kornnewnburg auch elichen gehabt hat	Katharina Viregk	f	 	 	 	 	 	 	 	 	 	 	recipient	ev__SB_CD_01239	01239-eintrag_vom_1448-03-13.xml	1448-03-13			False	 	1448		
244	pe__wenzel_SB_CD_1239	emalen Wenczlaben kaufman burger zu Kornnewnburg	Wenzel der Kaufmann	m	 	 	 	 	kaufman	 	 	 	 	 	None	ev__SB_CD_01239	01239-eintrag_vom_1448-03-13.xml	1448-03-13			True	1448-03-13	1448		
245	pe__ambrosius_SB_CD_1239	Ambrosien kindern kindern	Ambrosius	m	 	 	 	 	 	 	 	 	 	 	recipient	ev__SB_CD_01239	01239-eintrag_vom_1448-03-13.xml	1448-03-13			False	 	1448		
246	pe__ludmilia_SB_CD_1239	Ludmilla, kindern kindern	Ludmilia	f	 	 	 	 	 	 	 	 	 	 	recipient	ev__SB_CD_01239	01239-eintrag_vom_1448-03-13.xml	1448-03-13			False	 	1448		
247	pe__matthias_voburger_SB_CD_01240	Mathias Vogburger, mitburger zu Wienn	Matthias Voburger Vogburger	m	 	 	 	 	 	 	 	 	 	 	issuer	ev__SB_CD_01240	01240-eintrag_vom_1448-03-15.xml	1448-03-15			False	 	1448		
248	pe__michael_haunolt_QGW_II_II_3616	erbern Micheln Hawnolten, burger zu Wienn, seim swager	Michael Haunolt	m	erbern	ehrbar	 	 	 	 	 	 	 	 	recipient	ev__SB_CD_01240	01240-eintrag_vom_1448-03-15.xml	1448-03-15			False	 	1448		
249	pe__margarethe_SB_CD_01240	Margreten, seiner hausfraun	Margarethe Haunoltin	f	 	 	 	 	 	 	 	 	 	 	recipient	ev__SB_CD_01240	01240-eintrag_vom_1448-03-15.xml	1448-03-15			False	 	1448		
250	pe__elisabeth_kolpekchin_SB_CD_00350	Elspeth die Kolpekchin, Hainreichs Schachner seligen witib	Elisabeth Kolpekchin Kolpekchin Schachner Schachen	f	 	 	 	 	 	 	 	 	 	 	issuer	ev__SB_CD_00350	00350-eintrag_vom_1448-04-10.xml	1448-04-10			False	 	1448		
251	pe__heinrich_schachen_SB_CD_00350	Hainreichs Schachner seligen	Heinrich Schachen Schachner	m	 	 	 	 	 	 	 	 	 	 	None	ev__SB_CD_00350	00350-eintrag_vom_1448-04-10.xml	1448-04-10			True	1448-04-10	1448		
252	pe__ulrich_feldsberger_SB_CD_00350	Ulreichs Velczperger	Ulrich Feldsberger	m	 	 	 	 	 	 	 	 	 	 	None	ev__SB_CD_00350	00350-eintrag_vom_1448-04-10.xml	1448-04-10			False	 	1448		
253	pe__johann_oppenweiler_QGW_II_II_2579	erbern herren hern Hannsen Oppenweiler von Hailbrunn, caplan der mess die Hainreich Hutstokch auf Sant Kathrein altar zu Sand Steffan gestifft hat	Johann Oppenweiler von Hailprunn	m	erbern; herren; hern	ehrbar; Herr; Herr	 	 	 	 	 	 	caplan	Kaplan	recipient	ev__SB_CD_00350	00350-eintrag_vom_1448-04-10.xml	1448-04-10			False	 	1448		
254	pe__johann_hoelczel_SB_CD_00615	Hanns Holczl, sneider	Johann Hölczel der Schneider	m	 	 	 	 	sneider	Schneider	 	 	 	 	issuer	ev__SB_CD_00615	00615-eintrag_vom_1448-06-26.xml	1448-06-26			False	 	1448		
255	pe__margarethe_SB_CD_00615	Margret, sein hausfrau	Margarethe Hölczel	f	 	 	 	 	 	 	 	 	 	 	issuer	ev__SB_CD_00615	00615-eintrag_vom_1448-06-26.xml	1448-06-26			False	 	1448		
256	pe__johann_von_eslarn_V_SB_CD_00615	erbern Hannsen von Eslorn ze Ottakchrin	Johann von Eslarn ze Ottakring	m	erbern	ehrbar	 	 	 	 	 	 	 	 	recipient	ev__SB_CD_00615	00615-eintrag_vom_1448-06-26.xml	1448-06-26			False	 	1448		
257	pe__jakob_kreuss_SB_CD_00967	Jacob Kreuss	Jakob Kreuss	m	 	 	 	 	 	 	 	 	 	 	issuer	ev__SB_CD_00967	00967-eintrag_vom_1448-06-19.xml	1448-06-19			False	 	1448		
258	pe__michael_muenzer_SB_CD_00967	Micheln des Munsser	Michael der Münzer	m	 	 	 	 	 	 	 	 	 	 	None	ev__SB_CD_00967	00967-eintrag_vom_1448-06-19.xml	1448-06-19			False	 	1448		
259	pe__martin_weidacher_SB_CD_00967	erbern Mertten Weidacher	Martin Weidacher	m	erbern	ehrbar	 	 	 	 	 	 	 	 	recipient	ev__SB_CD_00967	00967-eintrag_vom_1448-06-19.xml	1448-06-19			False	 	1448		
260	pe__margarethe_SB_CD_00967	Margrethen, seiner hausfraun	Margarethe Weidacher	f	 	 	 	 	 	 	 	 	 	 	recipient	ev__SB_CD_00967	00967-eintrag_vom_1448-06-19.xml	1448-06-19			False	 	1448		
261	pe__michael_toller_SB_CD_01241	Michel Tóllr, fleischhakcher	Michael Toller	m	 	 	 	 	fleischhakcher	Fleischhacker	 	 	 	 	issuer	ev__SB_CD_01241	01241-eintrag_vom_1448-06-21.xml	1448-06-21			False	 	1448		
262	pe__dorothea_SB_CD_01241	Dorothe, sein hausfrau	Dorothea Toller	f	 	 	 	 	 	 	 	 	 	 	issuer	ev__SB_CD_01241	01241-eintrag_vom_1448-06-21.xml	1448-06-21			False	 	1448		
263	pe__meinhard_riemer_QGW_II_II_2391	Meinharts Riemer	Meinhard Riemer	m	 	 	 	 	 	 	 	 	 	 	None	ev__SB_CD_01241	01241-eintrag_vom_1448-06-21.xml	1448-06-21			False	 	1448		
264	pe__simon_vankch_QGW_II_II_2391	Symons Vankchen	Simon Vankch	m	 	 	 	 	 	 	 	 	 	 	None	ev__SB_CD_01241	01241-eintrag_vom_1448-06-21.xml	1448-06-21			False	 	1448		
265	pe__niklas_noter_SB_CD_01241	hern Niclasen Notter, capplan der messe die maister Albertinus der pucharczt auf Unser Fraun Altar zu Sand Steffan gestifft hat	Niklas Noter	m	hern	Herr	 	 	 	 	 	 	capplan	 	recipient	ev__SB_CD_01241	01241-eintrag_vom_1448-06-21.xml	1448-06-21			False	 	1448		
266	pe__michael_haffner_SB_CD_01242	Michel Hafner	Michael Haffner	m	 	 	 	 	 	 	 	 	 	 	issuer	ev__SB_CD_01242	01242-eintrag_vom_1448-11-15.xml	1448-11-15			False	 	1448		
267	pe__katharina_SB_CD_01242	Kathrey, sein hausfraw , die emaln Linharten Unpaw seligen auch elichen gehabt hat	Katharina Haffner Unpau	f	 	 	 	 	 	 	 	 	 	 	issuer	ev__SB_CD_01242	01242-eintrag_vom_1448-11-15.xml	1448-11-15			False	 	1448		
268	pe__leonhard_unpau_SB_CD_01242	Linharten Unpaw seligen	Leonhard Unpau	m	 	 	 	 	 	 	 	 	 	 	None	ev__SB_CD_01242	01242-eintrag_vom_1448-11-15.xml	1448-11-15			True	1448-11-15	1448		
269	pe__albrecht_ladner_SB_CD_01242	Alberts des dren Ladner	Albrecht Ladner	m	 	 	 	 	Ladner	 	 	 	 	 	None	ev__SB_CD_01242	01242-eintrag_vom_1448-11-15.xml	1448-11-15			False	 	1448		
270	pe__peter_unpau_SB_CD_01242	Petern írm sun sun den die vorgenant Kathrey mit dem egenanten irm erern mann Linharten Unpaw seligen gehabt und im hat	Peter Unpau	m	 	 	 	 	 	 	 	 	 	 	recipient	ev__SB_CD_01242	01242-eintrag_vom_1448-11-15.xml	1448-11-15			False	 	1448		
271	pe__michael_praunsperger_QGW_II_II_3274	Michel Praunsperger, der riemer	Michael Praunsperger der Riemer	m	 	 	 	 	riemer	Riemer	 	 	 	 	issuer	ev__SB_CD_01243	01243-eintrag_vom_1448-09-13.xml	1448-09-13			False	 	1448		
272	pe__meinhard_riemer_QGW_II_II_2391	Meinharts des Riemer	Meinhard Riemer	m	 	 	 	 	 	 	 	 	 	 	None	ev__SB_CD_01243	01243-eintrag_vom_1448-09-13.xml	1448-09-13			False	 	1448		
273	pe__simon_vankch_QGW_II_II_2391	Symons Vankchen	Simon Vankch	m	 	 	 	 	 	 	 	 	 	 	None	ev__SB_CD_01243	01243-eintrag_vom_1448-09-13.xml	1448-09-13			False	 	1448		
274	pe__johann_winter_QGW_II_II_3192	Hannsen Winter des kramer	Johann Winter der Kramer	m	 	 	 	 	kramer	 	 	 	 	 	None	ev__SB_CD_01243	01243-eintrag_vom_1448-09-13.xml	1448-09-13			False	 	1448		
275	pe__anna_QGW_II_II_3274	egnanten Praunsperger erere hausfrau Anna, der got gnad	Anna Praunsperger	f	 	 	 	 	 	 	 	 	 	 	issuer	ev__SB_CD_01243	01243-eintrag_vom_1448-09-13.xml	1448-09-13			True	1448-09-13	1448		
276	pe__hermann_hesel_QGW_II_II_3274	Herman dem Hésl	Hermann Hesel	m	 	 	 	 	 	 	 	 	 	 	recipient	ev__SB_CD_01243	01243-eintrag_vom_1448-09-13.xml	1448-09-13			False	 	1448		
277	pe__margarethe_QGW_II_II_3274	erbern Margret, seiner hausfraun , Erharts Newnkircher des glokengiesser seligen tochter	Margarethe Praunsperger Neunkircher	f	erbern	ehrbar	 	 	 	 	 	 	 	 	recipient	ev__SB_CD_01243	01243-eintrag_vom_1448-09-13.xml	1448-09-13			False	 	1448		
278	pe__erhard_neunkircher_QGW_II_II_3274	Erharts Newnkircher des glokengiesser seligen	Erhard Neunkircher der Glockengießer	m	 	 	 	 	glokengiesser	 	 	 	 	 	None	ev__SB_CD_01243	01243-eintrag_vom_1448-09-13.xml	1448-09-13			True	1448-09-13	1448		
279	pe__niklas_salczburger_QGW_II_II_3676	Niclas Salczpurger	Niklas Salczburger der Weber	m	 	 	 	 	 	 	 	 	 	 	issuer	ev__SB_CD_01429	01429-eintrag_vom_1448-02-20.xml	1448-02-20			False	 	1448		
280	pe__elisabeth_QGW_II_II_3676	Elspeth, sein hausfrau	Elisabeth Salczburgerin	f	 	 	 	 	 	 	 	 	 	 	issuer	ev__SB_CD_01429	01429-eintrag_vom_1448-02-20.xml	1448-02-20			False	 	1448		
281	pe__gilg_kunter_QGW_II_II_3676	Giligen des Kunter	Gilg Kunter	m	 	 	 	 	Kunter	 	 	 	 	 	None	ev__SB_CD_01429	01429-eintrag_vom_1448-02-20.xml	1448-02-20			False	 	1448		
282	pe__jakob_nuernberger_QGW_II_II_2782	ersamen herren hern Jacoben Núrnberger, caplan Unser Fraun und Sant Johans cappellen in des Herczogen Purkch zu Wienn	Jakob Nürnberger	m	ersamen; herren; hern	 ; Herr; Herr	 	 	 	 	 	 	caplan	Kaplan	recipient	ev__SB_CD_01429	01429-eintrag_vom_1448-02-20.xml	1448-02-20			False	 	1448		
283	pe__johann_nuernberger_SB_CD_01429	Hannsen Núrnberger, seim vater unverschaidenlich	Johann Nürnberger	m	 	 	 	 	 	 	 	 	 	 	recipient	ev__SB_CD_01429	01429-eintrag_vom_1448-02-20.xml	1448-02-20			False	 	1448		
284	pe__niklas_piberstein_SB_CD_01430	Niclas Piberstain	Niklas Piberstein	m	 	 	 	 	 	 	 	 	 	 	issuer	ev__SB_CD_01430	01430-eintrag_vom_1448-03-04.xml	1448-03-04			False	 	1448		
285	pe__dorothea_SB_CD_01430	Dorothe, sein hausfrau	Dorothea Piberstein	f	 	 	 	 	 	 	 	 	 	 	issuer	ev__SB_CD_01430	01430-eintrag_vom_1448-03-04.xml	1448-03-04			False	 	1448		
286	pe__johann_auer_SB_CD_00604	Hannsen Awer	Johann Auer vor Schottentor	m	 	 	 	 	 	 	 	 	 	 	None	ev__SB_CD_01430	01430-eintrag_vom_1448-03-04.xml	1448-03-04			False	 	1448		
287	pe__veit_ebmer_SB_CD_01430	erbern Veiten Ebmer	Niklas Ebmer	m	erbern	ehrbar	 	 	 	 	 	 	 	 	recipient	ev__SB_CD_01430	01430-eintrag_vom_1448-03-04.xml	1448-03-04			False	 	1448		
288	pe__niklas_lainbacher_QGW_II_II_2652	Niclas Lainbacher, apotegker	Nikals Lainbacher der Apotheker	m	 	 	 	 	apotegker	 	 	 	 	 	issuer	ev__SB_CD_01431	01431-eintrag_vom_1448-07-08.xml	1448-07-08			False	 	1448		
289	pe__stephan_pusenperger_QGW_II_II_3715	Steffans Pusenperger zingiesser	Stephan Pusenperger Bisamberger der Zinngiesser	m	 	 	 	 	zingiesser	Zinngiesser	 	 	 	 	None	ev__SB_CD_01431	01431-eintrag_vom_1448-07-08.xml	1448-07-08			False	 	1448		
290	pe__wilhelm_mertinger_QGW_II_II_3715	Wilhalm Merttinger	Wilhelm Merttinger	m	 	 	 	 	 	 	 	 	 	 	recipient	ev__SB_CD_01431	01431-eintrag_vom_1448-07-08.xml	1448-07-08			False	 	1448		
291	pe__friedrich_pirbaumer_QGW_II_III_4165	Fridreichs Pirpawmer	Friedrich Pirbaumer	m	 	 	 	 	 	 	 	 	 	 	None	ev__SB_CD_01431	01431-eintrag_vom_1448-07-08.xml	1448-07-08			False	 	1448		
292	pe__peter_liebharter_QGW_II_II_3541	ersamen herren hern Petern Liebharter, korherren hincz Sand Steffan kaplan der mess die weilent her Jacob Leubman auch korherr der egnanten kirchen auf Unser Fraun altar in Sand Jorgen capellen im Tumbrobsthof gelegen gestifft hat	Peter Liepharter	m	 	 	 	 	 	 	 	 	kaplan	Kaplan	recipient	ev__SB_CD_01431	01431-eintrag_vom_1448-07-08.xml	1448-07-08			False	 	1448		
293	pe__stephan_pusenperger_QGW_II_II_3715	Steffans Pusenperger zingiesser	Stephan Pusenperger Bisamberger der Zinngiesser	m	 	 	 	 	zingiesser	Zinngiesser	 	 	 	 	None	ev__SB_CD_01432	01432-eintrag_vom_1448-07-10.xml	1448-07-10			False	 	1448		
294	pe__wilhelm_mertinger_QGW_II_II_3715	Wilhalm Merttinger	Wilhelm Merttinger	m	 	 	 	 	 	 	 	 	 	 	recipient	ev__SB_CD_01432	01432-eintrag_vom_1448-07-10.xml	1448-07-10			False	 	1448		
295	pe__peter_liebharter_QGW_II_II_3541	ersamen herren hern Petern Liepharter, korherren dacz Sand Steffan und kaplan der mess die weilent her Jacob Leubman auch korherr hincz Sand Steffan auf Unser Fraun altar in Sand Jorgen capellen im Tumbrobsthof gelegen gestifft hat	Peter Liepharter	m	ersamen; herren; hern	 ; Herr; Herr	 	 	 	 	 	 	kaplan	Kaplan	recipient	ev__SB_CD_01432	01432-eintrag_vom_1448-07-10.xml	1448-07-10			False	 	1448		
296	pe__johann_lautterpach_SB_CD_01842	hern Hannsen Lautterpach, kaplan der vorgenanten Sand Jorgen capellen im Tumbrobsthof	Johann Lautterpach	m	hern	Herr	 	 	 	 	 	 	kaplan	Kaplan	recipient	ev__SB_CD_01432	01432-eintrag_vom_1448-07-10.xml	1448-07-10			False	 	1448		
297	pe__niklas_vaschang_SB_CD_01433	Niclas Vaschang	Niklas Vaschang	m	 	 	 	 	 	 	 	 	 	 	issuer	ev__SB_CD_01433	01433-eintrag_vom_1448-07-29.xml	1448-07-29			False	 	1448		
298	pe__katharina_SB_CD_01433	Kathrey, sein hausfrau	Katharina Vaschang	f	 	 	 	 	 	 	 	 	 	 	issuer	ev__SB_CD_01433	01433-eintrag_vom_1448-07-29.xml	1448-07-29			False	 	1448		
299	pe__ulrich_peck_SB_CD_01433	Ulreichs Pekchen	Ulrich Peck	m	 	 	 	 	 	 	 	 	 	 	None	ev__SB_CD_01433	01433-eintrag_vom_1448-07-29.xml	1448-07-29			False	 	1448		
300	pe__niklas_viller_SB_CD_01433	erbern Niclasen Viller, burger in der Newnstat	Niklas Viller	m	erbern	ehrbar	 	 	 	 	 	 	 	 	recipient	ev__SB_CD_01433	01433-eintrag_vom_1448-07-29.xml	1448-07-29			False	 	1448		
301	pe__niklas_graefenauer_SB_CD_01434	Niclas Grafenawer, der messrer	Niklas Graefenauer Grafenawer	m	 	 	 	 	messrer	Messerer	 	 	 	 	issuer	ev__SB_CD_01434	01434-eintrag_vom_1448-06-14.xml	1448-06-14			False	 	1448		
302	pe__johann_nagler_SB_CD_01434	Hannsen des Nagler	Johann Nagler	m	 	 	 	 	 	 	 	 	 	 	None	ev__SB_CD_01434	01434-eintrag_vom_1448-06-14.xml	1448-06-14			False	 	1448		
303	pe__johann_fries_SB_CD_01434	Henslein Fries, Urlreichs Fries des Zéinstrickcher seligen sun , der noch nicht vogtper ist	Johann Henslein Fries	m	 	 	 	 	 	 	 	 	 	 	recipient	ev__SB_CD_01434	01434-eintrag_vom_1448-06-14.xml	1448-06-14			False	 	1448		
304	pe__ulrich_fries_SB_CD_01434	Urlreichs Fries des Zéinstrickcher seligen	Ulrich Fries des Zéinstrickcher	m	 	 	 	 	Zéinstrickcher	 	 	 	 	 	None	ev__SB_CD_01434	01434-eintrag_vom_1448-06-14.xml	1448-06-14			True	1448-06-14	1448		
305	pe__katharina_SB_CD_01434	Kathrein des obgnanten Niclasen Grafenawer hausfrau die emalen den vorgenanten Ulreichen Fries elichen gehabt hat	Katharina Graefenauer Grafenawer Fries	f	 	 	 	 	 	 	 	 	 	 	None	ev__SB_CD_01434	01434-eintrag_vom_1448-06-14.xml	1448-06-14			False	 	1448		
306	pe__stephan_holfues_SB_CD_01686	Stephan Holfus, leinbater	Stephan Holfues	m	 	 	 	 	leinbater	 	 	 	 	 	issuer	ev__SB_CD_01686	01686-eintrag_vom_1448-04-22.xml	1448-04-22			False	 	1448		
307	pe__barbara_SB_CD_01686	Barbara, sein hausfrau	Barbara Holfues	f	 	 	 	 	 	 	 	 	 	 	issuer	ev__SB_CD_01686	01686-eintrag_vom_1448-04-22.xml	1448-04-22			False	 	1448		
308	pe__dietrich_holfues_QGW_II_III_4751	erbern Dietreichen Holfus, irm pruder	Dietrich Holfues	m	erbern	ehrbar	 	 	 	 	 	 	 	 	recipient	ev__SB_CD_01686	01686-eintrag_vom_1448-04-22.xml	1448-04-22			False	 	1448		
309	pe__stephan_radendorfer_SB_CD_01687	Steffan Radendorffer, obsser	Stephan Radendorfer der Obser	m	 	 	 	 	obsser	 	 	 	 	 	issuer	ev__SB_CD_01687	01687-eintrag_vom_1448-05-27.xml	1448-05-27			False	 	1448		
310	pe__katharina_SB_CD_01687	Kathrey, sein hausfraw	Stephan Radendorfer	f	 	 	 	 	 	 	 	 	 	 	issuer	ev__SB_CD_01687	01687-eintrag_vom_1448-05-27.xml	1448-05-27			False	 	1448		
311	pe__johann_zwettler_QGW_II_II_3524	Hannsen Zwetler	Johann Zwettler am Salzgries	m	 	 	 	 	 	 	 	 	 	 	None	ev__SB_CD_01687	01687-eintrag_vom_1448-05-27.xml	1448-05-27			False	 	1448		
312	pe__christine_SB_CD_01687	erbern fraun Kristein, Otten Gunser des vischer seligen witiben	Christine Gunser	f	erbern; fraun	ehrbar; Frau	 	 	 	 	 	 	 	 	recipient	ev__SB_CD_01687	01687-eintrag_vom_1448-05-27.xml	1448-05-27			False	 	1448		
313	pe__otto_gunser_SB_CD_01687	Otten Gunser des vischer seligen	Otto Gunser	m	 	 	 	 	vischer	Fischer	 	 	 	 	None	ev__SB_CD_01687	01687-eintrag_vom_1448-05-27.xml	1448-05-27			True	1448-05-27	1448		
314	pe__stephan_vink_SB_CD_01693	Stefan Vinkch	Stephan Vink	m	 	 	 	 	 	 	 	 	 	 	issuer	ev__SB_CD_01693	01693-eintrag_vom_1448-12-13.xml	1448-12-13			False	 	1448		
315	pe__niklas_vom_stein_QGW_II_II_2407	Niclasen vom Stain	Niklas vom Stein der Fleischhacker	m	 	 	 	 	 	 	 	 	 	 	None	ev__SB_CD_01693	01693-eintrag_vom_1448-12-13.xml	1448-12-13			False	 	1448		
316	pe__matthias_salczer_QGW_II_II_2595	Mathesen Saltzer	Matthias Salczer	m	 	 	 	 	 	 	 	 	 	 	recipient	ev__SB_CD_01693	01693-eintrag_vom_1448-12-13.xml	1448-12-13			False	 	1448		
317	pe__johann_span_SB_CD_01693	erbern Hannsen Span von Memyngen	Johann Span von Memyngen	m	erbern	ehrbar	 	 	 	 	 	 	 	 	recipient	ev__SB_CD_01693	01693-eintrag_vom_1448-12-13.xml	1448-12-13			False	 	1448		
318	pe__simon_brunner_SB_CD_01693a	Symon Prunner, satler	Simon Brunner der Sattler	m	 	 	 	 	satler	Sattler	 	 	 	 	issuer	ev__SB_CD_01693a	01693a-eintrag_vom_1448.xml	1448-01-01			False	 	1448		
319	pe__barbara_SB_CD_01693a	Barbara, sein hausfrau	Barbara Brunner	m	 	 	 	 	 	 	 	 	 	 	issuer	ev__SB_CD_01693a	01693a-eintrag_vom_1448.xml	1448-01-01			False	 	1448		
320	pe__paul_haid_SB_CD_01693a	Paulen Haid des schuster	Paul Haid der Schuster	m	 	 	 	 	schuster	Schuster	 	 	 	 	None	ev__SB_CD_01693a	01693a-eintrag_vom_1448.xml	1448-01-01			False	 	1448		
321	pe__johann_kieler_SB_CD_00620	erbern Hannsen Kieler	Johann Kieler Chieler	m	erbern	ehrbar	 	 	 	 	 	 	 	 	recipient	ev__SB_CD_01693a	01693a-eintrag_vom_1448.xml	1448-01-01			False	 	1448		
322	pe__barbara_SB_CD_00620	Barbara, seiner hausfrawn	Barbara Kielerin Neugrunerin Kanstorfferin	f	 	 	 	 	 	 	 	 	 	 	recipient	ev__SB_CD_01693a	01693a-eintrag_vom_1448.xml	1448-01-01			False	 	1448		
323	pe__thomas_praitenweidacher_QGW_II_II_3462	Thoman Praytenweidacher, burger zu Wien	Thomas Praitenwaidacher Breitenweida (NÖ)	m	 	 	 	 	 	 	 	 	 	 	issuer	ev__SB_CD_01767	01767-eintrag_vom_1448-06-23.xml	1448-06-23			False	 	1448		
324	pe__ulrich_von_steyr_SB_CD_00625	weilent Ulreichs von Steir	Ulrich von Steyr	m	 	 	 	 	 	 	 	 	 	 	None	ev__SB_CD_01767	01767-eintrag_vom_1448-06-23.xml	1448-06-23			True	1448-06-23	1448		
325	pe__andreas_pergauer_QGW_II_II_2615	erbern briester hern Andren Pergawer von Pulka, diezeit kapplan der mess so weilent fraw Anna witib Merten Reydegker witib im Vischhof auf der zwelfboten altar dacz Sand Steffan gestifft hat	Andreas Pergauer von Pulka	m	erbern; hern	ehrbar; Herr	 	 	briester	 	 	 	kapplan	 	recipient	ev__SB_CD_01767	01767-eintrag_vom_1448-06-23.xml	1448-06-23			False	 	1448		
326	pe__anna_QGW_II_II_3696	weilent fraw Anna witib Merten Reydegker witib im Vischhof	Anna Reidegker im Fischhof	f	fraw	Frau	 	 	 	 	 	 	 	 	issuer	ev__SB_CD_01767	01767-eintrag_vom_1448-06-23.xml	1448-06-23			True	1448-06-23	1448		
327	pe__martin_reidegker_QGW_II_II_2413	Merten Reydegker witib im Vischhof	Martin Reidegker Reidekker im Fischhof	m	 	 	 	 	 	 	 	 	 	 	None	ev__SB_CD_01767	01767-eintrag_vom_1448-06-23.xml	1448-06-23			True	1448-06-23	1448		
328	pe__thomas_praitenweidacher_QGW_II_II_3462	Thoman Praytenweidacher	Thomas Praitenwaidacher Breitenweida (NÖ)	m	 	 	 	 	 	 	 	 	 	 	issuer	ev__SB_CD_01768	01768-eintrag_vom_1448-06-28.xml	1448-06-28			False	 	1448		
329	pe__johann_puchspaum_QGW_II_II_3038	erbern Hannsen Pukchspawm an stat und als gerhaben an stat gerhaben	Johann Puchpaum	m	erbern	ehrbar	an stat; gerhaben; an stat; gerhaben	 ;  ;  ;  	 	 	 	 	 	 	recipient	ev__SB_CD_01768	01768-eintrag_vom_1448-06-28.xml	1448-06-28			False	 	1448		
330	pe__barbara_SB_CD_01768	junkfraun Barbaren kindern	Barbara Welserin	f	junkfraun	 	 	 	 	 	 	 	 	 	None	ev__SB_CD_01768	01768-eintrag_vom_1448-06-28.xml	1448-06-28			False	 	1448		
331	pe__margarethe_SB_CD_01768	junkfraun Margreten, Hannsn Welser des leinbater seligen kindern	Margarethe Welserin	f	junkfraun	 	 	 	 	 	 	 	 	 	None	ev__SB_CD_01768	01768-eintrag_vom_1448-06-28.xml	1448-06-28			False	 	1448		
332	pe__johann_welser_QGW_II_II_3262	Hannsn Welser des leinbater seligen	Johann Welser der lainbater	m	 	 	 	 	leinbater	 	 	 	 	 	None	ev__SB_CD_01768	01768-eintrag_vom_1448-06-28.xml	1448-06-28			True	1448-06-28	1448		
333	pe__ulrich_meichsner_QGW_II_II_3553	Ulreich Meichsner vor Kernertor	Ulrich Meichsner vor Kernertor	m	 	 	 	 	 	 	 	 	 	 	issuer	ev__SB_CD_01840	01840-eintrag_vom_1448-04-19.xml	1448-04-19			False	 	1448		
334	pe__barbara_SB_CD_01693	Barbara, sein hausfrau	Barbara Meichsner	f	 	 	 	 	 	 	 	 	 	 	issuer	ev__SB_CD_01840	01840-eintrag_vom_1448-04-19.xml	1448-04-19			False	 	1448		
335	pe__peter_lantmann_SB_CD_01840	erbern Petern Lantmann, letzelter anstat und zuhanden anstat und zuhanden gerhaben gerhaben	Peter Lantmann	m	erbern	ehrbar	anstat und zuhanden; anstat und zuhanden; gerhaben; gerhaben	rechtlicher_Vertreter_in; rechtlicher_Vertreter_in;  ;  	letzelter	xxx	 	 	 	 	recipient	ev__SB_CD_01840	01840-eintrag_vom_1448-04-19.xml	1448-04-19			False	 	1448		
336	pe__johann_zechman_SB_CD_01840	erbern Hannsen Zechman anstat und zuhanden anstat und zuhanden gerhaben gerhaben	Johann Zechman	m	erbern	ehrbar	anstat und zuhanden; anstat und zuhanden; gerhaben; gerhaben	rechtlicher_Vertreter_in; rechtlicher_Vertreter_in;  ;  	 	 	 	 	 	 	recipient	ev__SB_CD_01840	01840-eintrag_vom_1448-04-19.xml	1448-04-19			False	 	1448		
337	pe__leonhard_reicher_SB_CD_01840	Linharten kinder	Leonhard Reicher Rayer	m	 	 	 	 	 	 	 	 	 	 	None	ev__SB_CD_01840	01840-eintrag_vom_1448-04-19.xml	1448-04-19			False	 	1448		
338	pe__barbara_SB_CD_01840	Barbaren, Chuntzen Rayer seligen kinder	Barbara Reicher Rayer	f	 	 	 	 	 	 	 	 	 	 	None	ev__SB_CD_01840	01840-eintrag_vom_1448-04-19.xml	1448-04-19			False	 	1448		
339	pe__konrad_reicher_SB_CD_01840	Chuntzen Rayer seligen	Konrad Reicher Rayer	m	 	 	 	 	 	 	 	 	 	 	None	ev__SB_CD_01840	01840-eintrag_vom_1448-04-19.xml	1448-04-19			True	1448-04-19	1448		
340	pe__ulrich_lang_SB_CD_01841	Ulreich Lang, der pekch	Ulrich Lang der Bäcker	m	 	 	 	 	pekch	Baecker	 	 	 	 	issuer	ev__SB_CD_01841	01841-eintrag_vom_1448-08-13.xml	1448-08-13			False	 	1448		
341	pe__burkhard_kienberger_QGW_II_III_4957	hern Purkharts Kienberger	Burkhard Kienberger	m	hern	Herr	 	 	 	 	 	 	 	 	None	ev__SB_CD_01841	01841-eintrag_vom_1448-08-13.xml	1448-08-13			False	 	1448		
342	pe__michael_walther_QGW_II_II_3552	erbern Micheln Walthern	Michael Walther	m	erbern	ehrbar	 	 	 	 	 	 	 	 	recipient	ev__SB_CD_01841	01841-eintrag_vom_1448-08-13.xml	1448-08-13			False	 	1448		
343	pe__ulrich_hesler_QGW_II_II_3684	Ulreich Hesler	Ulrich Hesler	m	 	 	 	 	 	 	 	 	 	 	issuer	ev__SB_CD_01842	01842-eintrag_vom_1448-11-27.xml	1448-11-27			False	 	1448		
344	pe__andreas_weinperger_SB_CD_01842	Anndre des Weinperger	Andreas Weinperger	m	 	 	 	 	 	 	 	 	 	 	None	ev__SB_CD_01842	01842-eintrag_vom_1448-11-27.xml	1448-11-27			False	 	1448		
345	pe__johann_lautterpach_SB_CD_01842	ersamen hern hern Hannsen Lautterpach, dietzeit kappllan Sannd Jorgen kappeln im Tumbprobsthof zu Wienn	Johann Lautterpach	m	ersamen; hern; hern	 ; Herr; Herr	 	 	 	 	 	 	kappllan	 	recipient	ev__SB_CD_01842	01842-eintrag_vom_1448-11-27.xml	1448-11-27			False	 	1448		
346	pe__wolfgang_holczer_SB_CD_01926	Wolfgang Holczer	Wolfgang Holczer	m	 	 	 	 	 	 	 	 	 	 	issuer	ev__SB_CD_01926	01926-eintrag_vom_1448-12-20.xml	1448-12-20			False	 	1448		
347	pe__stephan_hittendorffer_01926_SB_CD_01926	Steffans Hittendorffer des Peler	Stephan Hittendorffer der Peler	m	 	 	 	 	 	 	 	 	 	 	None	ev__SB_CD_01926	01926-eintrag_vom_1448-12-20.xml	1448-12-20			False	 	1448		
348	pe__margarethe_SB_CD_01926	erbern Margreten, Lucasen des Newnburger seligen tochter seiner hausfraun	Margarethe Holczer Newnburger Neuburger	f	erbern	ehrbar	 	 	 	 	 	 	 	 	recipient	ev__SB_CD_01926	01926-eintrag_vom_1448-12-20.xml	1448-12-20			False	 	1448		
349	pe__lukas_neuburger_SB_CD_01926	Lucasen des Newnburger seligen	Lukas Newnburger Neuburger	m	 	 	 	 	 	 	 	 	 	 	None	ev__SB_CD_01926	01926-eintrag_vom_1448-12-20.xml	1448-12-20			True	1448-12-20	1448		
