	ID	name	reg	orig	type	linking	function	event	xml	date	note	latlng	authority
0	pl__wien-immo_huehnergesslein_1		Andreas Vischel Haus	 	immo	ref	transactiongood_I	ev__SB_CD_00054	00054-eintrag_vom_1448-06-10.xml	['1448-06-10']	 	 	 
1	pl__wien-huehnergesslein		im Hühnergesslein	 	street	corresp	None	None	00054-eintrag_vom_1448-06-10.xml	['1448-06-10']	 	 	
2	pl__wien-immo_huehnergesslein_2		Stephan Imbrung Haus	 	immo	corresp	None	None	00054-eintrag_vom_1448-06-10.xml	['1448-06-10']	 	 	 
3	pl__wien-immo_huehnergesslein_2		Stephan Imbrung Haus	 	immo	ref	None	None	00054-eintrag_vom_1448-06-10.xml	['1448-06-10']	 	 	 
4	pl__wien-immo_huehnergesslein_1		Andreas Vischel Haus	 	immo	ref	issuer	ev__haus_huehnergesslein_1_burgrecht_1	00054-eintrag_vom_1448-06-10.xml	['1448-06-10']	 	 	 
5	pl__wien-immo_alter_fleischmarkt_1		Agatha Hulber dritt tail Haus vormals Micheln Stadl	 	immo	ref	transactiongood_I	ev__SB_CD_00055	00055-eintrag_vom_1448-06-21.xml	['1448-06-21']	 	 	 
6	pl__wien-alter_fleischmarkt		Alter Fleischmarkt	 	street	corresp	None	None	00055-eintrag_vom_1448-06-21.xml	['1448-06-21']	 	 	 
7	pl__wien-st_laurenz		S. Laurenz, Prediger-Nonnenkloster am alten Fleischmarkt	 	street	corresp	None	None	00055-eintrag_vom_1448-06-21.xml	['1448-06-21']	 	 	 
8	pl__wien-unter_den_hafnern		unter den Hafnern	 	street	corresp	None	None	00055-eintrag_vom_1448-06-21.xml	['1448-06-21']	 	 	 
9	pl__nuernberg		Nürnberg	 	settlement	corresp	None	None	00055-eintrag_vom_1448-06-21.xml	['1448-06-21']	 	49.45421 11.07752	https://www.geonames.org/2861650/nuernberg.html
10	pl__nuernberg		Nürnberg	 	settlement	ref	None	None	00055-eintrag_vom_1448-06-21.xml	['1448-06-21']	 	49.45421 11.07752	https://www.geonames.org/2861650/nuernberg.html
11	pl__wien-immo_wiltwerkerstrasse_3		Anna Leinburger Haus	 	immo	ref	transactiongood_I	ev__SB_CD_00056	00056-eintrag_vom_1448-08-09.xml	['1448-08-09']	 	 	 
12	pl__wien-wiltwerkerstrasse		Wiltwercherstrasse	 	street	corresp	None	None	00056-eintrag_vom_1448-08-09.xml	['1448-08-09']	 	 	 
13	pl__wien-immo_wiltwerkerstrasse_4		 	Óttinger zuhaws	immo	corresp	None	None	00056-eintrag_vom_1448-08-09.xml	['1448-08-09']	 	 	 
14	pl__wien-immo_wiltwerkerstrasse_4		 	Óttinger zuhaws	immo	ref	None	None	00056-eintrag_vom_1448-08-09.xml	['1448-08-09']	 	 	 
15	pl__wien-immo_wiltwerkerstrasse_3		Anna Leinburger Haus	 	immo	ref	tranactiongood_I	None	00056-eintrag_vom_1448-08-09.xml	['1448-08-09']	 	 	 
16	pl__wien-immo_judengasse_am_neuen_platz_1		Berthold Mermann Haus	 	immo	ref	transactiongood_I	ev__SB_CD_00156	00156-eintrag_vom_1448-12-13.xml	['1448-12-13']	 	 	 
17	pl__wien-judengasse		Judengasse	 	street	corresp	None	None	00156-eintrag_vom_1448-12-13.xml	['1448-12-13']	 	 	 
18	pl__am_neuen_platz		Judengasse	 	street	corresp	None	None	00156-eintrag_vom_1448-12-13.xml	['1448-12-13']	 	 	 
19	pl__wien-immo_judengasse_am_neuen_platz_2		 	Jacoben des Smalen Haus	immo	corresp	None	None	00156-eintrag_vom_1448-12-13.xml	['1448-12-13']	 	 	 
20	pl__wien-immo_judengasse_am_neuen_platz_3		 	Erhart von Prag des peutler haus	immo	corresp	None	None	00156-eintrag_vom_1448-12-13.xml	['1448-12-13']	 	 	 
21	pl__wien-immo_judengasse_am_neuen_platz_2		 	Jacoben des Smalen Haus	immo	ref	None	None	00156-eintrag_vom_1448-12-13.xml	['1448-12-13']	 	 	 
22	pl__wien-immo_judengasse_am_neuen_platz_3		 	Erhart von Prag des peutler haus	immo	ref	None	None	00156-eintrag_vom_1448-12-13.xml	['1448-12-13']	 	 	 
23	pl__wien-immo_neuer_markt_1		Konrad u. Brigitta Eggenfelder Haus	 	immo	ref	transactiongood_I	ev__SB_CD_00226	00226-eintrag_vom_1448-02-23.xml	['1448-02-23']	 	 	 
24	pl__wien-neuer_markt		Neuermarkt (I.Bezirk)	 	street	corresp	None	None	00226-eintrag_vom_1448-02-23.xml	['1448-02-23']	 	 	 
25	pl__wien-immo_neuer_markt_2		Thomas Kunter Haus	 	immo	corresp	None	None	00226-eintrag_vom_1448-02-23.xml	['1448-02-23']	 	 	 
26	pl__wien-immo_neuer_markt_2		Thomas Kunter Haus	 	immo	ref	transactiongood_I	ev__SB_CD_00226	00226-eintrag_vom_1448-02-23.xml	['1448-02-23']	 	 	 
27	pl__immo_neuermarkt_1		Thomas Kunter Haus	 	immo	ref	issuer	ev__haus_am_neuen_markt_1_burgrecht_1	00226-eintrag_vom_1448-02-23.xml	['1448-02-23']	 	 	 
28	pl__wien-immo_weihenburg_1		Konrad und Anna Schröfl Haus; Johann Kanstdorffer Haus	genant der Alt Techanthof	immo	ref	transactiongood_I	ev__SB_CD_00227	00227-eintrag_vom_1448-03-06.xml	['1448-03-06']	 	 	 
29	pl__wien-weihenburg		Weihenburg	in der Weihenpurkch	street	corresp	None	None	00227-eintrag_vom_1448-03-06.xml	['1448-03-06']	 	 	 
30	pl__wien-immo_weihenburg_2		 	des abts von Altenburg haws	immo	corresp	None	None	00227-eintrag_vom_1448-03-06.xml	['1448-03-06']	 	 	 
31	pl__wien-immo_weihenburg_2		 	des abts von Altenburg haws	immo	ref	None	None	00227-eintrag_vom_1448-03-06.xml	['1448-03-06']	 	 	 
32	pl__wien-kumphlukche_vor_kernertor		Kumphlukche vor Kernertor	in der Kumphlukchen	street	corresp	None	None	00228-eintrag_vom_1448-04-22.xml	['1448-04-22']	 	 	 
33	pl__wien-immo_kumphlukche_vor_kernertor_1		Konrad und Margarethe von Tyrna Haus	 	immo	ref	transactiongood_I	ev__SB_CD_00228	00228-eintrag_vom_1448-04-22.xml	['1448-04-22']	 	 	 
34	pl__wien-kumphlukche_vor_kernertor		Kumphlukche vor Kernertor	in der Kumphlukchen	street	corresp	None	None	00228-eintrag_vom_1448-04-22.xml	['1448-04-22']	 	 	 
35	pl__wien-immo_kumphlukche_vor_kernertor_2		 	Hainreichs Krumbnawer haus	immo	corresp	None	None	00228-eintrag_vom_1448-04-22.xml	['1448-04-22']	 	 	 
36	pl__wien-immo_kumphlukche_vor_kernertor_2		 	Hainreichs Krumbnawer haus	immo	ref	None	None	00228-eintrag_vom_1448-04-22.xml	['1448-04-22']	 	 	 
37	pl__wien-immo_graben_1		Kaspar Hermann Haus	 	immo	ref	transactiongood_I	ev__SB_CD_00229	00229-eintrag_vom_1448-05-27.xml	['1448-05-27']	 	 	 
38	pl__wien-graben		(am) Graben	 	street	corresp	None	None	00229-eintrag_vom_1448-05-27.xml	['1448-05-27']	 	 	 
39	pl__wien-immo_graben_2		Stephan Auer Haus	 	immo	corresp	None	None	00229-eintrag_vom_1448-05-27.xml	['1448-05-27']	 	 	 
40	pl__wien-immo_graben_2		Stephan Auer Haus	 	immo	ref	None	None	00229-eintrag_vom_1448-05-27.xml	['1448-05-27']	 	 	 
41	pl__wien-immo_graben_1		Kaspar Hermann Haus	 	immo	ref	issuer	NULL	00229-eintrag_vom_1448-05-27.xml	['1448-05-27']	 	 	 
42	pl__wien-immo_fleischbaenke_1		Servatius und Dorothea Waczla Haus	 	immo	ref	transactiongood__I	ev__SB_CD_00230	00230-eintrag_vom_1448-11-20.xml	['1448-11-20']	 	 	 
43	pl__wien-fleischbaenke		Fleischbänke	bei den Fleischbänken	street	corresp	None	None	00230-eintrag_vom_1448-11-20.xml	['1448-11-20']	 	 	 
44	pl__wien-immo_fleischbaenke_2		Michael Salzer Haus	 	immo	corresp	None	None	00230-eintrag_vom_1448-11-20.xml	['1448-11-20']	 	 	 
45	pl__wien-immo_fleischbaenke_2		Michael Salzer Haus	 	immo	ref	None	None	00230-eintrag_vom_1448-11-20.xml	['1448-11-20']	 	 	 
46	pl__wien-immo_scheffstrasse_1		Johann und Klara Tinpeck Haus	 	immo	ref	None	None	00231-eintrag_vom_1448-09-20.xml	['1448-09-20']	 	 	 
47	pl__wien-scheffstrasse		Scheffstrasse (III.Bezirk)	 	street	corresp	None	None	00231-eintrag_vom_1448-09-20.xml	['1448-09-20']	 	 	 
48	pl__wien-immo_scheffstrasse_2		Wolfgang von Asparn Haus	 	immo	corresp	None	None	00231-eintrag_vom_1448-09-20.xml	['1448-09-20']	 	 	 
49	pl__wien-immo_scheffstrasse_2		Wolfgang von Asparn Haus	 	immo	ref	None	None	00231-eintrag_vom_1448-09-20.xml	['1448-09-20']	 	 	 
50	pl__wien-immo_haarmarkt_1		Dorothea und Albrecht Liebhart Haus	 	immo	ref	transactiongood_I	ev__SB_CD_00299	00299-eintrag_vom_1448-07-08.xml	['1448-07-08']	 	 	 
51	pl__wien-haarmarkt		Haarmarkt (I.Bezirk)	 	street	corresp	None	None	00299-eintrag_vom_1448-07-08.xml	['1448-07-08']	 	 	 
52	pl__wien-immo_haarmarkt_5		 	Badstube genant die Perlabin	immo	corresp	None	None	00299-eintrag_vom_1448-07-08.xml	['1448-07-08']	 	 	 
53	pl__wien-immo_haarmarkt_1		Dorothea und Albrecht Liebhart Haus	 	immo	ref	issuer	NULL	00299-eintrag_vom_1448-07-08.xml	['1448-07-08']	 	 	 
54	pl__wien-immo_haarmarkt_1		Dorothea und Albrecht Liebhart Haus	 	immo	ref	issuer	NULL	00299-eintrag_vom_1448-07-08.xml	['1448-07-08']	 	 	 
55	pl__wien-immo_tiefer_graben_1		Dorothea und Pankraz Widmer Haus	 	immo	ref	transactiongood_I	ev__QGW_II_II_3264	00300-eintrag_vom_1448-08-05.xml	['1448-08-05']	 	 	 
56	pl__wien-tiefer_graben		Tiefer Graben (I.Bezirk)	Teuffergraben	street	corresp	None	None	00300-eintrag_vom_1448-08-05.xml	['1448-08-05']	 	 	 
57	pl__wien-immo_tiefer_graben_2		Thomas Trager Haus	 	immo	corresp	None	None	00300-eintrag_vom_1448-08-05.xml	['1448-08-05']	 	 	 
58	pl__wien-immo_tiefer_graben_2		Thomas Trager Haus	 	immo	ref	None	None	00300-eintrag_vom_1448-08-05.xml	['1448-08-05']	 	 	 
59	pl__wien-immo_tiefer_graben_3		Egidius Zimmermann Haus	 	immo	corresp	None	None	00300-eintrag_vom_1448-08-05.xml	['1448-08-05']	 	 	 
60	pl__wien-immo_tiefer_graben_3		Egidius Zimmermann Haus	 	immo	ref	None	None	00300-eintrag_vom_1448-08-05.xml	['1448-08-05']	 	 	 
61	pl__wien-immo_tiefer_graben_1		Dorothea und Pankraz Widmer Haus	 	immo	ref	issuer	NULL	00300-eintrag_vom_1448-08-05.xml	['1448-08-05']	 	 	 
62	pl__wien-immo_hoher_markt_1		Elisabeth und Stephan Goltpach Haus	 	immo	ref	transactiongood_I	ev__SB_CD_00349	00349-eintrag_vom_1448-02-22.xml	['1448-02-22']	 	 	 
63	pl__wien-hoher_markt	Hohermarkt (I.Bezirk) forum altum forum; Fischmarkt, an dem hohenmarkt; unter den Wentkremen, an dem hohenmarkt	Hohermarkt (I.Bezirk)	forum; altum forum	street	corresp	None	None	00349-eintrag_vom_1448-02-22.xml	['1448-02-22']	 	 	 
64	pl__wien-hoher_markt_fischmarkt		Fischmarkt, an dem hohenmarkt	 	street	corresp	None	None	00349-eintrag_vom_1448-02-22.xml	['1448-02-22']	 	 	 
65	pl__wien-immo_hoher_markt_2		 	Steffans Fúgenstaler haus	immo	corresp	None	None	00349-eintrag_vom_1448-02-22.xml	['1448-02-22']	 	 	 
66	pl__wien-immo_hoher_markt_2		 	Steffans Fúgenstaler haus	immo	ref	None	None	00349-eintrag_vom_1448-02-22.xml	['1448-02-22']	 	 	 
67	pl__wien-immo_hoher_markt_1		Elisabeth und Stephan Goltpach Haus	 	immo	ref	issuer	NULL	00349-eintrag_vom_1448-02-22.xml	['1448-02-22']	 	 	 
68	pl__eferding		Eferding	 	settlement	corresp	None	None	00351-eintrag_vom_1448-11-29.xml	['1448-11-29']			
69	pl__wien-immo_weidenstrasse_1		Elisabth Hubner (vormals Linczer) Haus	 	immo	ref	transactiongood_I	ev__SB_CD_00351	00351-eintrag_vom_1448-11-29.xml	['1448-11-29']	 	 	 
70	pl__wien-widmertor		Widmertor	 	street	corresp	None	None	00351-eintrag_vom_1448-11-29.xml	['1448-11-29']	 	 	 
71	pl__wien-weidenstrasse		Weidenstrasse vor Widmertor	 	street	corresp	None	None	00351-eintrag_vom_1448-11-29.xml	['1448-11-29']	 	 	
72	pl__wien-immo_weidenstrasse_2		 	Petern des Letzelter haws	immo	corresp	None	None	00351-eintrag_vom_1448-11-29.xml	['1448-11-29']	 	 	 
73	pl__wien-immo_weidenstrasse_2		 	Petern des Letzelter haws	immo	ref	None	None	00351-eintrag_vom_1448-11-29.xml	['1448-11-29']	 	 	 
74	pl__wien-immo_moering_unter_den_schlossern_am_graben_1		Friedrich im Hof, der Schlosser, Haus	 	immo	ref	transactiongood_I	ev__SB_CD_00406	00406-eintrag_vom_1448-05-31.xml	['1448-05-31']	 	 	 
75	pl__wien-moering		Möring (I. Bezirk)	auf der Morin	street	corresp	None	None	00406-eintrag_vom_1448-05-31.xml	['1448-05-31']	 	 	 
76	pl__wien-graben		(am) Graben	 	street	corresp	None	None	00406-eintrag_vom_1448-05-31.xml	['1448-05-31']	 	 	 
77	pl__wien-immo_moering_unter_den_schlossern_am_graben_2		 	Niclasen Légler haus	immo	corresp	None	None	00406-eintrag_vom_1448-05-31.xml	['1448-05-31']	 	 	 
78	pl__wien-immo_moering_unter_den_schlossern_am_graben_2		 	Niclasen Légler haus	immo	ref	None	None	00406-eintrag_vom_1448-05-31.xml	['1448-05-31']	 	 	 
79	pl__wien-immo_moering_unter_den_schlossern_am_graben_2		 	Niclasen Légler haus	immo	corresp	None	None	00406-eintrag_vom_1448-05-31.xml	['1448-05-31']	 	 	 
80	pl__wien-schottentor		Schottentor	 	street	corresp	None	None	00604-eintrag_vom_1448-02-24.xml	['1448-02-24']	 	 	 
81	pl__wien-immo_alserstrasse_vor_schottentor_1		Johann Auer Haus	 	immo	ref	transactiongood_I	ev__SB_CD_00604	00604-eintrag_vom_1448-02-24.xml	['1448-02-24']	 	 	 
82	pl__wien-alserstrasse_vor_schottentor		Alserstrasse (VIII., IX., XVII. Bezirk)	 	street	corresp	None	None	00604-eintrag_vom_1448-02-24.xml	['1448-02-24']	 	 	 
83	pl__wien-immo_alserstrasse_vor_schottentor_2		 	Niclasen Pernharts des Fürer haws	immo	corresp	None	None	00604-eintrag_vom_1448-02-24.xml	['1448-02-24']	 	 	 
84	pl__wien-immo_alserstrasse_vor_schottentor_2		 	Niclasen Pernharts des Fürer haws	immo	ref	None	None	00604-eintrag_vom_1448-02-24.xml	['1448-02-24']	 	 	 
85	pl__wien-immo_alserstrasse_vor_schottentor_2		 	Niclasen Pernharts des Fürer haws	immo	corresp	None	None	00604-eintrag_vom_1448-02-24.xml	['1448-02-24']	 	 	 
86	pl__wien-immo_alserstrasse_vor_schottentor_1		Johann Auer Haus	 	immo	ref	transactiongood_I	ev__SB_CD_00604	00604-eintrag_vom_1448-02-24.xml	['1448-02-24']	 	 	 
87	pl__wien-alserstrasse_vor_schottentor		Alserstrasse (VIII., IX., XVII. Bezirk)	 	street	corresp	None	None	00604-eintrag_vom_1448-02-24.xml	['1448-02-24']	 	 	 
88	pl__wien-immo_alserstrasse_vor_schottentor_3		 	des Officials haus das yecz der stat mautthaus ist	immo	corresp	None	None	00604-eintrag_vom_1448-02-24.xml	['1448-02-24']	 	 	 
89	pl__wien-immo_alserstrasse_vor_schottentor_3		 	des Officials haus das yecz der stat mautthaus ist	immo	ref	None	None	00604-eintrag_vom_1448-02-24.xml	['1448-02-24']	 	 	 
90	pl__wien-immo_alserstrasse_vor_schottentor_1		Johann Auer Haus	 	immo	ref	issuer	NULL	00604-eintrag_vom_1448-02-24.xml	['1448-02-24']	 	 	 
91	pl__wien-immo_alserstrasse_vor_schottentor_1		Johann Auer Haus	 	immo	ref	issuer	NULL	00604-eintrag_vom_1448-02-24.xml	['1448-02-24']	 	 	 
92	pl__wien-immo_alserstrasse_vor_schottentor_1		Johann Auer Haus	 	immo	ref	issuer	NULL	00604-eintrag_vom_1448-02-24.xml	['1448-02-24']	 	 	 
93	pl__wien-immo_laimgrub_vor_widmertor_1		Johann Weinperger Haus	 	immo	ref	transactiongood_I	ev__SB_CD_00605	00605-eintrag_vom_1448-03-04.xml	['1448-03-04']	 	 	 
94	pl__wien-widmertor		Widmertor	 	street	corresp	None	None	00605-eintrag_vom_1448-03-04.xml	['1448-03-04']	 	 	 
95	pl__wien-laimgrub_vor_widmertor		in der Laimgrub, vor Widmertor	in der Laimgrub	street	corresp	None	None	00605-eintrag_vom_1448-03-04.xml	['1448-03-04']	 	 	 
96	pl__wien-immo_laimgrub_vor_widmertor_2		Georg Salczer Haus	 	immo	corresp	None	None	00605-eintrag_vom_1448-03-04.xml	['1448-03-04']	 	 	 
97	pl__wien-immo_laimgrub_vor_widmertor_1		Johann Weinperger Haus	 	immo	ref	issuer	NULL	00605-eintrag_vom_1448-03-04.xml	['1448-03-04']	 	 	 
98	pl__wien-immo_salzgries_1		Johann Würer Haus	 	immo	ref	transactiongood_I	ev__SB_CD_00606	00606-eintrag_vom_1448-04-03.xml	['1448-04-03']	 	 	 
99	pl__wien-salzgries		am Salzgries	 	street	corresp	None	None	00606-eintrag_vom_1448-04-03.xml	['1448-04-03']	 	 	 
100	pl__wien-immo_salzgries_2		Liebhard Weiss Haus	 	immo	corresp	None	None	00606-eintrag_vom_1448-04-03.xml	['1448-04-03']	 	 	 
101	pl__wien-immo_salzgries_2		Liebhard Weiss Haus	 	immo	ref	None	None	00606-eintrag_vom_1448-04-03.xml	['1448-04-03']	 	 	 
102	pl__wien-immo_salzgries_1		Johann Würer Haus	 	immo	ref	issuer	ev__SB_CD_00606_men_1	00606-eintrag_vom_1448-04-03.xml	['1448-04-03']	 	 	 
103	pl__wien-schottentor		Schottentor	 	street	corresp	None	None	00607-eintrag_vom_1448-03-13.xml	['1448-03-13']	 	 	 
104	pl__wien-immo_alserstrasse_vor_schottentor_4		Johann und Katharina Spannberger Haus	 	immo	ref	transactiongood_I	ev__SB_CD_00607	00607-eintrag_vom_1448-03-13.xml	['1448-03-13']	 	 	 
105	pl__wien-alserstrasse_vor_schottentor		Alserstrasse (VIII., IX., XVII. Bezirk)	 	street	corresp	None	None	00607-eintrag_vom_1448-03-13.xml	['1448-03-13']	 	 	 
106	pl__wien-immo_alserstrasse_vor_schottentor_5		 	des Rauscher haus	immo	corresp	None	None	00607-eintrag_vom_1448-03-13.xml	['1448-03-13']	 	 	 
107	pl__wien-immo_alserstrasse_vor_schottentor_5		 	des Rauscher haus	immo	ref	None	None	00607-eintrag_vom_1448-03-13.xml	['1448-03-13']	 	 	 
108	pl__wien-immo_kohlmarkt_1		Johann und Barbara Unverdrossen (halbes) Haus (mit Zugehorung), vormals Jakob von Brünn des schneider Haus	 	immo	ref	transactiongood_I	ev__SB_CD_00608	00608-eintrag_vom_1448-04-29.xml	['1448-04-29']	 	 	 
109	pl__wien-kohlmarkt		Kohlmarkt (I.Bezirk)	alter Kohlmarkt	street	corresp	None	None	00608-eintrag_vom_1448-04-29.xml	['1448-04-29']	 	 	 
110	pl__wien-immo_kohlmarkt_1		Johann und Barbara Unverdrossen (halbes) Haus (mit Zugehorung), vormals Jakob von Brünn des schneider Haus	 	immo	ref	transactiongood_I	NULL	00608-eintrag_vom_1448-04-29.xml	['1448-04-29']	 	 	 
111	pl__wien-immo_kohlmarkt_2		Johann Schuchl des goldschmieds Haus	 	immo	corresp	None	None	00608-eintrag_vom_1448-04-29.xml	['1448-04-29']	 	 	 
112	pl__wien-immo_kohlmarkt_2		Johann Schuchl des goldschmieds Haus	 	immo	ref	None	None	00608-eintrag_vom_1448-04-29.xml	['1448-04-29']	 	 	 
113	pl__wien-immo_kohlmarkt_1		Johann und Barbara Unverdrossen (halbes) Haus (mit Zugehorung), vormals Jakob von Brünn des schneider Haus	 	immo	ref	issuer	ev__SB_CD_00608_men_1	00608-eintrag_vom_1448-04-29.xml	['1448-04-29']	 	 	 
114	pl__wien-immo_alter_fleischmarkt_6		Heinrich Rigel Haus	 	immo	ref	transactiongood_I	ev__SB_CD_00609	00609-eintrag_vom_1448-05-06.xml	['1448-05-06']	 	 	 
115	pl__wien-immo_alter_fleischmarkt_6		Heinrich Rigel Haus	 	immo	corresp	None	None	00609-eintrag_vom_1448-05-06.xml	['1448-05-06']	 	 	 
116	pl__wien-alter_fleischmarkt		Alter Fleischmarkt	 	street	corresp	None	None	00609-eintrag_vom_1448-05-06.xml	['1448-05-06']	 	 	 
117	pl__wien-immo_alter_fleischmarkt_4		 	der stat newem kassten	immo	corresp	None	None	00609-eintrag_vom_1448-05-06.xml	['1448-05-06']	 	 	 
118	pl__wien-immo_alter_fleischmarkt_4		 	der stat newem kassten	immo	ref	None	None	00609-eintrag_vom_1448-05-06.xml	['1448-05-06']	 	 	 
119	pl__wien-immo_alter_fleischmarkt_4		 	der stat newem kassten	immo	corresp	None	None	00609-eintrag_vom_1448-05-06.xml	['1448-05-06']	 	 	 
120	pl__wien-immo_alter_fleischmarkt_5		 	der studenten von Bresslaw haus	immo	corresp	None	None	00609-eintrag_vom_1448-05-06.xml	['1448-05-06']	 	 	 
121	pl__wien-immo_alter_fleischmarkt_5		 	der studenten von Bresslaw haus	immo	ref	None	None	00609-eintrag_vom_1448-05-06.xml	['1448-05-06']	 	 	 
122	pl__wien-immo_schulstrasse_vordere_1		Johann und Dorothea Ofner halbes Haus	 	immo	ref	transactiongood_I	ev__SB_CD_00610	00610-eintrag_vom_1448-05-29.xml	['1448-05-29']	 	 	 
123	pl__wien-schulstrasse_vordere		Schulstrass (I. Bezirk)	 	street	corresp	None	None	00610-eintrag_vom_1448-05-29.xml	['1448-05-29']	 	 	 
124	pl__wien-juristenschule		Juristenschul	 	street	corresp	None	None	00610-eintrag_vom_1448-05-29.xml	['1448-05-29']	 	 	 
125	pl__wien-immo_schulstrasse_vordere_2		Peter Engelhartsstetter Haus	 	immo	corresp	None	None	00610-eintrag_vom_1448-05-29.xml	['1448-05-29']	 	 	 
126	pl__wien-immo_schulstrasse_vordere_2		Peter Engelhartsstetter Haus	 	immo	ref	None	None	00610-eintrag_vom_1448-05-29.xml	['1448-05-29']	 	 	 
127	pl__wien-immo_st_johannsstrasse_2		Johann und Agnes Teuffenpekch Haus	 	immo	ref	transactiongood_I	ev__SB_CD_00612	00611-eintrag_vom_1448-06-21.xml	['1448-06-21']	 	 	 
128	pl__wien-st_johannssstrasse		S. Johanns Strasse (I.Bezirk)	 	street	corresp	None	None	00611-eintrag_vom_1448-06-21.xml	['1448-06-21']	 	 	 
129	pl__wien-immo_st_johannsstrasse_1		 	des Grünpekchen haus	immo	corresp	None	None	00611-eintrag_vom_1448-06-21.xml	['1448-06-21']	 	 	 
130	pl__wien-immo_st_johannsstrasse_1		 	des Grünpekchen haus	immo	ref	None	None	00611-eintrag_vom_1448-06-21.xml	['1448-06-21']	 	 	 
131	pl__wien-immo_hoher_markt_3		Johann Payr, des schuster, Haus	 	immo	ref	transactiongood_I	ev__SB_CD_00612	00612-eintrag_vom_1448-07-10.xml	['1448-07-10']	 	 	 
132	pl__wien-hoher_markt	Hohermarkt (I.Bezirk) forum altum forum; Fischmarkt, an dem hohenmarkt; unter den Wentkremen, an dem hohenmarkt	Hohermarkt (I.Bezirk)	forum; altum forum	street	corresp	None	None	00612-eintrag_vom_1448-07-10.xml	['1448-07-10']	 	 	 
133	pl__wien-hoher_markt_fischmarkt		Fischmarkt, an dem hohenmarkt	 	street	corresp	None	None	00612-eintrag_vom_1448-07-10.xml	['1448-07-10']	 	 	 
134	pl__wien-immo_hoher_markt_4		 	Waitzen des Kursner haus	immo	corresp	None	None	00612-eintrag_vom_1448-07-10.xml	['1448-07-10']	 	 	 
135	pl__wien-immo_hoher_markt_4		 	Waitzen des Kursner haus	immo	ref	None	None	00612-eintrag_vom_1448-07-10.xml	['1448-07-10']	 	 	 
136	pl__wien-immo_kohlmarkt_1		Johann und Barbara Unverdrossen (halbes) Haus (mit Zugehorung), vormals Jakob von Brünn des schneider Haus	 	immo	ref	transactiongood_I	ev__SB_CD_00613	00613-eintrag_vom_1448-07-17.xml	['1448-07-17']	 	 	 
137	pl__wien-kohlmarkt		Kohlmarkt (I.Bezirk)	alter Kohlmarkt	street	corresp	None	None	00613-eintrag_vom_1448-07-17.xml	['1448-07-17']	 	 	 
138	pl__wien-immo_kohlmarkt_4		Niklas Vorstl, der wundarzt, Haus	 	immo	corresp	None	None	00613-eintrag_vom_1448-07-17.xml	['1448-07-17']	 	 	 
139	pl__wien-immo_kohlmarkt_4		Niklas Vorstl, der wundarzt, Haus	 	immo	ref	None	None	00613-eintrag_vom_1448-07-17.xml	['1448-07-17']	 	 	 
140	pl__wien-immo_kohlmarkt_4		Niklas Vorstl, der wundarzt, Haus	 	immo	corresp	None	None	00613-eintrag_vom_1448-07-17.xml	['1448-07-17']	 	 	 
141	pl__wien-immo_kohlmarkt_1		Johann und Barbara Unverdrossen (halbes) Haus (mit Zugehorung), vormals Jakob von Brünn des schneider Haus	 	immo	ref	issuer	ev__SB_CD_00608_men_1	00613-eintrag_vom_1448-07-17.xml	['1448-07-17']	 	 	 
142	pl__wien-immo_kohlmarkt_1		Johann und Barbara Unverdrossen (halbes) Haus (mit Zugehorung), vormals Jakob von Brünn des schneider Haus	 	immo	ref	issuer	ev__SB_CD_00608	00613-eintrag_vom_1448-07-17.xml	['1448-07-17']	 	 	 
143	pl__wien-immo_peurertor_1		Ulrich Pernauer des gurtler Haus	 	immo	ref	issuer	NULL	00613-eintrag_vom_1448-07-17.xml	['1448-07-17']	 	 	 
144	pl__wien-peurertor		Peurertor (I. Bezirk)	Peilertor	street	corresp	None	None	00613-eintrag_vom_1448-07-17.xml	['1448-07-17']	 	 	 
145	pl__wien-immo_salzgries_1		Johann Würer Haus	 	immo	ref	transactiongood_I	ev__SB_CD_00614	00614-eintrag_vom_1448-07-29.xml	['1448-07-29']	 	 	 
146	pl__wien-salzgries		am Salzgries	 	street	corresp	None	None	00614-eintrag_vom_1448-07-29.xml	['1448-07-29']	 	 	 
147	pl__wien-immo_salzgries_2		Liebhard Weiss Haus	 	immo	corresp	None	None	00614-eintrag_vom_1448-07-29.xml	['1448-07-29']	 	 	 
148	pl__wien-immo_salzgries_2		Liebhard Weiss Haus	 	immo	ref	None	None	00614-eintrag_vom_1448-07-29.xml	['1448-07-29']	 	 	 
149	pl__wien-immo_pippingerstrasse_1		Johann und Agnes Hinlauf Haus	 	immo	ref	transactiongood_I	ev__SB_CD_00616	00616-eintrag_vom_1448-07-19.xml	['1448-07-19']	 	 	 
150	pl__wien-pippingerstrasse		Pippingerstrasse (I.Bezirk)	 	street	corresp	None	None	00616-eintrag_vom_1448-07-19.xml	['1448-07-19']	 	 	 
151	pl__wien-immo_pippingerstrasse_2		Georg von Ror, der fleischacker, Haus	 	immo	corresp	None	None	00616-eintrag_vom_1448-07-19.xml	['1448-07-19']	 	 	 
152	pl__wien-immo_pippingerstrasse_2		Georg von Ror, der fleischacker, Haus	 	immo	ref	None	None	00616-eintrag_vom_1448-07-19.xml	['1448-07-19']	 	 	 
153	pl__wien-immo_kohlmarkt_2		Johann Schuchl des goldschmieds Haus	 	immo	ref	transactiongood_I	ev__SB_CD_00617	00617-eintrag_vom_1448-08-26.xml	['1448-08-26']	 	 	 
154	pl__wien-kohlmarkt		Kohlmarkt (I.Bezirk)	alter Kohlmarkt	street	corresp	None	None	00617-eintrag_vom_1448-08-26.xml	['1448-08-26']	 	 	 
155	pl__wien-immo_kohlmarkt_5		Ulrich Fochter Haus	 	immo	corresp	None	None	00617-eintrag_vom_1448-08-26.xml	['1448-08-26']	 	 	 
156	pl__wien-immo_kohlmarkt_5		Ulrich Fochter Haus	 	immo	ref	None	None	00617-eintrag_vom_1448-08-26.xml	['1448-08-26']	 	 	 
157	pl__wien-immo_kohlmarkt_6		Heinrich und Margarethe Eschlbach Haus	 	immo	ref	transactiongood_I	ev__SB_CD_00618	00618-eintrag_vom_1448-09-02.xml	['1448-09-02']	 	 	 
158	pl__wien-kohlmarkt		Kohlmarkt (I.Bezirk)	alter Kohlmarkt	street	corresp	None	None	00618-eintrag_vom_1448-09-02.xml	['1448-09-02']	 	 	 
159	pl__wien-immo_kohlmarkt_7		 	des Fuchsleins haus	immo	corresp	None	None	00618-eintrag_vom_1448-09-02.xml	['1448-09-02']	 	 	 
160	pl__wien-immo_kohlmarkt_7		 	des Fuchsleins haus	immo	ref	None	None	00618-eintrag_vom_1448-09-02.xml	['1448-09-02']	 	 	 
161	pl__wien-immo_geraeut_vor_stubentor_1		 	Fridreichs kochs haus und hofstat weingarten	immo	ref	issuer	NULL	00618-eintrag_vom_1448-09-02.xml	['1448-09-02']	 	 	 
162	pl__wien-geraeut_vor_stubentor		im Geräut, vor Stubentor	 	street	corresp	None	None	00618-eintrag_vom_1448-09-02.xml	['1448-09-02']	 	 	 
163	pl__wien-immo_kohlmarkt_6		Heinrich und Margarethe Eschlbach Haus	 	immo	ref	transactiongood_I	None	00619-eintrag_vom_1448-09-04.xml	['1448-09-04']	 	 	 
164	pl__wien-kohlmarkt		Kohlmarkt (I.Bezirk)	alter Kohlmarkt	street	corresp	None	None	00619-eintrag_vom_1448-09-04.xml	['1448-09-04']	 	 	 
165	pl__wien-immo_kohlmarkt_8		Johann Unverdrossen, der plattner, Haus	 	immo	corresp	None	None	00619-eintrag_vom_1448-09-04.xml	['1448-09-04']	 	 	 
166	pl__wien-immo_kohlmarkt_8		Johann Unverdrossen, der plattner, Haus	 	immo	ref	None	None	00619-eintrag_vom_1448-09-04.xml	['1448-09-04']	 	 	 
167	pl__wien-immo_kohlmarkt_1		Johann und Barbara Unverdrossen (halbes) Haus (mit Zugehorung), vormals Jakob von Brünn des schneider Haus	 	immo	corresp	None	None	00619-eintrag_vom_1448-09-04.xml	['1448-09-04']	 	 	 
168	pl__wien-immo_kaerntnertor_1		Johann Kieler Haus	 	immo	ref	transactiongood_I	ev__SB_CD_00620	00620-eintrag_vom_1448-11-20.xml	['1448-11-20']	 	 	 
169	pl__wien-kaerntnertor		Kärntnerthor	Kernertor	street	corresp	None	None	00620-eintrag_vom_1448-11-20.xml	['1448-11-20']	 	 	 
170	pl__wien-immo_kaerntnertor_2		Ulrich Floederl, der schlosser, Haus	 	immo	corresp	None	None	00620-eintrag_vom_1448-11-20.xml	['1448-11-20']	 	 	 
171	pl__wien-immo_kaerntnertor_2		Ulrich Floederl, der schlosser, Haus	 	immo	ref	None	None	00620-eintrag_vom_1448-11-20.xml	['1448-11-20']	 	 	 
172	pl__wien-immo_haarmarkt_2		Johann Hermann Haus	 	immo	ref	transactiongood_I	ev__SB_CD_00621	00621-eintrag_vom_1448-11-27.xml	['1448-11-27']	 	 	 
173	pl__wien-immo_haarmarkt_3		Georg von Nikolsburg Haus	 	immo	ref	None	None	00621-eintrag_vom_1448-11-27.xml	['1448-11-27']	 	 	 
174	pl__wien-immo_singerstrasse_1		Johann Züchtig Haus	 	immo	ref	transactiongood_I	ev__SB_CD_00622	00622-eintrag_vom_1448-12-09.xml	['1448-12-09']	 	 	 
175	pl__wien-singerstrasse		Singerstrasse (I. Bezirk)	Súnigerstrass	street	corresp	None	None	00622-eintrag_vom_1448-12-09.xml	['1448-12-09']	 	 	 
176	pl__wien-immo_singerstrasse_1		Johann Züchtig Haus	 	immo	corresp	None	None	00622-eintrag_vom_1448-12-09.xml	['1448-12-09']	 	 	 
177	pl__wien-immo_singerstrasse_1		Johann Züchtig Haus	 	immo	ref	None	None	00622-eintrag_vom_1448-12-09.xml	['1448-12-09']	 	 	 
178	pl__wien-immo_teinfaltstrasse_1		Johann Frey, der parhander, Haus	 	immo	ref	transactiongood_I	ev__SB_CD_00623	00623-eintrag_vom_1448-12-13.xml	['1448-12-13']	 	 	 
179	pl__wien-teinfaltstrasse		Teinfaltstrasse(I.Bezirk)	Tunfoltstrass	street	corresp	None	None	00623-eintrag_vom_1448-12-13.xml	['1448-12-13']	 	 	 
180	pl__wien-immo_teinfaltstrasse_2		Johann Höphl haus	 	immo	corresp	None	None	00623-eintrag_vom_1448-12-13.xml	['1448-12-13']	 	 	 
181	pl__wien-immo_teinfaltstrasse_2		Johann Höphl haus	 	immo	ref	None	None	00623-eintrag_vom_1448-12-13.xml	['1448-12-13']	 	 	 
182	pl__wien-immo_strauchgasse_1		Johann Weilhaimer Haus	 	immo	ref	transactiongood_I	ev__SB_CD_00624	00624-eintrag_vom_1448-09-23.xml	['1448-09-23']	 	 	 
183	pl__wien-immo_hochstrasse_1		Johann Stremphl und Stephan Sorgenfrey, der huter, Haus	 	immo	ref	issuer	NULL	00624-eintrag_vom_1448-09-23.xml	['1448-09-23']	 	 	 
184	pl__wien-immo_haarmarkt_2		Johann Hermann Haus	 	immo	ref	transactiongood_I	ev__SB_CD_00625	00625-eintrag_vom_1448-12-11.xml	['1448-12-11']	 	 	 
185	pl__wien-haarmarkt		Haarmarkt (I.Bezirk)	 	street	corresp	None	None	00625-eintrag_vom_1448-12-11.xml	['1448-12-11']	 	 	 
186	pl__wien-alter_fleischmarkt		Alter Fleischmarkt	 	street	corresp	None	None	00625-eintrag_vom_1448-12-11.xml	['1448-12-11']	 	 	 
187	pl__wien-immo_haarmarkt_3		Georg von Nikolsburg Haus	 	immo	corresp	None	None	00625-eintrag_vom_1448-12-11.xml	['1448-12-11']	 	 	 
188	pl__wien-immo_haarmarkt_3		Georg von Nikolsburg Haus	 	immo	ref	None	None	00625-eintrag_vom_1448-12-11.xml	['1448-12-11']	 	 	 
189	pl__wien-immo_haarmarkt_3		Georg von Nikolsburg Haus	 	immo	corresp	None	None	00625-eintrag_vom_1448-12-11.xml	['1448-12-11']	 	 	 
190	pl__wien-immo_haarmarkt_4		weilent Ulrich von Steir Haus	 	immo	corresp	None	None	00625-eintrag_vom_1448-12-11.xml	['1448-12-11']	 	 	 
191	pl__wien-immo_haarmarkt_4		weilent Ulrich von Steir Haus	 	immo	ref	None	None	00625-eintrag_vom_1448-12-11.xml	['1448-12-11']	 	 	 
192	pl__wien-immo_strauchgasse_1		Johann Weilhaimer Haus	 	immo	ref	transactiongood_I	ev__SB_CD_00626	00626-eintrag_vom_1448-12-20.xml	['1448-12-20']	 	 	 
193	pl__wien-strauchgasse		Strauchgasse (I.Bezirk)	 	street	corresp	None	None	00626-eintrag_vom_1448-12-20.xml	['1448-12-20']	 	 	 
194	pl__wien-immo_strauchgasse_2		Heinrich Maler Haus	 	immo	corresp	None	None	00626-eintrag_vom_1448-12-20.xml	['1448-12-20']	 	 	 
195	pl__wien-immo_strauchgasse_2		Heinrich Maler Haus	 	immo	ref	None	None	00626-eintrag_vom_1448-12-20.xml	['1448-12-20']	 	 	 
196	pl__wien-immo_walichstrasse_3		Lorenz Swarcz Haus	 	immo	ref	issuer	ev__SB_CD_00626_a	00626-eintrag_vom_1448-12-20.xml	['1448-12-20']	 	 	 
197	pl__wien-walichstrasse		Wallnerstrasse (I. Bezirk); Walichstrass	 	street	corresp	None	None	00626-eintrag_vom_1448-12-20.xml	['1448-12-20']	 	 	
198	pl__wien-immo_gottesacker_vor_kaertnertor_1		Heinrich Wurm, der pekch, Haus	 	immo	ref	transactiongood_I	ev__SB_CD_00627	00627-eintrag_vom_1448-12-20.xml	['1448-12-20']	 	 	 
199	pl__wien-kaerntnertor		Kärntnerthor	Kernertor	street	corresp	None	None	00627-eintrag_vom_1448-12-20.xml	['1448-12-20']	 	 	 
200	pl__wien-gottesacker_vor_kaertnertor		Gottesacker vor Kernertor	 	street	corresp	None	None	00627-eintrag_vom_1448-12-20.xml	['1448-12-20']	 	 	 
201	pl__wien-immo_gottesacker_vor_kaertnertor_1		Heinrich Wurm, der pekch, Haus	 	immo	ref	issuer	NULL	00627-eintrag_vom_1448-12-20.xml	['1448-12-20']	 	 	 
202	pl__wien-immo_siebenherbergen_vor_kaertnertor_1		Georg Krumpp, der binder, Haus und Garten daran	 	immo	ref	transactiongood_I	ev__SB_CD_00966	00966-eintrag_vom_1448-06-07.xml	['1448-06-07']	 	 	 
203	pl__wien-siebenherbergen_vor_kaertnertor		 	bei den Sibenherbergen vor Kernertor zenagst der Prugken	street	corresp	None	None	00966-eintrag_vom_1448-06-07.xml	['1448-06-07']	 	 	 
204	pl__wien-st_koloman		S. Koloman auf dem Gottesacker vor Kartnertor	 	street	corresp	None	None	00966-eintrag_vom_1448-06-07.xml	['1448-06-07']	 	 	 
205	pl__wien-immo_siebenherbergen_vor_kaertnertor_2		Georg Krumpp, der binder,	hofmarch, daz emaln ain haus gewesen ist	immo	ref	transactiongood_I	ev__SB_CD_00966	00966-eintrag_vom_1448-06-07.xml	['1448-06-07']	 	 	 
206	pl__wien-immo_siebenherbergen_vor_kaertnertor_2		Georg Krumpp, der binder,	hofmarch, daz emaln ain haus gewesen ist	immo	ref	issuer	NULL	00966-eintrag_vom_1448-06-07.xml	['1448-06-07']	 	 	 
207	pl__wien-immo_siebenherbergen_vor_kaertnertor_1		Georg Krumpp, der binder, Haus und Garten daran	 	immo	ref	issuer	NULL	00966-eintrag_vom_1448-06-07.xml	['1448-06-07']	 	 	 
208	pl__wien-immo_siebenherbergen_vor_kaertnertor_2		Georg Krumpp, der binder,	hofmarch, daz emaln ain haus gewesen ist	immo	ref	issuer	NULL	00966-eintrag_vom_1448-06-07.xml	['1448-06-07']	 	 	 
209	pl__wien-immo_kaerntnerstrasse_2		Jakob Straiffing und Peter Obrcht, weilent Erhard Neunkirchner, Haus	 	immo	ref	transactiongood_I	ev__SB_CD_00968	00968-eintrag_vom_1448-07-10.xml	['1448-07-10']	 	 	 
210	pl__wien-kaerntnerstrasse		Kärntnerstrasse (I.Bezirk)	Kernerstrass	street	corresp	None	None	00968-eintrag_vom_1448-07-10.xml	['1448-07-10']	 	 	 
211	pl__wien-immo_kaerntnerstrasse_3		Heinrich Stoll Haus	 	immo	corresp	None	None	00968-eintrag_vom_1448-07-10.xml	['1448-07-10']	 	 	 
212	pl__wien-immo_kaerntnerstrasse_3		Heinrich Stoll Haus	 	immo	ref	None	None	00968-eintrag_vom_1448-07-10.xml	['1448-07-10']	 	 	 
213	pl__wien-immo_kaerntnerstrasse_3		Heinrich Stoll Haus	 	immo	corresp	None	None	00968-eintrag_vom_1448-07-10.xml	['1448-07-10']	 	 	 
214	pl__wien-st_pankraz		S. Pancratius	 	street	corresp	None	None	00969-eintrag_vom_1448-10-30.xml	['1448-10-30']	 	 	 
215	pl__wien-immo_st_pankraz_3		Georg und Elisabeth Zwettler Haus	 	immo	ref	transactiongood_I	ev__SB_CD_00969	00969-eintrag_vom_1448-10-30.xml	['1448-10-30']	 	 	 
216	pl__wien-st_pankraz		S. Pancratius	 	street	corresp	None	None	00969-eintrag_vom_1448-10-30.xml	['1448-10-30']	 	 	 
217	pl__wien-immo_st_pankraz_4		Michael Hiltprant, der schmied, Haus	 	immo	corresp	None	None	00969-eintrag_vom_1448-10-30.xml	['1448-10-30']	 	 	 
218	pl__wien-immo_st_pankraz_4		Michael Hiltprant, der schmied, Haus	 	immo	ref	None	None	00969-eintrag_vom_1448-10-30.xml	['1448-10-30']	 	 	 
219	pl__wien-st_pankraz		S. Pancratius	 	street	corresp	None	None	00969-eintrag_vom_1448-10-30.xml	['1448-10-30']	 	 	 
220	pl__wien-immo_steig_bei_den_predigern_1		Jakob Schutwempl, der fasszieher, Haus	 	immo	ref	transactiongood_I	ev__SB_CD_00970	00970-eintrag_vom_1448-11-20.xml	['1448-11-20']	 	 	 
221	pl__wien-steig_bei_den_predigern		auf dem Steig, bei den Predigern	auf dem Steig	street	corresp	None	None	00970-eintrag_vom_1448-11-20.xml	['1448-11-20']	 	 	 
222	pl__wien-immo_steig_bei_den_predigern_2		Peter von Asparn Haus	 	immo	corresp	None	None	00970-eintrag_vom_1448-11-20.xml	['1448-11-20']	 	 	 
223	pl__wien-immo_steig_bei_den_predigern_2		Peter von Asparn Haus	 	immo	ref	None	None	00970-eintrag_vom_1448-11-20.xml	['1448-11-20']	 	 	 
224	pl__wien-immo_anger_1		 	Jorg und Jacob, gepruder die Münich, Haus	immo	ref	transactiongood_I	ev__SB_CD_00971	00971-eintrag_vom_1448-12-16.xml	['1448-12-16']	 	 	 
225	pl__wien-anger		auf dem Anger (I. Bezirk)	 	street	corresp	None	None	00971-eintrag_vom_1448-12-16.xml	['1448-12-16']	 	 	 
226	pl__wien-immo_anger_2		 	der Newnperger hof	immo	corresp	None	None	00971-eintrag_vom_1448-12-16.xml	['1448-12-16']	 	 	 
227	pl__wien-immo_anger_2		 	der Newnperger hof	immo	ref	None	None	00971-eintrag_vom_1448-12-16.xml	['1448-12-16']	 	 	 
228	pl__wien-immo_anger_1		 	Jorg und Jacob, gepruder die Münich, Haus	immo	ref	issuer	NULL	00971-eintrag_vom_1448-12-16.xml	['1448-12-16']	 	 	 
229	pl__wien-immo_anger_1		 	Jorg und Jacob, gepruder die Münich, Haus	immo	ref	issuer	NULL	00971-eintrag_vom_1448-12-16.xml	['1448-12-16']	 	 	 
230	pl__wien-immo_steig_bei_den_predigern_3		Peter von Nussdorf, der schneider, Haus	 	immo	ref	issuer	NULL	00971-eintrag_vom_1448-12-16.xml	['1448-12-16']	 	 	 
231	pl__wien-steig_bei_den_predigern		auf dem Steig, bei den Predigern	auf dem Steig	street	corresp	None	None	00971-eintrag_vom_1448-12-16.xml	['1448-12-16']	 	 	 
232	pl__wien-immo_weihenburg_5		Kunigund, Hannsen des Hagen seligen witib, haus	 	immo	ref	transactiongood_I	ev__SB_CD_01099	01099-eintrag_vom_1448-02-20.xml	['1448-02-20']	 	 	 
233	pl__wien-weihenburg		Weihenburg	in der Weihenpurkch	street	corresp	None	None	01099-eintrag_vom_1448-02-20.xml	['1448-02-20']	 	 	 
234	pl__wien-immo_weihenburg_3		 	Elspeth die Kolpekchin haws	immo	corresp	None	None	01099-eintrag_vom_1448-02-20.xml	['1448-02-20']	 	 	 
235	pl__wien-immo_weihenburg_3		 	Elspeth die Kolpekchin haws	immo	ref	None	None	01099-eintrag_vom_1448-02-20.xml	['1448-02-20']	 	 	 
236	pl__wien-immo_hoher_markt_6		 	Kathrey, Wentzlaben Grat des schuster hausfrau, halbs haus	immo	ref	transactiongood_I	ev__SB_CD_01100	01100-eintrag_vom_1448-04-29.xml	['1448-04-29']	 	 	 
237	pl__wien-hoher_markt	Hohermarkt (I.Bezirk) forum altum forum; Fischmarkt, an dem hohenmarkt; unter den Wentkremen, an dem hohenmarkt	Hohermarkt (I.Bezirk)	forum; altum forum	street	corresp	None	None	01100-eintrag_vom_1448-04-29.xml	['1448-04-29']	 	 	 
238	pl__wien-hoher_markt_wentkremen		unter den Wentkremen, an dem hohenmarkt	 	street	corresp	None	None	01100-eintrag_vom_1448-04-29.xml	['1448-04-29']	 	 	 
239	pl__wien-immo_hoher_markt_5		 	Niklas Sawr des schuster haus	immo	corresp	None	None	01100-eintrag_vom_1448-04-29.xml	['1448-04-29']	 	 	 
240	pl__wien-immo_hoher_markt_5		 	Niklas Sawr des schuster haus	immo	ref	None	None	01100-eintrag_vom_1448-04-29.xml	['1448-04-29']	 	 	 
241	pl__wien-immo_hoher_markt_5		 	Niklas Sawr des schuster haus	immo	corresp	None	None	01100-eintrag_vom_1448-04-29.xml	['1448-04-29']	 	 	 
242	pl__wien-immo_baeckerstrasse_hintere_1		Leonhard Grünpacher Haus	 	immo	ref	transactiongood_I	ev__SB_CD_01146	01146-eintrag_vom_1448-04-12.xml	['1448-04-12']	 	 	 
243	pl__wien-baeckerstrasse_hintere		Hintere Bäckerstrasse (I. Bezirk)	 	street	corresp	None	None	01146-eintrag_vom_1448-04-12.xml	['1448-04-12']	 	 	 
244	pl__wien-immo_baeckerstrasse_hintere_2		der Pirchnerin haws	 	immo	corresp	None	None	01146-eintrag_vom_1448-04-12.xml	['1448-04-12']	 	 	 
245	pl__wien-immo_baeckerstrasse_hintere_2		der Pirchnerin haws	 	immo	ref	None	None	01146-eintrag_vom_1448-04-12.xml	['1448-04-12']	 	 	 
246	pl__wien-immo_baeckerstrasse_hintere_1		Leonhard Grünpacher Haus	 	immo	ref	transactiongood_I	NULL	01146-eintrag_vom_1448-04-12.xml	['1448-04-12']	 	 	 
247	pl__wien-immo_walichstrasse_1		Lorenz Krakauer Haus	 	immo	ref	transactiongood_I	ev__SB_CD_01147	01147-eintrag_vom_1448-04-29.xml	['1448-04-29']	 	 	 
248	pl__wien-walichstrasse		Wallnerstrasse (I. Bezirk); Walichstrass	 	street	corresp	None	None	01147-eintrag_vom_1448-04-29.xml	['1448-04-29']	 	 	
249	pl__wien-immo_walichstrasse_2		Johann Peinhekchl des brunner Haus	 	immo	corresp	None	None	01147-eintrag_vom_1448-04-29.xml	['1448-04-29']	 	 	 
250	pl__wien-immo_walichstrasse_2		Johann Peinhekchl des brunner Haus	 	immo	ref	None	None	01147-eintrag_vom_1448-04-29.xml	['1448-04-29']	 	 	 
251	pl__wien-immo_kienmarkt_5		Leonhard Kriech Haus	 	immo	ref	transactiongood_I	ev__SB_CD_01148	01148-eintrag_vom_1448-05-17.xml	['1448-05-17']	 	 	 
252	pl__wien-kienmarkt		Kienmarkt (I.Bezirk)		street	corresp	None	None	01148-eintrag_vom_1448-05-17.xml	['1448-05-17']	 	 	 
253	pl__wien-immo_kienmarkt_6		Martin, der wachsgiesser, Haus	 	immo	corresp	None	None	01148-eintrag_vom_1448-05-17.xml	['1448-05-17']	 	 	 
254	pl__wien-immo_kienmarkt_6		Martin, der wachsgiesser, Haus	 	immo	ref	None	None	01148-eintrag_vom_1448-05-17.xml	['1448-05-17']	 	 	 
255	pl__wien-immo_walichstrasse_3		Lorenz Swarcz Haus	 	immo	ref	transactiongood_I	ev__SB_CD_01149	01149-eintrag_vom_1448-09-02.xml	['1448-09-02']	 	 	 
256	pl__wien-walichstrasse		Wallnerstrasse (I. Bezirk); Walichstrass	 	street	corresp	None	None	01149-eintrag_vom_1448-09-02.xml	['1448-09-02']	 	 	
257	pl__wien-immo_walichstrasse_4		 	des Gréfenperger háws	immo	corresp	None	None	01149-eintrag_vom_1448-09-02.xml	['1448-09-02']	 	 	 
258	pl__wien-immo_walichstrasse_4		 	des Gréfenperger háws	immo	ref	None	None	01149-eintrag_vom_1448-09-02.xml	['1448-09-02']	 	 	 
259	pl__wien-immo_kienmarkt_7		Fridreichen von Minden, der kursner, Haus	 	immo	ref	transactiongood_I	ev__SB_CD_01150	01150-eintrag_vom_1448-03-04.xml	['1448-03-04']	 	 	 
260	pl__wien-kienmarkt		Kienmarkt (I.Bezirk)		street	corresp	None	None	01150-eintrag_vom_1448-03-04.xml	['1448-03-04']	 	 	 
261	pl__wien-immo_kienmarkt_8		Georg Schuchler Haus	 	immo	corresp	None	None	01150-eintrag_vom_1448-03-04.xml	['1448-03-04']	 	 	 
262	pl__wien-immo_kienmarkt_7		Fridreichen von Minden, der kursner, Haus	 	immo	ref	issuer	NULL	01150-eintrag_vom_1448-03-04.xml	['1448-03-04']	 	 	 
263	pl__wien-immo_kienmarkt_1		Michael Viregk Haus	 	immo	ref	transactiongood_I	ev__SB_CD_01239	01239-eintrag_vom_1448-03-13.xml	['1448-03-13']	 	 	 
264	pl__wien-kienmarkt		Kienmarkt (I.Bezirk)		street	corresp	None	None	01239-eintrag_vom_1448-03-13.xml	['1448-03-13']	 	 	 
265	pl__wien-immo_kienmarkt_2		Lorenz Swancz Haus	 	immo	corresp	None	None	01239-eintrag_vom_1448-03-13.xml	['1448-03-13']	 	 	 
266	pl__wien-immo_kienmarkt_2		Lorenz Swancz Haus	 	immo	ref	None	None	01239-eintrag_vom_1448-03-13.xml	['1448-03-13']	 	 	 
267	pl__wien-immo_hoher_markt_7		Matthias Vogpurger haus, genant des Silbrein Hensleins Haus	 	immo	ref	transactiongood_I	ev__SB_CD_01240	01240-eintrag_vom_1448-03-15.xml	['1448-03-15']	 	 	 
268	pl__wien-hoher_markt	Hohermarkt (I.Bezirk) forum altum forum; Fischmarkt, an dem hohenmarkt; unter den Wentkremen, an dem hohenmarkt	Hohermarkt (I.Bezirk)	forum; altum forum	street	corresp	None	None	01240-eintrag_vom_1448-03-15.xml	['1448-03-15']	 	 	 
269	pl__wien-immo_hoher_markt_8		 	dem Schrein haus	immo	corresp	None	None	01240-eintrag_vom_1448-03-15.xml	['1448-03-15']	 	 	 
270	pl__wien-immo_hoher_markt_8		 	dem Schrein haus	immo	ref	None	None	01240-eintrag_vom_1448-03-15.xml	['1448-03-15']	 	 	 
271	pl__wien-immo_weihenburg_3		 	Elspeth die Kolpekchin haws	immo	ref	transactiongood_I	ev__SB_CD_00350	00350-eintrag_vom_1448-04-10.xml	['1448-04-10']	 	 	 
272	pl__wien-weihenburg		Weihenburg	in der Weihenpurkch	street	corresp	None	None	00350-eintrag_vom_1448-04-10.xml	['1448-04-10']	 	 	 
273	pl__wien-immo_weihenburg_4		Ulrich Feldsberger Haus	 	immo	corresp	None	None	00350-eintrag_vom_1448-04-10.xml	['1448-04-10']	 	 	 
274	pl__wien-immo_weihenburg_4		Ulrich Feldsberger Haus	 	immo	ref	None	None	00350-eintrag_vom_1448-04-10.xml	['1448-04-10']	 	 	 
275	pl__wien-immo_kienmarkt_3		Margarethe und Johann Hölczel Haus	 	immo	ref	transactiongood_I	ev__SB_CD_00615	00615-eintrag_vom_1448-06-26.xml	['1448-06-26']	 	 	 
276	pl__wien-kienmarkt		Kienmarkt (I.Bezirk)		street	corresp	None	None	00615-eintrag_vom_1448-06-26.xml	['1448-06-26']	 	 	 
277	pl__wien-immo_kienmarkt_4		Johann Göllersdorfer Haus	Jorgen von Gelestorf sun haus	immo	corresp	None	None	00615-eintrag_vom_1448-06-26.xml	['1448-06-26']	 	 	 
278	pl__wien-immo_kienmarkt_4		Johann Göllersdorfer Haus	Jorgen von Gelestorf sun haus	immo	ref	None	None	00615-eintrag_vom_1448-06-26.xml	['1448-06-26']	 	 	 
279	pl__wien-immo_kienmarkt_4		Johann Göllersdorfer Haus	Jorgen von Gelestorf sun haus	immo	corresp	None	None	00615-eintrag_vom_1448-06-26.xml	['1448-06-26']	 	 	 
280	pl__ottakring		Ottakring	 	settlement	corresp	None	None	00615-eintrag_vom_1448-06-26.xml	['1448-06-26']		48.21667 16.3	https://www.geonames.org/2769359/ottakring.html
281	pl__wien-immo_st_johannsstrasse_3		 	Jakob Kreuss halbs haus, das ettwan ain ramhof gewesen ist	immo	ref	transactiongood_I	ev__SB_CD_00967	00967-eintrag_vom_1448-06-19.xml	['1448-06-19']	 	 	 
282	pl__wien-st_johannssstrasse		S. Johanns Strasse (I.Bezirk)	 	street	corresp	None	None	00967-eintrag_vom_1448-06-19.xml	['1448-06-19']	 	 	 
283	pl__wien-immo_st_johannsstrasse_4		Michael des Münzer Haus	 	immo	corresp	None	None	00967-eintrag_vom_1448-06-19.xml	['1448-06-19']	 	 	 
284	pl__wien-immo_st_johannsstrasse_4		Michael des Münzer Haus	 	immo	ref	None	None	00967-eintrag_vom_1448-06-19.xml	['1448-06-19']	 	 	 
285	pl__wien-immo_riemerstrasse_1		Michael und Dorothea Toller Ramhof	 	immo	ref	transactiongood_I	ev__SB_CD_01241	01241-eintrag_vom_1448-06-21.xml	['1448-06-21']	 	 	 
286	pl__wien-riemerstrasse		Riemerstrass (I. Bezirk)	 	street	corresp	None	None	01241-eintrag_vom_1448-06-21.xml	['1448-06-21']	 	 	 
287	pl__wien-immo_riemerstrasse_1		Michael und Dorothea Toller Ramhof	 	immo	corresp	None	None	01241-eintrag_vom_1448-06-21.xml	['1448-06-21']	 	 	 
288	pl__wien-immo_riemerstrasse_1		Michael und Dorothea Toller Ramhof	 	immo	ref	None	None	01241-eintrag_vom_1448-06-21.xml	['1448-06-21']	 	 	 
289	pl__wien-immo_riemerstrasse_1		Michael und Dorothea Toller Ramhof	 	immo	corresp	None	None	01241-eintrag_vom_1448-06-21.xml	['1448-06-21']	 	 	 
290	pl__wien-immo_riemerstrasse_2		Simon Vankch Haus	 	immo	corresp	None	None	01241-eintrag_vom_1448-06-21.xml	['1448-06-21']	 	 	 
291	pl__wien-immo_riemerstrasse_2		Simon Vankch Haus	 	immo	ref	None	None	01241-eintrag_vom_1448-06-21.xml	['1448-06-21']	 	 	 
292	pl__wien-kumpfgasse		Kumpfgasse (I. Bezirk)	Kumphgessl	street	corresp	None	None	01241-eintrag_vom_1448-06-21.xml	['1448-06-21']	 	 	 
293	pl__wien-immo_kumpfgasse_1		 	des Widhakcher haus	immo	corresp	None	None	01241-eintrag_vom_1448-06-21.xml	['1448-06-21']	 	 	 
294	pl__wien-immo_kumpfgasse_1		 	des Widhakcher haus	immo	ref	None	None	01241-eintrag_vom_1448-06-21.xml	['1448-06-21']	 	 	 
295	pl__wien-immo_weidenstrasse_3		Michael und Katharina Haffner Haus	 	immo	ref	transactiongood_I	ev__SB_CD_01242	01242-eintrag_vom_1448-11-15.xml	['1448-11-15']	 	 	 
296	pl__wien-kaerntnertor		Kärntnerthor	Kernertor	street	corresp	None	None	01242-eintrag_vom_1448-11-15.xml	['1448-11-15']	 	 	 
297	pl__wien-weidenstrasse		Weidenstrasse vor Widmertor	 	street	corresp	None	None	01242-eintrag_vom_1448-11-15.xml	['1448-11-15']	 	 	
298	pl__wien-immo_weidenstrasse_4		Albrecht Ladner Haus	 	immo	corresp	None	None	01242-eintrag_vom_1448-11-15.xml	['1448-11-15']	 	 	 
299	pl__wien-immo_weidenstrasse_4		Albrecht Ladner Haus	 	immo	ref	None	None	01242-eintrag_vom_1448-11-15.xml	['1448-11-15']	 	 	 
300	pl__wien-immo_riemerstrasse_4		Meinhard Riemer Haus	 	immo	ref	transactiongood_I	ev__SB_CD_01243	01243-eintrag_vom_1448-09-13.xml	['1448-09-13']	 	 	 
301	pl__wien-riemerstrasse		Riemerstrass (I. Bezirk)	 	street	corresp	None	None	01243-eintrag_vom_1448-09-13.xml	['1448-09-13']	 	 	 
302	pl__wien-immo_riemerstrasse_1		Michael und Dorothea Toller Ramhof	 	immo	corresp	None	None	01243-eintrag_vom_1448-09-13.xml	['1448-09-13']	 	 	 
303	pl__wien-immo_riemerstrasse_1		Michael und Dorothea Toller Ramhof	 	immo	ref	None	None	01243-eintrag_vom_1448-09-13.xml	['1448-09-13']	 	 	 
304	pl__wien-immo_riemerstrasse_1		Michael und Dorothea Toller Ramhof	 	immo	corresp	None	None	01243-eintrag_vom_1448-09-13.xml	['1448-09-13']	 	 	 
305	pl__wien-immo_riemerstrasse_2		Simon Vankch Haus	 	immo	corresp	None	None	01243-eintrag_vom_1448-09-13.xml	['1448-09-13']	 	 	 
306	pl__wien-immo_riemerstrasse_2		Simon Vankch Haus	 	immo	ref	None	None	01243-eintrag_vom_1448-09-13.xml	['1448-09-13']	 	 	 
307	pl__wien-immo_riemerstrasse_3		Johann Winter, der kramer, Haus	 	immo	corresp	None	None	01243-eintrag_vom_1448-09-13.xml	['1448-09-13']	 	 	 
308	pl__wien-immo_riemerstrasse_3		Johann Winter, der kramer, Haus	 	immo	ref	None	None	01243-eintrag_vom_1448-09-13.xml	['1448-09-13']	 	 	 
309	pl__wien-immo_st_johannsstrasse_5		Niklas und Elsbeth Salczburger Haus	 	immo	ref	transactiongood_I	ev__SB_CD_01429	01429-eintrag_vom_1448-02-20.xml	['1448-02-20']	 	 	 
310	pl__wien-st_johannssstrasse		S. Johanns Strasse (I.Bezirk)	 	street	corresp	None	None	01429-eintrag_vom_1448-02-20.xml	['1448-02-20']	 	 	 
311	pl__wien-immo_st_johannsstrasse_6		Gilg Kunter Haus	 	immo	corresp	None	None	01429-eintrag_vom_1448-02-20.xml	['1448-02-20']	 	 	 
312	pl__wien-immo_st_johannsstrasse_6		Gilg Kunter Haus	 	immo	ref	None	None	01429-eintrag_vom_1448-02-20.xml	['1448-02-20']	 	 	 
313	pl__wien-immo_st_johannsstrasse_5		Niklas und Elsbeth Salczburger Haus	 	immo	ref	issuer	NULL	01429-eintrag_vom_1448-02-20.xml	['1448-02-20']	 	 	 
314	pl__wien-immo_alserstrasse_vor_schottentor_6		Niklas und Dorothea Piberstein Haus	 	immo	ref	transactiongood_I	ev__SB_CD_01430	01430-eintrag_vom_1448-03-04.xml	['1448-03-04']	 	 	 
315	pl__wien-alserstrasse_vor_schottentor		Alserstrasse (VIII., IX., XVII. Bezirk)	 	street	corresp	None	None	01430-eintrag_vom_1448-03-04.xml	['1448-03-04']	 	 	 
316	pl__wien-immo_alserstrasse_vor_schottentor_1		Johann Auer Haus	 	immo	corresp	None	None	01430-eintrag_vom_1448-03-04.xml	['1448-03-04']	 	 	 
317	pl__wien-immo_alserstrasse_vor_schottentor_1		Johann Auer Haus	 	immo	ref	None	None	01430-eintrag_vom_1448-03-04.xml	['1448-03-04']	 	 	 
318	pl__wien-immo_goldschmiedgasse_1		Niklas Lainbacher, der apotheker, Haus	 	immo	ref	transactiongood_I	ev__SB_CD_01431	01431-eintrag_vom_1448-07-08.xml	['1448-07-08']	 	 	 
319	pl__wien-goldschmiedgasse		Goldschmiedgasse, bei S. Stephan	 	street	corresp	None	None	01431-eintrag_vom_1448-07-08.xml	['1448-07-08']	 	 	 
320	pl__wien-st_stephan-freithof		Freithof (S. Stephan)	 	street	corresp	None	None	01431-eintrag_vom_1448-07-08.xml	['1448-07-08']	 	 	 
321	pl__wien-immo_goldschmiedgasse_2		Stephan Pusenperger, der zinngiesser, Haus	 	immo	corresp	None	None	01431-eintrag_vom_1448-07-08.xml	['1448-07-08']	 	 	 
322	pl__wien-immo_goldschmiedgasse_2		Stephan Pusenperger, der zinngiesser, Haus	 	immo	ref	None	None	01431-eintrag_vom_1448-07-08.xml	['1448-07-08']	 	 	 
323	pl__wien-immo_goldschmiedgasse_1		Niklas Lainbacher, der apotheker, Haus	 	immo	ref	issuer	NULL	01431-eintrag_vom_1448-07-08.xml	['1448-07-08']	 	 	 
324	pl__wien-immo_kaerntnerstrasse_1		Friedrich Pierpaumer halbes Haus	 	immo	ref	issuer	NULL	01431-eintrag_vom_1448-07-08.xml	['1448-07-08']	 	 	 
325	pl__wien-kaerntnerstrasse		Kärntnerstrasse (I.Bezirk)	Kernerstrass	street	corresp	None	None	01431-eintrag_vom_1448-07-08.xml	['1448-07-08']	 	 	 
326	pl__wien-immo_goldschmiedgasse_1		Niklas Lainbacher, der apotheker, Haus	 	immo	ref	transactiongood_I	ev__SB_CD_01432	01432-eintrag_vom_1448-07-10.xml	['1448-07-10']	 	 	 
327	pl__wien-goldschmiedgasse		Goldschmiedgasse, bei S. Stephan	 	street	corresp	None	None	01432-eintrag_vom_1448-07-10.xml	['1448-07-10']	 	 	 
328	pl__wien-st_stephan-freithof		Freithof (S. Stephan)	 	street	corresp	None	None	01432-eintrag_vom_1448-07-10.xml	['1448-07-10']	 	 	 
329	pl__wien-immo_goldschmiedgasse_2		Stephan Pusenperger, der zinngiesser, Haus	 	immo	corresp	None	None	01432-eintrag_vom_1448-07-10.xml	['1448-07-10']	 	 	 
330	pl__wien-immo_goldschmiedgasse_2		Stephan Pusenperger, der zinngiesser, Haus	 	immo	ref	None	None	01432-eintrag_vom_1448-07-10.xml	['1448-07-10']	 	 	 
331	pl__wien-immo_goldschmiedgasse_1		Niklas Lainbacher, der apotheker, Haus	 	immo	ref	issuer	NULL	01432-eintrag_vom_1448-07-10.xml	['1448-07-10']	 	 	 
332	pl__wien-immo_goldschmiedgasse_1		Niklas Lainbacher, der apotheker, Haus	 	immo	ref	issuer	ev__SB_CD_01431	01432-eintrag_vom_1448-07-10.xml	['1448-07-10']	 	 	 
333	pl__wien-immo_kaerntnerstrasse_1		Friedrich Pierpaumer halbes Haus	 	immo	ref	issuer	NULL	01432-eintrag_vom_1448-07-10.xml	['1448-07-10']	 	 	 
334	pl__wien-immo_schenkenstrasse_1		Niklas und Katharina Vaschang Haus	 	immo	ref	transactiongood_I	ev__SB_CD_01433	01433-eintrag_vom_1448-07-29.xml	['1448-07-29']	 	 	 
335	pl__wien-schenkenstrasse		Schenkenstrasse (I.Bezirk)	 	street	corresp	None	None	01433-eintrag_vom_1448-07-29.xml	['1448-07-29']	 	 	 
336	pl__wien-immo_schenkenstrasse_2		Ulrich Peck Haus	 	immo	corresp	None	None	01433-eintrag_vom_1448-07-29.xml	['1448-07-29']	 	 	 
337	pl__wien-immo_schenkenstrasse_2		Ulrich Peck Haus	 	immo	ref	None	None	01433-eintrag_vom_1448-07-29.xml	['1448-07-29']	 	 	 
338	pl__wien-immo_krafthof_1		Niklas Graefenauer Haus	 	immo	ref	transactiongood_I	ev__SB_CD_01434	01434-eintrag_vom_1448-06-14.xml	['1448-06-14']	 	 	 
339	pl__wien-krafthof		Krafthof	 	street	corresp	None	None	01434-eintrag_vom_1448-06-14.xml	['1448-06-14']	 	 	 
340	pl__wien-immo_krafthof_2		Johann Nagler Haus	 	immo	corresp	None	None	01434-eintrag_vom_1448-06-14.xml	['1448-06-14']	 	 	 
341	pl__wien-immo_krafthof_2		Johann Nagler Haus	 	immo	ref	None	None	01434-eintrag_vom_1448-06-14.xml	['1448-06-14']	 	 	 
342	pl__wien-immo_roterturm_1		Stephan und Barbara Holfus Haus	 	immo	ref	transactiongood_I	ev__SB_CD_01686	01686-eintrag_vom_1448-04-22.xml	['1448-04-22']	 	 	 
343	pl__wien-roterturm		Roterturm	 	street	corresp	None	None	01686-eintrag_vom_1448-04-22.xml	['1448-04-22']	 	 	 
344	pl__wien-immo_roterturm_2		 	weilent des Snitzer haus	immo	corresp	None	None	01686-eintrag_vom_1448-04-22.xml	['1448-04-22']	 	 	 
345	pl__wien-immo_roterturm_2		 	weilent des Snitzer haus	immo	ref	None	None	01686-eintrag_vom_1448-04-22.xml	['1448-04-22']	 	 	 
346	pl__wien-immo_roterturm_2		 	weilent des Snitzer haus	immo	corresp	None	None	01686-eintrag_vom_1448-04-22.xml	['1448-04-22']	 	 	 
347	pl__wien-gruennkcherhof		 	Grünnkcher hof	street	corresp	None	None	01686-eintrag_vom_1448-04-22.xml	['1448-04-22']	 	 	 
348	pl__wien-gruennkcherhof		 	Grünnkcher hof	street	ref	None	None	01686-eintrag_vom_1448-04-22.xml	['1448-04-22']	 	 	 
349	pl__wien-immo_salzgries_3		Stephan und Katharina Radendorfer Haus	 	immo	ref	transactiongood_I	ev__SB_CD_01687	01687-eintrag_vom_1448-05-27.xml	['1448-05-27']	 	 	 
350	pl__wien-salzgries		am Salzgries	 	street	corresp	None	None	01687-eintrag_vom_1448-05-27.xml	['1448-05-27']	 	 	 
351	pl__wien-immo_salzgries_4		Johann Zwettler am Salzgriess Haus	 	immo	corresp	None	None	01687-eintrag_vom_1448-05-27.xml	['1448-05-27']	 	 	 
352	pl__wien-immo_salzgries_4		Johann Zwettler am Salzgriess Haus	 	immo	ref	None	None	01687-eintrag_vom_1448-05-27.xml	['1448-05-27']	 	 	 
353	pl__wien-immo_baeckerstrasse_vordere_1		Stephan Vink Haus	 	immo	ref	transactiongood_I	ev__SB_CD_01693	01693-eintrag_vom_1448-12-13.xml	['1448-12-13']	 	 	 
354	pl__wien-baeckerstrasse_vordere		Vordere Bäckerstrasse (I. Bezirk)	 	street	corresp	None	None	01693-eintrag_vom_1448-12-13.xml	['1448-12-13']	 	 	 
355	pl__wien-immo_baeckerstrasse_vordere_2		Niklas vom Stein, der fleischhacker, Haus	 	immo	corresp	None	None	01693-eintrag_vom_1448-12-13.xml	['1448-12-13']	 	 	 
356	pl__wien-immo_baeckerstrasse_vordere_2		Niklas vom Stein, der fleischhacker, Haus	 	immo	ref	None	None	01693-eintrag_vom_1448-12-13.xml	['1448-12-13']	 	 	 
357	pl__wien-immo_baeckerstrasse_vordere_1		Stephan Vink Haus	 	immo	ref	issuer	NULL	01693-eintrag_vom_1448-12-13.xml	['1448-12-13']	 	 	 
358	pl__wien-immo_kohlmarkt_9		Simon und Barbara Brunner Haus	 	immo	ref	transactiongood_I	ev__SB_CD_01693a	01693a-eintrag_vom_1448.xml	['1448']	 	 	 
359	pl__wien-kohlmarkt		Kohlmarkt (I.Bezirk)	alter Kohlmarkt	street	corresp	None	None	01693a-eintrag_vom_1448.xml	['1448']	 	 	 
360	pl__wien-immo_kohlmarkt_10		Paul Haid, der schuster, Haus	 	immo	corresp	None	None	01693a-eintrag_vom_1448.xml	['1448']	 	 	 
361	pl__wien-immo_kohlmarkt_10		Paul Haid, der schuster, Haus	 	immo	ref	None	None	01693a-eintrag_vom_1448.xml	['1448']	 	 	 
362	pl__wien-immo_kohlmarkt_9		Simon und Barbara Brunner Haus	 	immo	ref	issuer	NULL	01693a-eintrag_vom_1448.xml	['1448']	 	 	 
363	pl__wien-immo_roterturm_3		Thomas Praitenweidacher Haus	 	immo	ref	transactiongood_I	ev__SB_CD_01767	01767-eintrag_vom_1448-06-23.xml	['1448-06-23']	 	 	 
364	pl__wien-roterturm		Roterturm	 	street	corresp	None	None	01767-eintrag_vom_1448-06-23.xml	['1448-06-23']	 	 	 
365	pl__wien-immo_roterturm_4		 	weilent Ulreichs von Steir haus	immo	corresp	None	None	01767-eintrag_vom_1448-06-23.xml	['1448-06-23']	 	 	 
366	pl__wien-immo_roterturm_4		 	weilent Ulreichs von Steir haus	immo	ref	None	None	01767-eintrag_vom_1448-06-23.xml	['1448-06-23']	 	 	 
367	pl__wien-immo_roterturm_3		Thomas Praitenweidacher Haus	 	immo	ref	transactiongood_I	ev__SB_CD_01768	01768-eintrag_vom_1448-06-28.xml	['1448-06-28']	 	 	 
368	pl__wien-kaerntnertor		Kärntnerthor	Kernertor	street	corresp	None	None	01840-eintrag_vom_1448-04-19.xml	['1448-04-19']	 	 	 
369	pl__wien-immo_mietstat_vor_kaerntnertor_1		Ulrich und Barbara Meichsner Haus; Haus an der Mietstat	 	immo	ref	transactiongood_I	ev__SB_CD_01840	01840-eintrag_vom_1448-04-19.xml	['1448-04-19']	 	 	 
370	pl__wien-mietstat_vor_kaerntnertor		Mietstat vor Kernertor	 	street	corresp	None	None	01840-eintrag_vom_1448-04-19.xml	['1448-04-19']	 	 	 
371	pl__wien-immo_mietstat_vor_kaerntnertor_2		 	des Kuphersmids haws	immo	corresp	None	None	01840-eintrag_vom_1448-04-19.xml	['1448-04-19']	 	 	 
372	pl__wien-immo_mietstat_vor_kaerntnertor_2		 	des Kuphersmids haws	immo	ref	None	None	01840-eintrag_vom_1448-04-19.xml	['1448-04-19']	 	 	 
373	pl__wien-immo_schenkenstrasse_3		Ulrich Lang, der pekch, Haus	 	immo	ref	transactiongood_I	ev__SB_CD_01841	01841-eintrag_vom_1448-08-13.xml	['1448-08-13']	 	 	 
374	pl__wien-schenkenstrasse		Schenkenstrasse (I.Bezirk)	 	street	corresp	None	None	01841-eintrag_vom_1448-08-13.xml	['1448-08-13']	 	 	 
375	pl__wien-immo_schenkenstrasse_4		Burkhard Kienberger Haus	 	immo	corresp	None	None	01841-eintrag_vom_1448-08-13.xml	['1448-08-13']	 	 	 
376	pl__wien-immo_schenkenstrasse_4		Burkhard Kienberger Haus	 	immo	ref	None	None	01841-eintrag_vom_1448-08-13.xml	['1448-08-13']	 	 	 
377	pl__wien-immo_schenkenstrasse_4		Burkhard Kienberger Haus	 	immo	corresp	None	None	01841-eintrag_vom_1448-08-13.xml	['1448-08-13']	 	 	 
378	pl__wien-immo_schenkenstrasse_1		Niklas und Katharina Vaschang Haus	 	immo	corresp	None	None	01841-eintrag_vom_1448-08-13.xml	['1448-08-13']	 	 	 
379	pl__wien-immo_schenkenstrasse_1		Niklas und Katharina Vaschang Haus	 	immo	ref	None	None	01841-eintrag_vom_1448-08-13.xml	['1448-08-13']	 	 	 
380	pl__wien-immo_st_pankraz_1		Ulrich Hesler Haus	 	immo	ref	transactiongood_II	ev__SB_CD_01842	01842-eintrag_vom_1448-11-27.xml	['1448-11-27']	 	 	 
381	pl__wien-st_pankraz		S. Pancratius	 	street	corresp	None	None	01842-eintrag_vom_1448-11-27.xml	['1448-11-27']	 	 	 
382	pl__wien-immo_st_pankraz_2		Andreas Weinperger Haus	 	immo	corresp	None	None	01842-eintrag_vom_1448-11-27.xml	['1448-11-27']	 	 	 
383	pl__wien-immo_st_pankraz_2		Andreas Weinperger Haus	 	immo	ref	None	None	01842-eintrag_vom_1448-11-27.xml	['1448-11-27']	 	 	 
384	pl__wien-immo_st_pankraz_1		Ulrich Hesler Haus	 	immo	ref	issuer	NULL	01842-eintrag_vom_1448-11-27.xml	['1448-11-27']	 	 	 
385	pl__wien-immo_alter_fleischmarkt_2		 	Wolfgang Holczer Haus und zuhaus	immo	ref	transactiongood_I	ev__SB_CD_01926	01926-eintrag_vom_1448-12-20.xml	['1448-12-20']	 	 	 
386	pl__wien-alter_fleischmarkt		Alter Fleischmarkt	 	street	corresp	None	None	01926-eintrag_vom_1448-12-20.xml	['1448-12-20']	 	 	 
387	pl__wien-immo_alter_fleischmarkt_3		Stephan Hittendorfer, des peler, Haus	 	immo	corresp	None	None	01926-eintrag_vom_1448-12-20.xml	['1448-12-20']	 	 	 
388	pl__wien-immo_alter_fleischmarkt_3		Stephan Hittendorfer, des peler, Haus	 	immo	ref	None	None	01926-eintrag_vom_1448-12-20.xml	['1448-12-20']	 	 	 
389	pl__wien-garten_alter_fleischmarkt_1		 	Wolfgang Holczer gertl mit der stetten	immo	ref	transactiongood_I	ev__SB_CD_01926	01926-eintrag_vom_1448-12-20.xml	['1448-12-20']	 	 	 
390	pl__wien-immo_alter_fleischmarkt_2		 	Wolfgang Holczer Haus und zuhaus	immo	corresp	None	None	01926-eintrag_vom_1448-12-20.xml	['1448-12-20']	 	 	 
391	pl__wien-immo_alter_fleischmarkt_3		Stephan Hittendorfer, des peler, Haus	 	immo	corresp	None	None	01926-eintrag_vom_1448-12-20.xml	['1448-12-20']	 	 	 
392	pl__wien-unter_den_hafnern		unter den Hafnern	 	street	corresp	None	None	01926-eintrag_vom_1448-12-20.xml	['1448-12-20']	 	 	 
393	pl__wien-garten_alter_fleischmarkt_1		 	Wolfgang Holczer gertl mit der stetten	immo	ref	issuer	NULL	01926-eintrag_vom_1448-12-20.xml	['1448-12-20']	 	 	 
