	ID	name	reg	orig	type	linking	function	event	collection	xml	date	note	latlng	authority
0	pl__wien-altdonau		Altdonau	 	street	corresp	None	None	Vienna_1448	3237.xml	[datetime.date(1448, 1, 20), '1448']	 	 	 
1	pl__wien-immo_rennweg_1		 	drei Achtel Weingarten am Rennweg	immo	ref	transactiongood_I	ev__QGW_II_II_3237	Vienna_1448	3237.xml	[datetime.date(1448, 1, 20), '1448']	 	 	 
2	pl__wien-rennweg		Rennweg vor Stubentor (III. Bezirk)	 	street	corresp	None	None	Vienna_1448	3237.xml	[datetime.date(1448, 1, 20), '1448']	 	48.196 16.38656	https://www.geonames.org/11468284/wien-rennweg-bahnhof.html
3	pl__wien-immo_rennweg_1		 	drei Achtel Weingarten am Rennweg	immo	ref	transactiongood_I	NULL	Vienna_1448	3237.xml	[datetime.date(1448, 1, 20), '1448']	 	 	 
4	pl__wien-immo_kaerntnerstrasse_4		Flöderl Haus	 	immo	ref	transactiongood_I	ev__QGW_II_II_3238_men_1	Vienna_1448	3238.xml	[datetime.date(1448, 2, 9), '1448']	 	 	 
5	pl__wien-kaerntnerstrasse		Kärntnerstrasse (I.Bezirk)	Kernerstrass	street	corresp	None	None	Vienna_1448	3238.xml	[datetime.date(1448, 2, 9), '1448']	 	48.20521 16.37104	https://www.geonames.org/12232635/kaerntner-strasse.html
6	pl__aachen		Aachen	Ach; Aiche	settlement	corresp	None	None	Vienna_1448	3239.xml	[datetime.date(1448, 2, 13), '1448']		50.77664 6.08342	https://www.geonames.org/3247449/aachen.html
7	pl__wien-immo_setzen_obere_vor_stubentor_1		 	Michael Oberndorfer Achteil Weingarten	immo	ref	transactiongood_I	ev__QGW_II_II_3240	Vienna_1448	3240.xml	[datetime.date(1448, 2, 14), '1448']	 	 	 
8	pl__wien-setzen_obere_vor_stubentor		in den oberen Saetzen vor Stubentor	 	street	corresp	None	None	Vienna_1448	3240.xml	[datetime.date(1448, 2, 14), '1448']	 	 	 
9	pl__wien-immo_setzen_obere_vor_stubentor_2		 	Johann Smogel Vierteil Weingarten	immo	corresp	None	None	Vienna_1448	3240.xml	[datetime.date(1448, 2, 14), '1448']	 	 	 
10	pl__wien-immo_setzen_obere_vor_stubentor_2		 	Johann Smogel Vierteil Weingarten	immo	ref	None	None	Vienna_1448	3240.xml	[datetime.date(1448, 2, 14), '1448']	 	 	 
11	pl__wien-immo_praitten_2		Niclasen, des maurer, und Kathrein anderthalb achtail Weingarten	 	immo	ref	transactiongood_I	ev__QGW_II_II_3240	Vienna_1448	3240.xml	[datetime.date(1448, 2, 14), '1448']	 	 	 
12	pl__wien-praitten		auf der Praitten (III. Bezirk)	 	street	corresp	None	None	Vienna_1448	3240.xml	[datetime.date(1448, 2, 14), '1448']	 	 	 
13	pl__wien-immo_praitten_4		 	Mertten des Litschauer von Erdpurkch weingarten	immo	corresp	None	None	Vienna_1448	3240.xml	[datetime.date(1448, 2, 14), '1448']	 	 	 
14	pl__wien-immo_praitten_4		 	Mertten des Litschauer von Erdpurkch weingarten	immo	ref	None	None	Vienna_1448	3240.xml	[datetime.date(1448, 2, 14), '1448']	 	 	 
15	pl__wien-immo_setzen_obere_vor_stubentor_3		 	Thomas Sevelder Achteil Weingarten	immo	ref	transactiongood_I	ev__QGW_II_II_3240	Vienna_1448	3240.xml	[datetime.date(1448, 2, 14), '1448']	 	 	 
16	pl__wien-setzen_obere_vor_stubentor		in den oberen Saetzen vor Stubentor	 	street	corresp	None	None	Vienna_1448	3240.xml	[datetime.date(1448, 2, 14), '1448']	 	 	 
17	pl__wien-immo_setzen_obere_vor_stubentor_4		 	Wolfgang Swarcz Weingarten	immo	corresp	None	None	Vienna_1448	3240.xml	[datetime.date(1448, 2, 14), '1448']	 	 	 
18	pl__wien-immo_setzen_obere_vor_stubentor_4		 	Wolfgang Swarcz Weingarten	immo	ref	None	None	Vienna_1448	3240.xml	[datetime.date(1448, 2, 14), '1448']	 	 	 
19	pl__wien-immo_setzen_obere_vor_stubentor_5		 	Stephan Düring Achteil Weingarten	immo	ref	transactiongood_I	ev__QGW_II_II_3240	Vienna_1448	3240.xml	[datetime.date(1448, 2, 14), '1448']	 	 	 
20	pl__wien-setzen_obere_vor_stubentor		in den oberen Saetzen vor Stubentor	 	street	corresp	None	None	Vienna_1448	3240.xml	[datetime.date(1448, 2, 14), '1448']	 	 	 
21	pl__wien-immo_setzen_obere_vor_stubentor_2		 	Johann Smogel Vierteil Weingarten	immo	corresp	None	None	Vienna_1448	3240.xml	[datetime.date(1448, 2, 14), '1448']	 	 	 
22	pl__wien-immo_setzen_obere_vor_stubentor_2		 	Johann Smogel Vierteil Weingarten	immo	ref	None	None	Vienna_1448	3240.xml	[datetime.date(1448, 2, 14), '1448']	 	 	 
23	pl__wien-immo_setzen_obere_vor_stubentor_2		 	Johann Smogel Vierteil Weingarten	immo	ref	transactiongood_I	ev__QGW_II_II_3240	Vienna_1448	3240.xml	[datetime.date(1448, 2, 14), '1448']	 	 	 
24	pl__wien-setzen_obere_vor_stubentor		in den oberen Saetzen vor Stubentor	 	street	corresp	None	None	Vienna_1448	3240.xml	[datetime.date(1448, 2, 14), '1448']	 	 	 
25	pl__wien-immo_setzen_obere_vor_stubentor_5		 	Stephan Düring Achteil Weingarten	immo	corresp	None	None	Vienna_1448	3240.xml	[datetime.date(1448, 2, 14), '1448']	 	 	 
26	pl__wien-immo_setzen_niedere_vor_stubentor_1		 	Jakob Flachenauer dritthalb achtail Weingarten	immo	ref	transactiongood_I	ev__QGW_II_II_3240	Vienna_1448	3240.xml	[datetime.date(1448, 2, 14), '1448']	 	 	 
27	pl__wien-setzen_niedere_vor_stubentor		in den oberen Saetzen vor Stubentor	 	street	corresp	None	None	Vienna_1448	3240.xml	[datetime.date(1448, 2, 14), '1448']	 	 	 
28	pl__wien-immo_setzen_niedere_vor_stubentor_2		 	Stephan und Dorothea Rayer (Reicher) Vierteil Weingarten	immo	corresp	None	None	Vienna_1448	3240.xml	[datetime.date(1448, 2, 14), '1448']	 	 	 
29	pl__wien-immo_setzen_niedere_vor_stubentor_2		 	Stephan und Dorothea Rayer (Reicher) Vierteil Weingarten	immo	ref	transactiongood_I	ev__QGW_II_II_3240	Vienna_1448	3240.xml	[datetime.date(1448, 2, 14), '1448']	 	 	 
30	pl__wien-setzen_niedere_vor_stubentor		in den oberen Saetzen vor Stubentor	 	street	corresp	None	None	Vienna_1448	3240.xml	[datetime.date(1448, 2, 14), '1448']	 	 	 
31	pl__wien-immo_setzen_niedere_vor_stubentor_1		 	Jakob Flachenauer dritthalb achtail Weingarten	immo	corresp	None	None	Vienna_1448	3240.xml	[datetime.date(1448, 2, 14), '1448']	 	 	 
32	pl__wien-immo_setzen_niedere_vor_stubentor_3		 	Konrad und Dorothea Knöbel Achtteil Weingarten	immo	ref	transactiongood_I	ev__QGW_II_II_3240	Vienna_1448	3240.xml	[datetime.date(1448, 2, 14), '1448']	 	 	 
33	pl__wien-setzen_niedere_vor_stubentor		in den oberen Saetzen vor Stubentor	 	street	corresp	None	None	Vienna_1448	3240.xml	[datetime.date(1448, 2, 14), '1448']	 	 	 
34	pl__wien-immo_setzen_niedere_vor_stubentor_2		 	Stephan und Dorothea Rayer (Reicher) Vierteil Weingarten	immo	corresp	None	None	Vienna_1448	3240.xml	[datetime.date(1448, 2, 14), '1448']	 	 	 
35	pl__wien-immo_setzen_niedere_vor_stubentor_4		 	Thomas Mairl Vierteil Weingarten	immo	ref	transactiongood_I	ev__QGW_II_II_3240	Vienna_1448	3240.xml	[datetime.date(1448, 2, 14), '1448']	 	 	 
36	pl__wien-setzen_niedere_vor_stubentor		in den oberen Saetzen vor Stubentor	 	street	corresp	None	None	Vienna_1448	3240.xml	[datetime.date(1448, 2, 14), '1448']	 	 	 
37	pl__wien-immo_setzen_niedere_vor_stubentor_3		 	Konrad und Dorothea Knöbel Achtteil Weingarten	immo	corresp	None	None	Vienna_1448	3240.xml	[datetime.date(1448, 2, 14), '1448']	 	 	 
38	pl__wien-immo_setzen_niedere_vor_stubentor_5		 	Georg und Agnes Sevelder Achtteil Weingarten	immo	ref	transactiongood_I	ev__QGW_II_II_3240	Vienna_1448	3240.xml	[datetime.date(1448, 2, 14), '1448']	 	 	 
39	pl__wien-setzen_niedere_vor_stubentor		in den oberen Saetzen vor Stubentor	 	street	corresp	None	None	Vienna_1448	3240.xml	[datetime.date(1448, 2, 14), '1448']	 	 	 
40	pl__wien-immo_setzen_niedere_vor_stubentor_6		 	des Hinlaufs weingarten	immo	corresp	None	None	Vienna_1448	3240.xml	[datetime.date(1448, 2, 14), '1448']	 	 	 
41	pl__wien-immo_setzen_niedere_vor_stubentor_6		 	des Hinlaufs weingarten	immo	ref	None	None	Vienna_1448	3240.xml	[datetime.date(1448, 2, 14), '1448']	 	 	 
42	pl__wien-immo_setzen_niedere_vor_stubentor_7		 	Veit Frechinger Achtteil Weingarten	immo	ref	transactiongood_I	ev__QGW_II_II_3240	Vienna_1448	3240.xml	[datetime.date(1448, 2, 14), '1448']	 	 	 
43	pl__wien-setzen_niedere_vor_stubentor		in den oberen Saetzen vor Stubentor	 	street	corresp	None	None	Vienna_1448	3240.xml	[datetime.date(1448, 2, 14), '1448']	 	 	 
44	pl__wien-immo_setzen_niedere_vor_stubentor_5		 	Georg und Agnes Sevelder Achtteil Weingarten	immo	corresp	None	None	Vienna_1448	3240.xml	[datetime.date(1448, 2, 14), '1448']	 	 	 
45	pl__wien-immo_setzen_niedere_vor_stubentor_8		 	Albrecht Amberger Achtteil Weingarten	immo	ref	transactiongood_I	ev__QGW_II_II_3240	Vienna_1448	3240.xml	[datetime.date(1448, 2, 14), '1448']	 	 	 
46	pl__wien-setzen_niedere_vor_stubentor		in den oberen Saetzen vor Stubentor	 	street	corresp	None	None	Vienna_1448	3240.xml	[datetime.date(1448, 2, 14), '1448']	 	 	 
47	pl__wien-immo_setzen_niedere_vor_stubentor_7		 	Veit Frechinger Achtteil Weingarten	immo	corresp	None	None	Vienna_1448	3240.xml	[datetime.date(1448, 2, 14), '1448']	 	 	 
48	pl__wien-immo_praitten_1		 	Hannsen, des reisner, und Elspeten anderthalb achtail Weingarten	immo	ref	transactiongood_I	ev__QGW_II_II_3240	Vienna_1448	3240.xml	[datetime.date(1448, 2, 14), '1448']	 	 	 
49	pl__wien-praitten		auf der Praitten (III. Bezirk)	 	street	corresp	None	None	Vienna_1448	3240.xml	[datetime.date(1448, 2, 14), '1448']	 	 	 
50	pl__wien-immo_praitten_3		Friedrich Krevogel Weingarten	 	immo	corresp	None	None	Vienna_1448	3240.xml	[datetime.date(1448, 2, 14), '1448']	 	 	 
51	pl__wien-immo_praitten_3		Friedrich Krevogel Weingarten	 	immo	ref	None	None	Vienna_1448	3240.xml	[datetime.date(1448, 2, 14), '1448']	 	 	 
52	pl__wien-immo_werdertor_1		Bischhöflicher Garten vor Werdertor	 	immo	ref	transactiongood_I	ev__QGW_II_II_3241	Vienna_1448	3241.xml	[datetime.date(1448, 2, 22), '1448']	 	 	 
53	pl__lengenfeld_QGW_II_II_register_pg_482		Lengenfeld	 	settlement	corresp	None	None	Vienna_1448	3242.xml	[datetime.date(1448, 2, 22), '1448']	Bayern		
54	pl__wien-immo_geraeut_vor_stubentor_2		Leonhard Stengel Haus	 	immo	ref	issuer	NULL	Vienna_1448	3245.xml	[datetime.date(1448, 3, 14), '1448']	 	 	 
55	pl__wien-geraeut_vor_stubentor		Im Geräut, vor Stubentor	 	street	corresp	None	None	Vienna_1448	3245.xml	[datetime.date(1448, 3, 14), '1448']	 	 	 
56	pl__wien-immo_schottentor_1		Johann Spannberger Haus	 	immo	ref	transactiongood_II	NULL	Vienna_1448	3245.xml	[datetime.date(1448, 3, 14), '1448']	 	 	 
57	pl__wien-schottentor		Schottentor	 	street	corresp	None	None	Vienna_1448	3245.xml	[datetime.date(1448, 3, 14), '1448']	 	 	 
58	pl__lengenfeld_QGW_II_II_register_pg_482		Lengenfeld	 	settlement	corresp	None	None	Vienna_1448	3246.xml	[datetime.date(1448, 3, 27), '1448']	Bayern		
59	pl__wien-immo_lange_gasse_1		Weingarten gennant der Griess	 	street	ref	transactiongood_I	ev__QGW_II_II_3246	Vienna_1448	3246.xml	[datetime.date(1448, 3, 27), '1448']	 	 	 
60	pl__wien-lange_gasse		Lange Gasse oberhalb des Heiligengeistes	 	street	corresp	None	None	Vienna_1448	3246.xml	[datetime.date(1448, 3, 27), '1448']	 	 	 
61	pl__wien-immo_lange_gasse_2		 	ainem halben jeuch weingarten, das zu des Pogenstainer messe hincz sand Maria Magdalena geho/eret	street	corresp	None	None	Vienna_1448	3246.xml	[datetime.date(1448, 3, 27), '1448']	 	 	 
62	pl__wien-immo_lange_gasse_2		 	ainem halben jeuch weingarten, das zu des Pogenstainer messe hincz sand Maria Magdalena geho/eret	street	ref	None	None	Vienna_1448	3246.xml	[datetime.date(1448, 3, 27), '1448']	 	 	 
63	pl__wien-immo_lange_gasse_1		Weingarten gennant der Griess	 	street	ref	issuer	NULL	Vienna_1448	3246.xml	[datetime.date(1448, 3, 27), '1448']	 	 	 
64	pl__nussdorf		Nussdorf	 	settlement	corresp	None	None	Vienna_1448	3246.xml	[datetime.date(1448, 3, 27), '1448']	Wien	48.25897 16.36448	https://www.geonames.org/2770400/nussdorf.html
65	pl__grinzing-immo_peunten_1		Zwei Joch Weingarten	 	immo	ref	transactiongood_II	ev__QGW_II_II_3246	Vienna_1448	3246.xml	[datetime.date(1448, 3, 27), '1448']	 	 	 
66	pl__grinzing-peunten		in den peunten	 	street	corresp	None	None	Vienna_1448	3246.xml	[datetime.date(1448, 3, 27), '1448']	 	 	 
67	pl__grinzing-immo_peunten_2		Weingarten der Minoriten	 	immo	corresp	None	None	Vienna_1448	3246.xml	[datetime.date(1448, 3, 27), '1448']	 	 	 
68	pl__grinzing-immo_peunten_2		Weingarten der Minoriten	 	immo	ref	None	None	Vienna_1448	3246.xml	[datetime.date(1448, 3, 27), '1448']	 	 	 
69	pl__grinzing-immo_peunten_1		Zwei Joch Weingarten	 	immo	ref	issuer	NULL	Vienna_1448	3246.xml	[datetime.date(1448, 3, 27), '1448']	 	 	 
70	pl__grinzing-immo_peunten_1		Zwei Joch Weingarten	 	immo	ref	issuer	NULL	Vienna_1448	3246.xml	[datetime.date(1448, 3, 27), '1448']	 	 	 
71	pl__grinzing-immo_peunten_1		Zwei Joch Weingarten	 	immo	ref	issuer	NULL	Vienna_1448	3246.xml	[datetime.date(1448, 3, 27), '1448']	 	 	 
72	pl__grinzing-immo_peunten_1		Zwei Joch Weingarten	 	immo	ref	issuer	NULL	Vienna_1448	3246.xml	[datetime.date(1448, 3, 27), '1448']	 	 	 
73	pl__grinzing-immo_peunten_1		Zwei Joch Weingarten	 	immo	ref	issuer	NULL	Vienna_1448	3246.xml	[datetime.date(1448, 3, 27), '1448']	 	 	 
74	pl__grinzing-immo_peunten_1		Zwei Joch Weingarten	 	immo	ref	issuer	NULL	Vienna_1448	3246.xml	[datetime.date(1448, 3, 27), '1448']	 	 	 
75	pl__wien-immo_neulukchen_vor_widmertor_1		Friedrich Wurmprant Haus; ehm. Niklas und Barbara Puckler, schuster von Starßburg Haus	 	street	ref	None	None	Vienna_1448	3248.xml	[datetime.date(1448, 4, 30), '1448']	 	 	 
76	pl__wien-neulukchen_vor_widmertor		Neulukchen vor Widmertor	 	street	corresp	None	None	Vienna_1448	3248.xml	[datetime.date(1448, 4, 30), '1448']	 	 	 
77	pl__wien-immo_neulukchen_vor_widmertor_2		Johann Zehentner Haus	 	street	corresp	None	None	Vienna_1448	3248.xml	[datetime.date(1448, 4, 30), '1448']	 	 	 
78	pl__wien-immo_neulukchen_vor_widmertor_2		Johann Zehentner Haus	 	street	ref	None	None	Vienna_1448	3248.xml	[datetime.date(1448, 4, 30), '1448']	 	 	 
79	pl__wien-immo_neulukchen_vor_widmertor_1		Friedrich Wurmprant Haus; ehm. Niklas und Barbara Puckler, schuster von Starßburg Haus	 	street	ref	transactiongood_I	NULL	Vienna_1448	3248.xml	[datetime.date(1448, 4, 30), '1448']	 	 	 
80	pl__strasburg		Strasburg	 	settlement	corresp	None	None	Vienna_1448	3248.xml	[datetime.date(1448, 4, 30), '1448']		48.58392 7.74553	https://www.geonames.org/2973783/strasbourg.html
81	pl__sievering-immo_schenkchenperg_1		Agnes und Michael Scheller Joch Weingarten; Füchselmesse Weingarten	 	immo	ref	transactiongood_I	ev__QGW_II_II_3250	Vienna_1448	3250.xml	[datetime.date(1448, 5, 3), '1448']	 	 	 
82	pl__sievering-schenkchenperg		am Schenkchenperg	 	settlement	corresp	None	None	Vienna_1448	3250.xml	[datetime.date(1448, 5, 3), '1448']	 	 	 
83	pl__sievering-immo_schenkchenperg_2		Theobald Macher Weingarten	 	immo	corresp	None	None	Vienna_1448	3250.xml	[datetime.date(1448, 5, 3), '1448']	 	 	 
84	pl__sievering-immo_schenkchenperg_2		Theobald Macher Weingarten	 	immo	ref	None	None	Vienna_1448	3250.xml	[datetime.date(1448, 5, 3), '1448']	 	 	 
85	pl__sievering-immo_schenkchenperg_1		Agnes und Michael Scheller Joch Weingarten; Füchselmesse Weingarten	 	immo	ref	issuer	NULL	Vienna_1448	3250.xml	[datetime.date(1448, 5, 3), '1448']	 	 	 
86	pl__st_veit-immo_1		Füchsels ein Joch Weingarten an dem Hegkenperg	 	immo	ref	transactiongood_I	ev__QGW_II_II_3257	Vienna_1448	3257.xml	[datetime.date(1448, 6, 26), '1448']		 	 
87	pl__st_veit		St. Veit	 	settlement	corresp	None	None	Vienna_1448	3257.xml	[datetime.date(1448, 6, 26), '1448']		48.18766 16.2735	https://www.geonames.org/2601119/unter-sankt-veit.html
88	pl__st_veit-immo_2		Johann Gruntreich Weingarten an dem Hegkenperg	 	immo	corresp	None	None	Vienna_1448	3257.xml	[datetime.date(1448, 6, 26), '1448']		 	 
89	pl__st_veit-immo_2		Johann Gruntreich Weingarten an dem Hegkenperg	 	immo	ref	None	None	Vienna_1448	3257.xml	[datetime.date(1448, 6, 26), '1448']		 	 
90	pl__st_veit-immo_1		Füchsels ein Joch Weingarten an dem Hegkenperg	 	immo	ref	issuer	NULL	Vienna_1448	3257.xml	[datetime.date(1448, 6, 26), '1448']		 	 
91	pl__meidling-immo_1		Michael Füchsels Weingarten in der Laincz	 	immo	ref	transactiongood_I	NULL	Vienna_1448	3258.xml	[datetime.date(1448, 6, 26), '1448']	 	 	 
92	pl__meidling		Meidling	Meuerling	settlement	corresp	None	None	Vienna_1448	3258.xml	[datetime.date(1448, 6, 26), '1448']		48.16667 16.33333	https://www.geonames.org/2771706/meidling.html
93	pl__meidling-immo_2		Philipp auf dem Pach Weingarten in der Laincz	 	immo	corresp	None	None	Vienna_1448	3258.xml	[datetime.date(1448, 6, 26), '1448']	 	 	 
94	pl__meidling-immo_2		Philipp auf dem Pach Weingarten in der Laincz	 	immo	ref	None	None	Vienna_1448	3258.xml	[datetime.date(1448, 6, 26), '1448']	 	 	 
95	pl__meidling-immo_1		Michael Füchsels Weingarten in der Laincz	 	immo	ref	issuer	NULL	Vienna_1448	3258.xml	[datetime.date(1448, 6, 26), '1448']	 	 	 
96	pl__meidling		Meidling	Meuerling	settlement	ref	None	None	Vienna_1448	3258.xml	[datetime.date(1448, 6, 26), '1448']		48.16667 16.33333	https://www.geonames.org/2771706/meidling.html
97	pl__wien-immo_st_michael_1		Niklas und Elisabeth Plumentrit halbes Haus	 	immo	ref	transactiongood_III	ev__QGW_II_II_3259	Vienna_1448	3259.xml	[datetime.date(1448, 6, 28), '1448']	 	 	 
98	pl__wien-st_michael		St. Michael - Pfarrkirche (I. Bezirk)	 	street	corresp	None	None	Vienna_1448	3259.xml	[datetime.date(1448, 6, 28), '1448']	 		 
99	pl__wien-immo_st_michael_2		Von Wallsee Haus	 	immo	corresp	None	None	Vienna_1448	3259.xml	[datetime.date(1448, 6, 28), '1448']	 	 	 
100	pl__wien-immo_st_michael_2		Von Wallsee Haus	 	immo	ref	None	None	Vienna_1448	3259.xml	[datetime.date(1448, 6, 28), '1448']	 	 	 
101	pl__wien-immo_st_michael_3		Jakob Gsmechl, der kursner, Haus	 	immo	corresp	None	None	Vienna_1448	3259.xml	[datetime.date(1448, 6, 28), '1448']	 	 	 
102	pl__wien-immo_st_michael_3		Jakob Gsmechl, der kursner, Haus	 	immo	ref	None	None	Vienna_1448	3259.xml	[datetime.date(1448, 6, 28), '1448']	 	 	 
103	pl__wien-immo_st_michael_4		Konrad Müllner, der schuster, Haus	 	immo	ref	None	None	Vienna_1448	3259.xml	[datetime.date(1448, 6, 28), '1448']	 	 	 
104	pl__wien-immo_st_michael_3		Jakob Gsmechl, der kursner, Haus	 	immo	corresp	None	None	Vienna_1448	3259.xml	[datetime.date(1448, 6, 28), '1448']	 	 	 
105	pl__wien-immo_st_michael_1		Niklas und Elisabeth Plumentrit halbes Haus	 	immo	ref	issuer	NULL	Vienna_1448	3259.xml	[datetime.date(1448, 6, 28), '1448']	 	 	 
106	pl__meidling-immo_1		Michael Füchsels Weingarten in der Laincz	 	immo	ref	transactiongood_I	NULL	Vienna_1448	3260.xml	[datetime.date(1448, 7, 6), '1448']	 	 	 
107	pl__meidling-immo_3		Füchselmesse Hof mit Zubehör; ehm. Agnes Füchselin Hof; ehm. Ulrich Eibesprunner Hof	 	immo	ref	transactiongood_I	ev__QGW_II_II_3260	Vienna_1448	3260.xml	[datetime.date(1448, 7, 6), '1448']	 	 	 
108	pl__meidling-buergerspitalhof		Bürgerspitalhof zu Meidling	Spitalhof	street	corresp	None	None	Vienna_1448	3260.xml	[datetime.date(1448, 7, 6), '1448']		 	 
109	pl__meidling-immo_3		Füchselmesse Hof mit Zubehör; ehm. Agnes Füchselin Hof; ehm. Ulrich Eibesprunner Hof	 	immo	ref	transactiongood_I	ev__QGW_II_II_2870	Vienna_1448	3260.xml	[datetime.date(1448, 7, 6), '1448']	 	 	 
110	pl__sievering-immo_schenkchenperg_1		Agnes und Michael Scheller Joch Weingarten; Füchselmesse Weingarten	 	immo	ref	transactiongood_I	ev__QGW_II_II_3260	Vienna_1448	3260.xml	[datetime.date(1448, 7, 6), '1448']	 	 	 
111	pl__sievering-immo_schenkchenperg_1		Agnes und Michael Scheller Joch Weingarten; Füchselmesse Weingarten	 	immo	ref	transactiongood_I	ev__QGW_II_II_3250	Vienna_1448	3260.xml	[datetime.date(1448, 7, 6), '1448']	 	 	 
112	pl__sievering-schenkchenperg		am Schenkchenperg	 	settlement	corresp	None	None	Vienna_1448	3260.xml	[datetime.date(1448, 7, 6), '1448']	 	 	 
113	pl__sievering-immo_schenkchenperg_2		Theobald Macher Weingarten	 	immo	corresp	None	None	Vienna_1448	3260.xml	[datetime.date(1448, 7, 6), '1448']	 	 	 
114	pl__sievering-immo_schenkchenperg_2		Theobald Macher Weingarten	 	immo	ref	None	None	Vienna_1448	3260.xml	[datetime.date(1448, 7, 6), '1448']	 	 	 
115	pl__st_veit-immo_1		Füchsels ein Joch Weingarten an dem Hegkenperg	 	immo	ref	transactiongood_I	ev__QGW_II_II_3260	Vienna_1448	3260.xml	[datetime.date(1448, 7, 6), '1448']		 	 
116	pl__st_veit-immo_1		Füchsels ein Joch Weingarten an dem Hegkenperg	 	immo	ref	transactiongood_I	NULL	Vienna_1448	3260.xml	[datetime.date(1448, 7, 6), '1448']		 	 
117	pl__st_veit		St. Veit	 	settlement	corresp	None	None	Vienna_1448	3260.xml	[datetime.date(1448, 7, 6), '1448']		48.18766 16.2735	https://www.geonames.org/2601119/unter-sankt-veit.html
118	pl__meidling-immo_1		Michael Füchsels Weingarten in der Laincz	 	immo	ref	transactiongood_I	ev__QGW_II_II_3260	Vienna_1448	3260.xml	[datetime.date(1448, 7, 6), '1448']	 	 	 
119	pl__wien-immo_schaufllucken_1		Paul Schernheimer Haus	 	immo	ref	transactiongood_I	ev__QGW_II_II_3261	Vienna_1448	3261.xml	[datetime.date(1448, 7, 8), '1448']	 	 	 
120	pl__wien-immo_schaufllucken_1		Paul Schernheimer Haus	 	immo	ref	transactiongood_I	NULL	Vienna_1448	3261.xml	[datetime.date(1448, 7, 8), '1448']	 	 	 
121	pl__wien-schaufllucken		Schaufllucken bei St. Michael (I.Bezirk)	 	street	corresp	None	None	Vienna_1448	3261.xml	[datetime.date(1448, 7, 8), '1448']	 	 	 
122	pl__wien-immo_schaufllucken_2		Jakob von Brunn, der schneider, Haus	 	immo	corresp	None	None	Vienna_1448	3261.xml	[datetime.date(1448, 7, 8), '1448']	 	 	 
123	pl__wien-immo_schaufllucken_2		Jakob von Brunn, der schneider, Haus	 	immo	ref	None	None	Vienna_1448	3261.xml	[datetime.date(1448, 7, 8), '1448']	 	 	 
124	pl__wien-immo_schaufllucken_3		 	des Perner haus	immo	corresp	None	None	Vienna_1448	3261.xml	[datetime.date(1448, 7, 8), '1448']	 	 	 
125	pl__wien-immo_schaufllucken_3		 	des Perner haus	immo	ref	None	None	Vienna_1448	3261.xml	[datetime.date(1448, 7, 8), '1448']	 	 	 
126	pl__wien-immo_steig_bei_den_predigern_4		Johann und Dorothea Welser Haus	 	immo	ref	None	None	Vienna_1448	3262.xml	[datetime.date(1448, 7, 8), '1448']	 	 	 
127	pl__wien-steig_bei_den_predigern		Auf dem Steig, bei den Predigern	auf dem Steig	street	corresp	None	None	Vienna_1448	3262.xml	[datetime.date(1448, 7, 8), '1448']	 	 	 
128	pl__wien-immo_steig_bei_den_predigern_5		weilent Ulrich von Steir Haus	 	immo	corresp	None	None	Vienna_1448	3262.xml	[datetime.date(1448, 7, 8), '1448']	 	 	 
129	pl__wien-immo_steig_bei_den_predigern_5		weilent Ulrich von Steir Haus	 	immo	ref	None	None	Vienna_1448	3262.xml	[datetime.date(1448, 7, 8), '1448']	 	 	 
130	pl__wien-immo_hoher_markt_3		Johann Payr, des schuster, Haus	 	immo	ref	transactiongood_I	ev__QGW_II_II_3263	Vienna_1448	3263.xml	[datetime.date(1448, 7, 10), '1448']	 	 	 
131	pl__wien-hoher_markt	Hohermarkt (I.Bezirk) forum altum forum; Fischmarkt, an dem hohenmarkt; Unter den Wentkremen, an dem hohenmarkt	Hohermarkt (I.Bezirk)	forum; altum forum	street	corresp	None	None	Vienna_1448	3263.xml	[datetime.date(1448, 7, 10), '1448']	 	48.21094 16.37286	https://www.geonames.org/10345208/hoher-markt.html
132	pl__wien-hoher_markt_fischmarkt		Fischmarkt, an dem hohenmarkt	 	street	corresp	None	None	Vienna_1448	3263.xml	[datetime.date(1448, 7, 10), '1448']	 	 	 
133	pl__wien-immo_hoher_markt_4		Johann Waitzen, des kursner, Haus	 	immo	corresp	None	None	Vienna_1448	3263.xml	[datetime.date(1448, 7, 10), '1448']	 	 	 
134	pl__wien-immo_hoher_markt_4		Johann Waitzen, des kursner, Haus	 	immo	ref	None	None	Vienna_1448	3263.xml	[datetime.date(1448, 7, 10), '1448']	 	 	 
135	pl__wien-immo_tiefer_graben_1		Dorothea und Pankraz Widmer Haus	 	immo	ref	transactiongood_I	ev__QGW_II_II_3264	Vienna_1448	3264.xml	[datetime.date(1448, 8, 5), '1448']	 	 	 
136	pl__wien-tiefer_graben		Tiefer Graben (I.Bezirk)	Teuffergraben	street	corresp	None	None	Vienna_1448	3264.xml	[datetime.date(1448, 8, 5), '1448']	 	 	 
137	pl__wien-immo_tiefer_graben_2		Thomas Trager Haus	 	immo	corresp	None	None	Vienna_1448	3264.xml	[datetime.date(1448, 8, 5), '1448']	 	 	 
138	pl__wien-immo_tiefer_graben_2		Thomas Trager Haus	 	immo	ref	None	None	Vienna_1448	3264.xml	[datetime.date(1448, 8, 5), '1448']	 	 	 
139	pl__wien-immo_tiefer_graben_2		Thomas Trager Haus	 	immo	corresp	None	None	Vienna_1448	3264.xml	[datetime.date(1448, 8, 5), '1448']	 	 	 
140	pl__wien-immo_tiefer_graben_3		Egidius Zimmermann Haus	 	immo	corresp	None	None	Vienna_1448	3264.xml	[datetime.date(1448, 8, 5), '1448']	 	 	 
141	pl__wien-immo_tiefer_graben_3		Egidius Zimmermann Haus	 	immo	ref	None	None	Vienna_1448	3264.xml	[datetime.date(1448, 8, 5), '1448']	 	 	 
142	pl__wien-immo_tiefer_graben_1		Dorothea und Pankraz Widmer Haus	 	immo	ref	issuer	ev__QGW_II_II_3264_men_1	Vienna_1448	3264.xml	[datetime.date(1448, 8, 5), '1448']	 	 	 
143	pl__wien-immo_weinhaus_an_der_oberhohenbart_1		fünf Vierteil Weingarten der Kastnermesse	 	immo	ref	transactiongood_II	ev__QGW_II_II_3265	Vienna_1448	3265.xml	[datetime.date(1448, 8, 6), '1448']	 	 	 
144	pl__wien-weinhaus_an_der_oberhohenbart		Weinhaus an der Oberhohenbart	 	street	corresp	None	None	Vienna_1448	3265.xml	[datetime.date(1448, 8, 6), '1448']	 	 	 
145	pl__wien-immo_weinhaus_an_der_oberhohenbart_2		Niksls Undermhimmel Weingarten	 	immo	corresp	None	None	Vienna_1448	3265.xml	[datetime.date(1448, 8, 6), '1448']	 	 	 
146	pl__wien-immo_weinhaus_an_der_oberhohenbart_2		Niksls Undermhimmel Weingarten	 	immo	ref	None	None	Vienna_1448	3265.xml	[datetime.date(1448, 8, 6), '1448']	 	 	 
147	pl__wien-immo_st_maria_im_rathaus_1		ehm. Hausteil Ulrich Würfel	 	immo	ref	transactiongood_III	ev__QGW_II_II_3270	Vienna_1448	3270.xml	[datetime.date(1448, 8, 19), '1448']	 	 	 
148	pl__wien-st_maria_im_rathaus		S. Maria - Kapelle im Rathaus	 	street	corresp	None	None	Vienna_1448	3270.xml	[datetime.date(1448, 8, 19), '1448']	 	48.2116 16.3693	 
149	pl__wien-immo_st_maria_im_rathaus_2		ehm. Hausteil Ulrich Würfel	 	immo	ref	transactiongood_III	ev__QGW_II_II_3270	Vienna_1448	3270.xml	[datetime.date(1448, 8, 19), '1448']	 	 	 
150	pl__wien-st_maria_im_rathaus		S. Maria - Kapelle im Rathaus	 	street	corresp	None	None	Vienna_1448	3270.xml	[datetime.date(1448, 8, 19), '1448']	 	48.2116 16.3693	 
151	pl__wien-immo_st_maria_im_rathaus_3		ehm. Hausteil Ulrich Würfel	 	immo	ref	transactiongood_III	ev__QGW_II_II_3270	Vienna_1448	3270.xml	[datetime.date(1448, 8, 19), '1448']	 	 	 
152	pl__wien-st_maria_im_rathaus		S. Maria - Kapelle im Rathaus	 	street	corresp	None	None	Vienna_1448	3270.xml	[datetime.date(1448, 8, 19), '1448']	 	48.2116 16.3693	 
153	pl__wien-immo_riemerstrasse_5		Michael Praunsperger, der riemer, Haus	 	immo	ref	transactiongood_I	ev__QGW_II_II_3274	Vienna_1448	3274.xml	[datetime.date(1448, 9, 13), '1448']	 	 	 
154	pl__wien-riemerstrasse		Riemerstrass (I. Bezirk)	 	street	corresp	None	None	Vienna_1448	3274.xml	[datetime.date(1448, 9, 13), '1448']	 	 	 
155	pl__wien-immo_riemerstrasse_4		Meinhard Riemer Haus	 	immo	corresp	None	None	Vienna_1448	3274.xml	[datetime.date(1448, 9, 13), '1448']	 	 	 
156	pl__wien-immo_riemerstrasse_4		Meinhard Riemer Haus	 	immo	ref	None	None	Vienna_1448	3274.xml	[datetime.date(1448, 9, 13), '1448']	 	 	 
157	pl__wien-immo_riemerstrasse_2		Simon Vankch Haus	 	immo	corresp	None	None	Vienna_1448	3274.xml	[datetime.date(1448, 9, 13), '1448']	 	 	 
158	pl__wien-immo_riemerstrasse_2		Simon Vankch Haus	 	immo	ref	None	None	Vienna_1448	3274.xml	[datetime.date(1448, 9, 13), '1448']	 	 	 
159	pl__wien-immo_riemerstrasse_3		Johann Winter, der kramer, Haus; ehm. Christian, des maurer, Haus	 	immo	corresp	None	None	Vienna_1448	3274.xml	[datetime.date(1448, 9, 13), '1448']	 	 	 
160	pl__wien-immo_riemerstrasse_3		Johann Winter, der kramer, Haus; ehm. Christian, des maurer, Haus	 	immo	ref	None	None	Vienna_1448	3274.xml	[datetime.date(1448, 9, 13), '1448']	 	 	 
161	pl__wien-immo_riemerstrasse_5		Michael Praunsperger, der riemer, Haus	 	immo	ref	transactiongood_I	ev__QGW_II_II_3274_men_2	Vienna_1448	3274.xml	[datetime.date(1448, 9, 13), '1448']	 	 	 
162	pl__wien-immo_kamerhof_1		Stephan Gibing Haus		street	ref	transactiongood_I	ev__QGW_II_II_3275	Vienna_1448	3275.xml	[datetime.date(1448, 9, 20), '1448']	 	 	 
163	pl__wien-kamerhof		Kamerhof (I.Bezirk)		street	corresp	None	None	Vienna_1448	3275.xml	[datetime.date(1448, 9, 20), '1448']	 	 	 
164	pl__wien-immo_hochstrasse_1		Johann Stremphl und Stephan Sorgenfrey, der huter, Haus; ehm. Heinrich Staindlperger, der pekch, Haus	 	immo	ref	transactiongood_I	NULL	Vienna_1448	3276.xml	[datetime.date(1448, 9, 23), '1448']	 	 	 
165	pl__wien-hochstrasse		Hochstrass (I. Bezirk)	 	street	corresp	None	None	Vienna_1448	3276.xml	[datetime.date(1448, 9, 23), '1448']	 	 	
166	pl__wien-immo_haarmarkt_2		Johann Hermann (halbes) Haus; ehm. Niklas Kramhofer Haus; ehm. Lukas, des salzer, Haus	 	immo	ref	transactiongood_I	ev__QGW_II_II_3278	Vienna_1448	3278.xml	[datetime.date(1448, 11, 8), '1448']	1453 geteilt dann halbes Haus (andere Hälfte Johann von Gera Haus)	 	 
167	pl__wien-haarmarkt		Haarmarkt (I.Bezirk)	 	street	corresp	None	None	Vienna_1448	3278.xml	[datetime.date(1448, 11, 8), '1448']	 	 	 
168	pl__wien-immo_haarmarkt_3		Georg von Nikolsburg Haus	 	immo	corresp	None	None	Vienna_1448	3278.xml	[datetime.date(1448, 11, 8), '1448']	 	 	 
169	pl__wien-immo_haarmarkt_3		Georg von Nikolsburg Haus	 	immo	ref	None	None	Vienna_1448	3278.xml	[datetime.date(1448, 11, 8), '1448']	 	 	 
170	pl__wien-alter_fleischmarkt_gasse_bei		Gasse Fleischmarkt-Haarmarkt	 	street	corresp	None	None	Vienna_1448	3278.xml	[datetime.date(1448, 11, 8), '1448']	 	 	 
171	pl__wien-immo_haarmarkt_4		Weilent Ulrich von Steir Haus	 	immo	corresp	None	None	Vienna_1448	3278.xml	[datetime.date(1448, 11, 8), '1448']	 	 	 
172	pl__wien-immo_haarmarkt_4		Weilent Ulrich von Steir Haus	 	immo	ref	None	None	Vienna_1448	3278.xml	[datetime.date(1448, 11, 8), '1448']	 	 	 
173	pl__wien-immo_haarmarkt_5		Johann von Gera halbes Haus; ehm. Johann Hermann halbes Haus; ehm. Niklas Kramhofer Haus; ehm. Lukas, des salzer, Haus	 	immo	ref	transactiongood_I	None	Vienna_1448	3278.xml	[datetime.date(1448, 11, 8), '1448']	1453 geteilt dann halbes Haus (andere Hälfte Johann von Gera Haus)	 	 
174	pl__wien-immo_unter_den_pfeilschnitzern_1		Johann Varhofer Haus	 	immo	ref	tg_I	ev__QGW_II_II_3279	Vienna_1448	3279.xml	[datetime.date(1448, 11, 11), '1448']	 	 	 
175	pl__wien-unter_den_pfeilschnitzern		Unter den Pfeilschnitzern	 	street	corresp	None	None	Vienna_1448	3279.xml	[datetime.date(1448, 11, 11), '1448']	 	 	 
176	pl__wien-immo_unter_den_pfeilschnitzern_2		Konrad Phuntimaschen Haus	 	immo	corresp	None	None	Vienna_1448	3279.xml	[datetime.date(1448, 11, 11), '1448']	 	 	 
177	pl__wien-immo_unter_den_pfeilschnitzern_2		Konrad Phuntimaschen Haus	 	immo	ref	None	None	Vienna_1448	3279.xml	[datetime.date(1448, 11, 11), '1448']	 	 	 
178	pl__wien-minoriten_gasse_bei		Gasse bei den Minoriten (I. Bezirk)	gésslein bei den Weissenprüdern	street	corresp	None	None	Vienna_1448	3279.xml	[datetime.date(1448, 11, 11), '1448']	 	 	 
179	pl__wien-seitzerhof		Seitzer Hof (I. Bezirk)	 	street	corresp	None	None	Vienna_1448	3279.xml	[datetime.date(1448, 11, 11), '1448']	 	 	 
180	pl__wien-immo_unter_den_pfeilschnitzern_1		Johann Varhofer Haus	 	immo	ref	transactiongood_I	NULL	Vienna_1448	3279.xml	[datetime.date(1448, 11, 11), '1448']	 	 	 
181	pl__wien-immo_kaerntnertor_3		Johann von Eibesthal Haus; ehm. Konrad Klingenpoden, des pinter, Haus	 	immo	ref	other	ev__QGW_II_II_3282	Vienna_1448	3282.xml	[datetime.date(1448, 11, 29), '1448']	 	 	 
182	pl__wien-kaerntnertor		Kärntnerthor	Kernertor	street	corresp	None	None	Vienna_1448	3282.xml	[datetime.date(1448, 11, 29), '1448']	 	 	 
183	pl__wien-immo_kaerntnertor_4		Stephan von Böhmischkrut, des pinter, Haus	 	immo	corresp	None	None	Vienna_1448	3282.xml	[datetime.date(1448, 11, 29), '1448']	 	 	 
184	pl__wien-immo_kaerntnertor_4		Stephan von Böhmischkrut, des pinter, Haus	 	immo	ref	None	None	Vienna_1448	3282.xml	[datetime.date(1448, 11, 29), '1448']	 	 	 
185	pl__wien-immo_kaerntnertor_3		Johann von Eibesthal Haus; ehm. Konrad Klingenpoden, des pinter, Haus	 	immo	ref	transactiongood_I	NULL	Vienna_1448	3282.xml	[datetime.date(1448, 11, 29), '1448']	 	 	 
186	pl__wien-immo_huehnergesslein_1		Johann von Eibesthal Haus; ehm. Konrad Klingenpoden, des pinter, Haus	 	immo	ref	transactiongood_I	ev__SB_CD_00054	1448	00054-eintrag_vom_1448-06-10.xml	['1448-06-10']	 	 	 
187	pl__wien-huehnergesslein		Johann von Eibesthal Haus; ehm. Konrad Klingenpoden, des pinter, Haus	 	immo	corresp	None	None	1448	00054-eintrag_vom_1448-06-10.xml	['1448-06-10']	 	 	 
188	pl__wien-immo_huehnergesslein_2		Johann von Eibesthal Haus; ehm. Konrad Klingenpoden, des pinter, Haus	 	immo	corresp	None	None	1448	00054-eintrag_vom_1448-06-10.xml	['1448-06-10']	 	 	 
189	pl__wien-immo_huehnergesslein_2		Johann von Eibesthal Haus; ehm. Konrad Klingenpoden, des pinter, Haus	 	immo	ref	None	None	1448	00054-eintrag_vom_1448-06-10.xml	['1448-06-10']	 	 	 
190	pl__wien-immo_huehnergesslein_1		Johann von Eibesthal Haus; ehm. Konrad Klingenpoden, des pinter, Haus	 	immo	ref	issuer	ev__SB_CD_00054_men_1	1448	00054-eintrag_vom_1448-06-10.xml	['1448-06-10']	 	 	 
191	pl__wien-immo_alter_fleischmarkt_1		Agatha Hulber dritt tail Haus vormals Micheln Stadl	 	immo	ref	transactiongood_I	ev__SB_CD_00055	1448	00055-eintrag_vom_1448-06-21.xml	['1448-06-21']	 	 	 
192	pl__wien-alter_fleischmarkt		Alter Fleischmarkt	 	street	corresp	None	None	1448	00055-eintrag_vom_1448-06-21.xml	['1448-06-21']	 	 	 
193	pl__wien-st_laurenz		S. Laurenz, Prediger-Nonnenkloster am alten Fleischmarkt	 	street	corresp	None	None	1448	00055-eintrag_vom_1448-06-21.xml	['1448-06-21']	 	 	 
194	pl__wien-unter_den_hafnern		Unter den Hafnern	 	street	corresp	None	None	1448	00055-eintrag_vom_1448-06-21.xml	['1448-06-21']	 	 	 
195	pl__nuernberg		Nürnberg	 	settlement	corresp	None	None	1448	00055-eintrag_vom_1448-06-21.xml	['1448-06-21']	 	49.45421 11.07752	https://www.geonames.org/2861650/nuernberg.html
196	pl__nuernberg		Nürnberg	 	settlement	ref	None	None	1448	00055-eintrag_vom_1448-06-21.xml	['1448-06-21']	 	49.45421 11.07752	https://www.geonames.org/2861650/nuernberg.html
197	pl__wien-immo_wiltwerkerstrasse_3		Anna Leinburger Haus	 	immo	ref	transactiongood_I	ev__SB_CD_00056	1448	00056-eintrag_vom_1448-08-09.xml	['1448-08-09']	 	 	 
198	pl__wien-wiltwerkerstrasse		Wiltwercherstrasse	 	street	corresp	None	None	1448	00056-eintrag_vom_1448-08-09.xml	['1448-08-09']	 	 	 
199	pl__wien-immo_wiltwerkerstrasse_4		 	Óttinger zuhaws	immo	corresp	None	None	1448	00056-eintrag_vom_1448-08-09.xml	['1448-08-09']	 	 	 
200	pl__wien-immo_wiltwerkerstrasse_4		 	Óttinger zuhaws	immo	ref	None	None	1448	00056-eintrag_vom_1448-08-09.xml	['1448-08-09']	 	 	 
201	pl__wien-immo_wiltwerkerstrasse_3		Anna Leinburger Haus	 	immo	ref	transactiongood_I	None	1448	00056-eintrag_vom_1448-08-09.xml	['1448-08-09']	 	 	 
202	pl__wien-immo_judengasse_am_neuen_platz_1		Berthold Mermann Haus	 	immo	ref	transactiongood_I	ev__SB_CD_00156	1448	00156-eintrag_vom_1448-12-13.xml	['1448-12-13']	 	 	 
203	pl__wien-judengasse		Judengasse (bei der Hohenprugk); Judenplatz (I. Bezirk)	 	street	corresp	None	None	1448	00156-eintrag_vom_1448-12-13.xml	['1448-12-13']	 	 	 
204	pl__am_neuen_platz		Judengasse (bei der Hohenprugk); Judenplatz (I. Bezirk)	 	street	corresp	None	None	1448	00156-eintrag_vom_1448-12-13.xml	['1448-12-13']	 	 	 
205	pl__wien-immo_judengasse_am_neuen_platz_2		 	Jacoben des Smalen Haus	immo	corresp	None	None	1448	00156-eintrag_vom_1448-12-13.xml	['1448-12-13']	 	 	 
206	pl__wien-immo_judengasse_am_neuen_platz_3		 	Erhart von Prag des peutler haus	immo	corresp	None	None	1448	00156-eintrag_vom_1448-12-13.xml	['1448-12-13']	 	 	 
207	pl__wien-immo_judengasse_am_neuen_platz_2		 	Jacoben des Smalen Haus	immo	ref	None	None	1448	00156-eintrag_vom_1448-12-13.xml	['1448-12-13']	 	 	 
208	pl__wien-immo_judengasse_am_neuen_platz_3		 	Erhart von Prag des peutler haus	immo	ref	None	None	1448	00156-eintrag_vom_1448-12-13.xml	['1448-12-13']	 	 	 
209	pl__wien-immo_neuer_markt_1		Konrad u. Brigitta Eggenfelder Haus	 	immo	ref	transactiongood_I	ev__SB_CD_00226	1448	00226-eintrag_vom_1448-02-23.xml	['1448-02-23']	 	 	 
210	pl__wien-neuer_markt		Neuermarkt (I.Bezirk)	 	street	corresp	None	None	1448	00226-eintrag_vom_1448-02-23.xml	['1448-02-23']	 	 	 
211	pl__wien-immo_neuer_markt_2		Thomas Kunter Haus	 	immo	corresp	None	None	1448	00226-eintrag_vom_1448-02-23.xml	['1448-02-23']	 	 	 
212	pl__wien-immo_neuer_markt_2		Thomas Kunter Haus	 	immo	ref	transactiongood_I	ev__SB_CD_00226	1448	00226-eintrag_vom_1448-02-23.xml	['1448-02-23']	 	 	 
213	pl__immo_neuermarkt_1		Thomas Kunter Haus	 	immo	ref	issuer	ev__SB_CD_00226_men_1	1448	00226-eintrag_vom_1448-02-23.xml	['1448-02-23']	 	 	 
214	pl__wien-immo_weihenburg_1		Konrad und Anna Schröfl Haus; Johann Kanstdorffer Haus	genant der Alt Techanthof	immo	ref	transactiongood_I	ev__SB_CD_00227	1448	00227-eintrag_vom_1448-03-06.xml	['1448-03-06']	 	 	 
215	pl__wien-weihenburg		Weihenburg	in der Weihenpurkch	street	corresp	None	None	1448	00227-eintrag_vom_1448-03-06.xml	['1448-03-06']	 	 	 
216	pl__wien-immo_weihenburg_2		 	des abts von Altenburg haws	immo	corresp	None	None	1448	00227-eintrag_vom_1448-03-06.xml	['1448-03-06']	 	 	 
217	pl__wien-immo_weihenburg_2		 	des abts von Altenburg haws	immo	ref	None	None	1448	00227-eintrag_vom_1448-03-06.xml	['1448-03-06']	 	 	 
218	pl__wien-kumphlukche_vor_kernertor		Kumphlukche vor Kernertor	in der Kumphlukchen	street	corresp	None	None	1448	00228-eintrag_vom_1448-04-22.xml	['1448-04-22']	 	 	 
219	pl__wien-immo_kumphlukche_vor_kernertor_1		Konrad und Margarethe von Tyrna Haus	 	immo	ref	transactiongood_I	ev__SB_CD_00228	1448	00228-eintrag_vom_1448-04-22.xml	['1448-04-22']	 	 	 
220	pl__wien-kumphlukche_vor_kernertor		Kumphlukche vor Kernertor	in der Kumphlukchen	street	corresp	None	None	1448	00228-eintrag_vom_1448-04-22.xml	['1448-04-22']	 	 	 
221	pl__wien-immo_kumphlukche_vor_kernertor_2		 	Hainreichs Krumbnawer haus	immo	corresp	None	None	1448	00228-eintrag_vom_1448-04-22.xml	['1448-04-22']	 	 	 
222	pl__wien-immo_kumphlukche_vor_kernertor_2		 	Hainreichs Krumbnawer haus	immo	ref	None	None	1448	00228-eintrag_vom_1448-04-22.xml	['1448-04-22']	 	 	 
223	pl__wien-immo_graben_1		Kaspar Hermann Haus	 	immo	ref	transactiongood_I	ev__SB_CD_00229	1448	00229-eintrag_vom_1448-05-27.xml	['1448-05-27']	 	 	 
224	pl__wien-graben		(am) Graben	 	street	corresp	None	None	1448	00229-eintrag_vom_1448-05-27.xml	['1448-05-27']	 	48.20883 16.36951	https://www.geonames.org/10346420/graben.html
225	pl__wien-immo_graben_2		Stephan Auer Haus	 	immo	corresp	None	None	1448	00229-eintrag_vom_1448-05-27.xml	['1448-05-27']	 	 	 
226	pl__wien-immo_graben_2		Stephan Auer Haus	 	immo	ref	None	None	1448	00229-eintrag_vom_1448-05-27.xml	['1448-05-27']	 	 	 
227	pl__wien-immo_graben_1		Kaspar Hermann Haus	 	immo	ref	issuer	ev__SB_CD_00229_men_1	1448	00229-eintrag_vom_1448-05-27.xml	['1448-05-27']	 	 	 
228	pl__wien-immo_fleischbaenke_1		Servatius und Dorothea Waczla Haus	 	immo	ref	transactiongood__I	ev__SB_CD_00230	1448	00230-eintrag_vom_1448-11-20.xml	['1448-11-20']	 	 	 
229	pl__wien-fleischbaenke		Fleischbänke	bei den Fleischbänken	street	corresp	None	None	1448	00230-eintrag_vom_1448-11-20.xml	['1448-11-20']	 	 	 
230	pl__wien-immo_fleischbaenke_2		Michael Salzer Haus	 	immo	corresp	None	None	1448	00230-eintrag_vom_1448-11-20.xml	['1448-11-20']	 	 	 
231	pl__wien-immo_fleischbaenke_2		Michael Salzer Haus	 	immo	ref	None	None	1448	00230-eintrag_vom_1448-11-20.xml	['1448-11-20']	 	 	 
232	pl__wien-immo_scheffstrasse_1		Johann und Klara Tinpeck Haus	 	immo	ref	transactiongood_I	ev__SB_CD_00231	1448	00231-eintrag_vom_1448-09-20.xml	['1448-09-20']	 	 	 
233	pl__wien-scheffstrasse		Scheffstrasse (III.Bezirk)	 	street	corresp	None	None	1448	00231-eintrag_vom_1448-09-20.xml	['1448-09-20']	 	 	 
234	pl__wien-immo_scheffstrasse_2		Wolfgang von Asparn Haus	 	immo	corresp	None	None	1448	00231-eintrag_vom_1448-09-20.xml	['1448-09-20']	 	 	 
235	pl__wien-immo_scheffstrasse_2		Wolfgang von Asparn Haus	 	immo	ref	None	None	1448	00231-eintrag_vom_1448-09-20.xml	['1448-09-20']	 	 	 
236	pl__wien-immo_haarmarkt_1		Dorothea und Albrecht Liebhart Haus	 	immo	ref	transactiongood_I	ev__SB_CD_00299	1448	00299-eintrag_vom_1448-07-08.xml	['1448-07-08']	 	 	 
237	pl__wien-haarmarkt		Haarmarkt (I.Bezirk)	 	street	corresp	None	None	1448	00299-eintrag_vom_1448-07-08.xml	['1448-07-08']	 	 	 
238	pl__wien-immo_haarmarkt_6		 	Badstube genant die Perlabin	immo	corresp	None	None	1448	00299-eintrag_vom_1448-07-08.xml	['1448-07-08']	 	 	 
239	pl__wien-immo_haarmarkt_1		Dorothea und Albrecht Liebhart Haus	 	immo	ref	issuer	ev__SB_CD_00299_men_1	1448	00299-eintrag_vom_1448-07-08.xml	['1448-07-08']	 	 	 
240	pl__wien-immo_haarmarkt_1		Dorothea und Albrecht Liebhart Haus	 	immo	ref	issuer	ev__SB_CD_00299_men_2	1448	00299-eintrag_vom_1448-07-08.xml	['1448-07-08']	 	 	 
241	pl__wien-immo_tiefer_graben_1		Dorothea und Pankraz Widmer Haus	 	immo	ref	transactiongood_I	ev__QGW_II_II_3264	1448	00300-eintrag_vom_1448-08-05.xml	['1448-08-05']	 	 	 
242	pl__wien-tiefer_graben		Tiefer Graben (I.Bezirk)	Teuffergraben	street	corresp	None	None	1448	00300-eintrag_vom_1448-08-05.xml	['1448-08-05']	 	 	 
243	pl__wien-immo_tiefer_graben_2		Thomas Trager Haus	 	immo	corresp	None	None	1448	00300-eintrag_vom_1448-08-05.xml	['1448-08-05']	 	 	 
244	pl__wien-immo_tiefer_graben_2		Thomas Trager Haus	 	immo	ref	None	None	1448	00300-eintrag_vom_1448-08-05.xml	['1448-08-05']	 	 	 
245	pl__wien-immo_tiefer_graben_3		Egidius Zimmermann Haus	 	immo	corresp	None	None	1448	00300-eintrag_vom_1448-08-05.xml	['1448-08-05']	 	 	 
246	pl__wien-immo_tiefer_graben_3		Egidius Zimmermann Haus	 	immo	ref	None	None	1448	00300-eintrag_vom_1448-08-05.xml	['1448-08-05']	 	 	 
247	pl__wien-immo_tiefer_graben_1		Dorothea und Pankraz Widmer Haus	 	immo	ref	issuer	None	1448	00300-eintrag_vom_1448-08-05.xml	['1448-08-05']	 	 	 
248	pl__wien-immo_hoher_markt_1		Elisabeth und Stephan Goltpach Haus	 	immo	ref	transactiongood_I	ev__SB_CD_00349	1448	00349-eintrag_vom_1448-02-22.xml	['1448-02-22']	 	 	 
249	pl__wien-hoher_markt	Hohermarkt (I.Bezirk) forum altum forum; Fischmarkt, an dem hohenmarkt; Unter den Wentkremen, an dem hohenmarkt	Hohermarkt (I.Bezirk)	forum; altum forum	street	corresp	None	None	1448	00349-eintrag_vom_1448-02-22.xml	['1448-02-22']	 	48.21094 16.37286	https://www.geonames.org/10345208/hoher-markt.html
250	pl__wien-hoher_markt_fischmarkt		Fischmarkt, an dem hohenmarkt	 	street	corresp	None	None	1448	00349-eintrag_vom_1448-02-22.xml	['1448-02-22']	 	 	 
251	pl__wien-immo_hoher_markt_2		 	Steffans Fúgenstaler haus	immo	corresp	None	None	1448	00349-eintrag_vom_1448-02-22.xml	['1448-02-22']	 	 	 
252	pl__wien-immo_hoher_markt_2		 	Steffans Fúgenstaler haus	immo	ref	None	None	1448	00349-eintrag_vom_1448-02-22.xml	['1448-02-22']	 	 	 
253	pl__wien-immo_hoher_markt_1		Elisabeth und Stephan Goltpach Haus	 	immo	ref	issuer	ev__SB_CD_00349_men_1	1448	00349-eintrag_vom_1448-02-22.xml	['1448-02-22']	 	 	 
254	pl__wien-immo_weihenburg_3		 	Elspeth die Kolpekchin haws	immo	ref	transactiongood_I	ev__SB_CD_00350	1448	00350-eintrag_vom_1448-04-10.xml	['1448-04-10']	 	 	 
255	pl__wien-weihenburg		Weihenburg	in der Weihenpurkch	street	corresp	None	None	1448	00350-eintrag_vom_1448-04-10.xml	['1448-04-10']	 	 	 
256	pl__wien-immo_weihenburg_4		Ulrich Feldsberger Haus	 	immo	corresp	None	None	1448	00350-eintrag_vom_1448-04-10.xml	['1448-04-10']	 	 	 
257	pl__wien-immo_weihenburg_4		Ulrich Feldsberger Haus	 	immo	ref	None	None	1448	00350-eintrag_vom_1448-04-10.xml	['1448-04-10']	 	 	 
258	pl__eferding		Eferding	 	settlement	corresp	None	None	1448	00351-eintrag_vom_1448-11-29.xml	['1448-11-29']			
259	pl__wien-immo_weidenstrasse_1		Elisabth Hubner (vormals Linczer) Haus	 	immo	ref	transactiongood_I	ev__SB_CD_00351	1448	00351-eintrag_vom_1448-11-29.xml	['1448-11-29']	 	 	 
260	pl__wien-widmertor		Widmertor	 	street	corresp	None	None	1448	00351-eintrag_vom_1448-11-29.xml	['1448-11-29']	 	 	 
261	pl__wien-weidenstrasse		Weidenstrasse vor Widmertor	 	street	corresp	None	None	1448	00351-eintrag_vom_1448-11-29.xml	['1448-11-29']	 	 	
262	pl__wien-immo_weidenstrasse_2		 	Petern des Letzelter haws	immo	corresp	None	None	1448	00351-eintrag_vom_1448-11-29.xml	['1448-11-29']	 	 	 
263	pl__wien-immo_weidenstrasse_2		 	Petern des Letzelter haws	immo	ref	None	None	1448	00351-eintrag_vom_1448-11-29.xml	['1448-11-29']	 	 	 
264	pl__wien-immo_moering_unter_den_schlossern_am_graben_1		Friedrich im Hof, der Schlosser, Haus	 	immo	ref	transactiongood_I	ev__SB_CD_00406	1448	00406-eintrag_vom_1448-05-31.xml	['1448-05-31']	 	 	 
265	pl__wien-moering		Möring (I. Bezirk)	auf der Morin	street	corresp	None	None	1448	00406-eintrag_vom_1448-05-31.xml	['1448-05-31']	 	 	 
266	pl__wien-graben		(am) Graben	 	street	corresp	None	None	1448	00406-eintrag_vom_1448-05-31.xml	['1448-05-31']	 	48.20883 16.36951	https://www.geonames.org/10346420/graben.html
267	pl__wien-immo_moering_unter_den_schlossern_am_graben_2		 	Niclasen Légler haus	immo	corresp	None	None	1448	00406-eintrag_vom_1448-05-31.xml	['1448-05-31']	 	 	 
268	pl__wien-immo_moering_unter_den_schlossern_am_graben_2		 	Niclasen Légler haus	immo	ref	None	None	1448	00406-eintrag_vom_1448-05-31.xml	['1448-05-31']	 	 	 
269	pl__wien-schottentor		Schottentor	 	street	corresp	None	None	1448	00604-eintrag_vom_1448-02-24.xml	['1448-02-24']	 	 	 
270	pl__wien-immo_alserstrasse_vor_schottentor_1		Johann Auer Haus	 	immo	ref	transactiongood_I	ev__SB_CD_00604	1448	00604-eintrag_vom_1448-02-24.xml	['1448-02-24']	 	 	 
271	pl__wien-alserstrasse_vor_schottentor		Alserstrasse (VIII., IX., XVII. Bezirk)	 	street	corresp	None	None	1448	00604-eintrag_vom_1448-02-24.xml	['1448-02-24']	 	; 51.225556 6.782778	; http://www.geonames.org/2934246
272	pl__wien-immo_alserstrasse_vor_schottentor_2		 	Niclasen Pernharts des Fürer haws	immo	corresp	None	None	1448	00604-eintrag_vom_1448-02-24.xml	['1448-02-24']	 	 	 
273	pl__wien-immo_alserstrasse_vor_schottentor_2		 	Niclasen Pernharts des Fürer haws	immo	ref	None	None	1448	00604-eintrag_vom_1448-02-24.xml	['1448-02-24']	 	 	 
274	pl__wien-immo_alserstrasse_vor_schottentor_1		Johann Auer Haus	 	immo	ref	transactiongood_I	ev__SB_CD_00604	1448	00604-eintrag_vom_1448-02-24.xml	['1448-02-24']	 	 	 
275	pl__wien-alserstrasse_vor_schottentor		Alserstrasse (VIII., IX., XVII. Bezirk)	 	street	corresp	None	None	1448	00604-eintrag_vom_1448-02-24.xml	['1448-02-24']	 	; 51.225556 6.782778	; http://www.geonames.org/2934246
276	pl__wien-immo_alserstrasse_vor_schottentor_3		 	des Officials haus das yecz der stat mautthaus ist	immo	corresp	None	None	1448	00604-eintrag_vom_1448-02-24.xml	['1448-02-24']	 	 	 
277	pl__wien-immo_alserstrasse_vor_schottentor_3		 	des Officials haus das yecz der stat mautthaus ist	immo	ref	None	None	1448	00604-eintrag_vom_1448-02-24.xml	['1448-02-24']	 	 	 
278	pl__wien-immo_alserstrasse_vor_schottentor_1		Johann Auer Haus	 	immo	ref	issuer	None	1448	00604-eintrag_vom_1448-02-24.xml	['1448-02-24']	 	 	 
279	pl__wien-immo_alserstrasse_vor_schottentor_1		Johann Auer Haus	 	immo	ref	issuer	None	1448	00604-eintrag_vom_1448-02-24.xml	['1448-02-24']	 	 	 
280	pl__wien-immo_alserstrasse_vor_schottentor_1		Johann Auer Haus	 	immo	ref	issuer	None	1448	00604-eintrag_vom_1448-02-24.xml	['1448-02-24']	 	 	 
281	pl__wien-immo_laimgrub_vor_widmertor_1		Johann Weinperger Haus	 	immo	ref	transactiongood_I	ev__SB_CD_00605	1448	00605-eintrag_vom_1448-03-04.xml	['1448-03-04']	 	 	 
282	pl__wien-widmertor		Widmertor	 	street	corresp	None	None	1448	00605-eintrag_vom_1448-03-04.xml	['1448-03-04']	 	 	 
283	pl__wien-laimgrub_vor_widmertor		In der Laimgrub, vor Widmertor	in der Laimgrub	street	corresp	None	None	1448	00605-eintrag_vom_1448-03-04.xml	['1448-03-04']	 	 	 
284	pl__wien-immo_laimgrub_vor_widmertor_2		Georg Salczer Haus	 	immo	corresp	None	None	1448	00605-eintrag_vom_1448-03-04.xml	['1448-03-04']	 	 	 
285	pl__wien-immo_laimgrub_vor_widmertor_1		Johann Weinperger Haus	 	immo	ref	issuer	ev__SB_CD_00605_men_1	1448	00605-eintrag_vom_1448-03-04.xml	['1448-03-04']	 	 	 
286	pl__wien-immo_salzgries_1		Johann Würer Haus	 	immo	ref	transactiongood_I	ev__SB_CD_00606	1448	00606-eintrag_vom_1448-04-03.xml	['1448-04-03']	 	 	 
287	pl__wien-salzgries		Am Salzgries	 	street	corresp	None	None	1448	00606-eintrag_vom_1448-04-03.xml	['1448-04-03']	 	 	 
288	pl__wien-immo_salzgries_2		Liebhard Weiss Haus	 	immo	corresp	None	None	1448	00606-eintrag_vom_1448-04-03.xml	['1448-04-03']	 	 	 
289	pl__wien-immo_salzgries_2		Liebhard Weiss Haus	 	immo	ref	None	None	1448	00606-eintrag_vom_1448-04-03.xml	['1448-04-03']	 	 	 
290	pl__wien-immo_salzgries_1		Johann Würer Haus	 	immo	ref	issuer	ev__SB_CD_00606_men_1	1448	00606-eintrag_vom_1448-04-03.xml	['1448-04-03']	 	 	 
291	pl__wien-schottentor		Schottentor	 	street	corresp	None	None	1448	00607-eintrag_vom_1448-03-13.xml	['1448-03-13']	 	 	 
292	pl__wien-immo_alserstrasse_vor_schottentor_4		Johann und Katharina Spannberger Haus	 	immo	ref	transactiongood_I	ev__SB_CD_00607	1448	00607-eintrag_vom_1448-03-13.xml	['1448-03-13']	 	 	 
293	pl__wien-alserstrasse_vor_schottentor		Alserstrasse (VIII., IX., XVII. Bezirk)	 	street	corresp	None	None	1448	00607-eintrag_vom_1448-03-13.xml	['1448-03-13']	 	; 51.225556 6.782778	; http://www.geonames.org/2934246
294	pl__wien-immo_alserstrasse_vor_schottentor_5		 	des Rauscher haus	immo	corresp	None	None	1448	00607-eintrag_vom_1448-03-13.xml	['1448-03-13']	 	 	 
295	pl__wien-immo_alserstrasse_vor_schottentor_5		 	des Rauscher haus	immo	ref	None	None	1448	00607-eintrag_vom_1448-03-13.xml	['1448-03-13']	 	 	 
296	pl__wien-immo_kohlmarkt_1		Johann und Barbara Unverdrossen (halbes) Haus (mit Zugehorung), vormals Jakob von Brünn des schneider Haus	 	immo	ref	transactiongood_I	ev__SB_CD_00608	1448	00608-eintrag_vom_1448-04-29.xml	['1448-04-29']	 	 	 
297	pl__wien-kohlmarkt		Kohlmarkt (I.Bezirk)	alter Kohlmarkt	street	corresp	None	None	1448	00608-eintrag_vom_1448-04-29.xml	['1448-04-29']	 	 	 
298	pl__wien-immo_kohlmarkt_1		Johann und Barbara Unverdrossen (halbes) Haus (mit Zugehorung), vormals Jakob von Brünn des schneider Haus	 	immo	ref	transactiongood_I	ev__SB_CD_00608_men_1	1448	00608-eintrag_vom_1448-04-29.xml	['1448-04-29']	 	 	 
299	pl__wien-immo_kohlmarkt_2		Johann Schuchl des goldschmieds Haus	 	immo	corresp	None	None	1448	00608-eintrag_vom_1448-04-29.xml	['1448-04-29']	 	 	 
300	pl__wien-immo_kohlmarkt_2		Johann Schuchl des goldschmieds Haus	 	immo	ref	None	None	1448	00608-eintrag_vom_1448-04-29.xml	['1448-04-29']	 	 	 
301	pl__wien-immo_kohlmarkt_1		Johann und Barbara Unverdrossen (halbes) Haus (mit Zugehorung), vormals Jakob von Brünn des schneider Haus	 	immo	ref	issuer	ev__SB_CD_00608_men_2	1448	00608-eintrag_vom_1448-04-29.xml	['1448-04-29']	 	 	 
302	pl__wien-immo_alter_fleischmarkt_6		Heinrich Rigel Haus	 	immo	ref	transactiongood_I	ev__SB_CD_00609	1448	00609-eintrag_vom_1448-05-06.xml	['1448-05-06']	 	 	 
303	pl__wien-alter_fleischmarkt		Alter Fleischmarkt	 	street	corresp	None	None	1448	00609-eintrag_vom_1448-05-06.xml	['1448-05-06']	 	 	 
304	pl__wien-immo_alter_fleischmarkt_4		 	der stat newem kassten	immo	corresp	None	None	1448	00609-eintrag_vom_1448-05-06.xml	['1448-05-06']	 	 	 
305	pl__wien-immo_alter_fleischmarkt_4		 	der stat newem kassten	immo	ref	None	None	1448	00609-eintrag_vom_1448-05-06.xml	['1448-05-06']	 	 	 
306	pl__wien-immo_alter_fleischmarkt_5		 	der studenten von Bresslaw haus	immo	corresp	None	None	1448	00609-eintrag_vom_1448-05-06.xml	['1448-05-06']	 	 	 
307	pl__wien-immo_alter_fleischmarkt_5		 	der studenten von Bresslaw haus	immo	ref	None	None	1448	00609-eintrag_vom_1448-05-06.xml	['1448-05-06']	 	 	 
308	pl__wien-immo_schulstrasse_vordere_1		Johann und Dorothea Ofner halbes Haus	 	immo	ref	transactiongood_I	ev__SB_CD_00610	1448	00610-eintrag_vom_1448-05-29.xml	['1448-05-29']	 	 	 
309	pl__wien-schulstrasse_vordere		Schulstrass (I. Bezirk)	 	street	corresp	None	None	1448	00610-eintrag_vom_1448-05-29.xml	['1448-05-29']	 	 	 
310	pl__wien-juristenschule		Juristenschul	 	street	corresp	None	None	1448	00610-eintrag_vom_1448-05-29.xml	['1448-05-29']	 	 	 
311	pl__wien-immo_schulstrasse_vordere_2		Peter Engelhartsstetter Haus	 	immo	corresp	None	None	1448	00610-eintrag_vom_1448-05-29.xml	['1448-05-29']	 	 	 
312	pl__wien-immo_schulstrasse_vordere_2		Peter Engelhartsstetter Haus	 	immo	ref	None	None	1448	00610-eintrag_vom_1448-05-29.xml	['1448-05-29']	 	 	 
313	pl__wien-immo_st_johannsstrasse_2		Johann und Agnes Teuffenpekch Haus	 	immo	ref	transactiongood_I	ev__SB_CD_00612	1448	00611-eintrag_vom_1448-06-21.xml	['1448-06-21']	 	 	 
314	pl__wien-st_johannssstrasse		S. Johanns Strasse (I.Bezirk)	 	street	corresp	None	None	1448	00611-eintrag_vom_1448-06-21.xml	['1448-06-21']	 	 	 
315	pl__wien-immo_st_johannsstrasse_1		 	des Grünpekchen haus	immo	corresp	None	None	1448	00611-eintrag_vom_1448-06-21.xml	['1448-06-21']	 	 	 
316	pl__wien-immo_st_johannsstrasse_1		 	des Grünpekchen haus	immo	ref	None	None	1448	00611-eintrag_vom_1448-06-21.xml	['1448-06-21']	 	 	 
317	pl__wien-immo_hoher_markt_3		Johann Payr, des schuster, Haus	 	immo	ref	transactiongood_I	ev__SB_CD_00612	1448	00612-eintrag_vom_1448-07-10.xml	['1448-07-10']	 	 	 
318	pl__wien-hoher_markt	Hohermarkt (I.Bezirk) forum altum forum; Fischmarkt, an dem hohenmarkt; Unter den Wentkremen, an dem hohenmarkt	Hohermarkt (I.Bezirk)	forum; altum forum	street	corresp	None	None	1448	00612-eintrag_vom_1448-07-10.xml	['1448-07-10']	 	48.21094 16.37286	https://www.geonames.org/10345208/hoher-markt.html
319	pl__wien-hoher_markt_fischmarkt		Fischmarkt, an dem hohenmarkt	 	street	corresp	None	None	1448	00612-eintrag_vom_1448-07-10.xml	['1448-07-10']	 	 	 
320	pl__wien-immo_hoher_markt_4		Johann Waitzen, des kursner, Haus	 	immo	corresp	None	None	1448	00612-eintrag_vom_1448-07-10.xml	['1448-07-10']	 	 	 
321	pl__wien-immo_hoher_markt_4		Johann Waitzen, des kursner, Haus	 	immo	ref	None	None	1448	00612-eintrag_vom_1448-07-10.xml	['1448-07-10']	 	 	 
322	pl__wien-immo_kohlmarkt_1		Johann und Barbara Unverdrossen (halbes) Haus (mit Zugehorung), vormals Jakob von Brünn des schneider Haus	 	immo	ref	transactiongood_I	ev__SB_CD_00613	1448	00613-eintrag_vom_1448-07-17.xml	['1448-07-17']	 	 	 
323	pl__wien-kohlmarkt		Kohlmarkt (I.Bezirk)	alter Kohlmarkt	street	corresp	None	None	1448	00613-eintrag_vom_1448-07-17.xml	['1448-07-17']	 	 	 
324	pl__wien-immo_kohlmarkt_4		Niklas Vorstl, der wundarzt, Haus	 	immo	corresp	None	None	1448	00613-eintrag_vom_1448-07-17.xml	['1448-07-17']	 	 	 
325	pl__wien-immo_kohlmarkt_4		Niklas Vorstl, der wundarzt, Haus	 	immo	ref	None	None	1448	00613-eintrag_vom_1448-07-17.xml	['1448-07-17']	 	 	 
326	pl__wien-immo_kohlmarkt_1		Johann und Barbara Unverdrossen (halbes) Haus (mit Zugehorung), vormals Jakob von Brünn des schneider Haus	 	immo	ref	issuer	ev__SB_CD_00613_men_1	1448	00613-eintrag_vom_1448-07-17.xml	['1448-07-17']	 	 	 
327	pl__wien-immo_kohlmarkt_1		Johann und Barbara Unverdrossen (halbes) Haus (mit Zugehorung), vormals Jakob von Brünn des schneider Haus	 	immo	ref	issuer	ev__SB_CD_00613_men_2	1448	00613-eintrag_vom_1448-07-17.xml	['1448-07-17']	 	 	 
328	pl__wien-immo_peurertor_1		Ulrich Pernauer des gurtler Haus	 	immo	ref	issuer	ev__SB_CD_00613_men_3	1448	00613-eintrag_vom_1448-07-17.xml	['1448-07-17']	 	 	 
329	pl__wien-peurertor		Peurertor (I. Bezirk)	Peilertor	street	corresp	None	None	1448	00613-eintrag_vom_1448-07-17.xml	['1448-07-17']	 	 	 
330	pl__wien-immo_salzgries_1		Johann Würer Haus	 	immo	ref	transactiongood_I	ev__SB_CD_00614	1448	00614-eintrag_vom_1448-07-29.xml	['1448-07-29']	 	 	 
331	pl__wien-salzgries		Am Salzgries	 	street	corresp	None	None	1448	00614-eintrag_vom_1448-07-29.xml	['1448-07-29']	 	 	 
332	pl__wien-immo_salzgries_2		Liebhard Weiss Haus	 	immo	corresp	None	None	1448	00614-eintrag_vom_1448-07-29.xml	['1448-07-29']	 	 	 
333	pl__wien-immo_salzgries_2		Liebhard Weiss Haus	 	immo	ref	None	None	1448	00614-eintrag_vom_1448-07-29.xml	['1448-07-29']	 	 	 
334	pl__wien-immo_kienmarkt_3		Margarethe und Johann Hölczel Haus	 	immo	ref	transactiongood_I	ev__SB_CD_00615	1448	00615-eintrag_vom_1448-06-26.xml	['1448-06-26']	 	 	 
335	pl__wien-kienmarkt		Kienmarkt (I.Bezirk)		street	corresp	None	None	1448	00615-eintrag_vom_1448-06-26.xml	['1448-06-26']	 	 	 
336	pl__wien-immo_kienmarkt_4		Johann Göllersdorfer Haus	Jorgen von Gelestorf sun haus	immo	corresp	None	None	1448	00615-eintrag_vom_1448-06-26.xml	['1448-06-26']	 	 	 
337	pl__wien-immo_kienmarkt_4		Johann Göllersdorfer Haus	Jorgen von Gelestorf sun haus	immo	ref	None	None	1448	00615-eintrag_vom_1448-06-26.xml	['1448-06-26']	 	 	 
338	pl__ottakring		Ottakring	 	settlement	corresp	None	None	1448	00615-eintrag_vom_1448-06-26.xml	['1448-06-26']		48.21667 16.3	https://www.geonames.org/2769359/ottakring.html
339	pl__wien-immo_pippingerstrasse_1		Johann und Agnes Hinlauf Haus	 	immo	ref	transactiongood_I	ev__SB_CD_00616	1448	00616-eintrag_vom_1448-07-19.xml	['1448-07-19']	 	 	 
340	pl__wien-pippingerstrasse		Pippingerstrasse (I.Bezirk)	 	street	corresp	None	None	1448	00616-eintrag_vom_1448-07-19.xml	['1448-07-19']	 	 	 
341	pl__wien-immo_pippingerstrasse_2		Georg von Ror, der fleischacker, Haus	 	immo	corresp	None	None	1448	00616-eintrag_vom_1448-07-19.xml	['1448-07-19']	 	 	 
342	pl__wien-immo_pippingerstrasse_2		Georg von Ror, der fleischacker, Haus	 	immo	ref	None	None	1448	00616-eintrag_vom_1448-07-19.xml	['1448-07-19']	 	 	 
343	pl__wien-immo_kohlmarkt_2		Johann Schuchl des goldschmieds Haus	 	immo	ref	transactiongood_I	ev__SB_CD_00617	1448	00617-eintrag_vom_1448-08-26.xml	['1448-08-26']	 	 	 
344	pl__wien-kohlmarkt		Kohlmarkt (I.Bezirk)	alter Kohlmarkt	street	corresp	None	None	1448	00617-eintrag_vom_1448-08-26.xml	['1448-08-26']	 	 	 
345	pl__wien-immo_kohlmarkt_5		Ulrich Fochter Haus	 	immo	corresp	None	None	1448	00617-eintrag_vom_1448-08-26.xml	['1448-08-26']	 	 	 
346	pl__wien-immo_kohlmarkt_5		Ulrich Fochter Haus	 	immo	ref	None	None	1448	00617-eintrag_vom_1448-08-26.xml	['1448-08-26']	 	 	 
347	pl__wien-immo_kohlmarkt_6		Heinrich und Margarethe Eschlbach Haus	 	immo	ref	transactiongood_I	ev__SB_CD_00618	1448	00618-eintrag_vom_1448-09-02.xml	['1448-09-02']	 	 	 
348	pl__wien-kohlmarkt		Kohlmarkt (I.Bezirk)	alter Kohlmarkt	street	corresp	None	None	1448	00618-eintrag_vom_1448-09-02.xml	['1448-09-02']	 	 	 
349	pl__wien-immo_kohlmarkt_7		 	des Fuchsleins haus	immo	corresp	None	None	1448	00618-eintrag_vom_1448-09-02.xml	['1448-09-02']	 	 	 
350	pl__wien-immo_kohlmarkt_7		 	des Fuchsleins haus	immo	ref	None	None	1448	00618-eintrag_vom_1448-09-02.xml	['1448-09-02']	 	 	 
351	pl__wien-immo_geraeut_vor_stubentor_1		 	Fridreichs kochs haus und hofstat weingarten	immo	ref	issuer	ev__SB_CD_00618_men_1	1448	00618-eintrag_vom_1448-09-02.xml	['1448-09-02']	 	 	 
352	pl__wien-geraeut_vor_stubentor		Im Geräut, vor Stubentor	 	street	corresp	None	None	1448	00618-eintrag_vom_1448-09-02.xml	['1448-09-02']	 	 	 
353	pl__wien-immo_kohlmarkt_6		Heinrich und Margarethe Eschlbach Haus	 	immo	ref	transactiongood_I	None	1448	00619-eintrag_vom_1448-09-04.xml	['1448-09-04']	 	 	 
354	pl__wien-kohlmarkt		Kohlmarkt (I.Bezirk)	alter Kohlmarkt	street	corresp	None	None	1448	00619-eintrag_vom_1448-09-04.xml	['1448-09-04']	 	 	 
355	pl__wien-immo_kohlmarkt_8		Johann Unverdrossen, der plattner, Haus	 	immo	corresp	None	None	1448	00619-eintrag_vom_1448-09-04.xml	['1448-09-04']	 	 	 
356	pl__wien-immo_kohlmarkt_8		Johann Unverdrossen, der plattner, Haus	 	immo	ref	None	None	1448	00619-eintrag_vom_1448-09-04.xml	['1448-09-04']	 	 	 
357	pl__wien-immo_kaerntnertor_1		Johann Kieler Haus	 	immo	ref	transactiongood_I	ev__SB_CD_00620	1448	00620-eintrag_vom_1448-11-20.xml	['1448-11-20']	 	 	 
358	pl__wien-kaerntnertor		Kärntnerthor	Kernertor	street	corresp	None	None	1448	00620-eintrag_vom_1448-11-20.xml	['1448-11-20']	 	 	 
359	pl__wien-immo_kaerntnertor_2		Ulrich Floederl, der schlosser, Haus	 	immo	corresp	None	None	1448	00620-eintrag_vom_1448-11-20.xml	['1448-11-20']	 	 	 
360	pl__wien-immo_kaerntnertor_2		Ulrich Floederl, der schlosser, Haus	 	immo	ref	None	None	1448	00620-eintrag_vom_1448-11-20.xml	['1448-11-20']	 	 	 
361	pl__wien-immo_haarmarkt_2		Johann Hermann (halbes) Haus; ehm. Niklas Kramhofer Haus; ehm. Lukas, des salzer, Haus	 	immo	ref	transactiongood_I	ev__SB_CD_00621	1448	00621-eintrag_vom_1448-11-27.xml	['1448-11-27']	1453 geteilt dann halbes Haus (andere Hälfte Johann von Gera Haus)	 	 
362	pl__wien-immo_haarmarkt_3		Georg von Nikolsburg Haus	 	immo	ref	None	None	1448	00621-eintrag_vom_1448-11-27.xml	['1448-11-27']	 	 	 
363	pl__wien-immo_singerstrasse_1		Johann Züchtig Haus	 	immo	ref	transactiongood_I	ev__SB_CD_00622	1448	00622-eintrag_vom_1448-12-09.xml	['1448-12-09']	 	 	 
364	pl__wien-singerstrasse		Singerstrasse (I. Bezirk)	Súnigerstrass	street	corresp	None	None	1448	00622-eintrag_vom_1448-12-09.xml	['1448-12-09']	 	 	 
365	pl__wien-immo_singerstrasse_1		Johann Züchtig Haus	 	immo	corresp	None	None	1448	00622-eintrag_vom_1448-12-09.xml	['1448-12-09']	 	 	 
366	pl__wien-immo_singerstrasse_1		Johann Züchtig Haus	 	immo	ref	None	None	1448	00622-eintrag_vom_1448-12-09.xml	['1448-12-09']	 	 	 
367	pl__wien-immo_teinfaltstrasse_1		Johann Frey, der parhander, Haus	 	immo	ref	transactiongood_I	ev__SB_CD_00623	1448	00623-eintrag_vom_1448-12-13.xml	['1448-12-13']	 	 	 
368	pl__wien-teinfaltstrasse		Teinfaltstrasse(I.Bezirk)	Tunfoltstrass	street	corresp	None	None	1448	00623-eintrag_vom_1448-12-13.xml	['1448-12-13']	 	 	 
369	pl__wien-immo_teinfaltstrasse_2		Johann Höphl Haus	 	immo	corresp	None	None	1448	00623-eintrag_vom_1448-12-13.xml	['1448-12-13']	 	 	 
370	pl__wien-immo_teinfaltstrasse_2		Johann Höphl Haus	 	immo	ref	None	None	1448	00623-eintrag_vom_1448-12-13.xml	['1448-12-13']	 	 	 
371	pl__wien-immo_strauchgasse_1		Johann Weilhaimer Haus	 	immo	ref	transactiongood_I	ev__SB_CD_00624	1448	00624-eintrag_vom_1448-09-23.xml	['1448-09-23']	 	 	 
372	pl__wien-strauchgasse		Strauchgasse (I.Bezirk)	 	street	corresp	None	None	1448	00624-eintrag_vom_1448-09-23.xml	['1448-09-23']	 	 	 
373	pl__wien-immo_strauchgasse_2		Heinrich Maler Haus	 	immo	corresp	None	None	1448	00624-eintrag_vom_1448-09-23.xml	['1448-09-23']	 	 	 
374	pl__wien-immo_strauchgasse_2		Heinrich Maler Haus	 	immo	ref	None	None	1448	00624-eintrag_vom_1448-09-23.xml	['1448-09-23']	 	 	 
375	pl__wien-immo_hochstrasse_1		Johann Stremphl und Stephan Sorgenfrey, der huter, Haus; ehm. Heinrich Staindlperger, der pekch, Haus	 	immo	ref	issuer	ev__SB_CD_00624_men_1	1448	00624-eintrag_vom_1448-09-23.xml	['1448-09-23']	 	 	 
376	pl__wien-immo_haarmarkt_2		Johann Hermann (halbes) Haus; ehm. Niklas Kramhofer Haus; ehm. Lukas, des salzer, Haus	 	immo	ref	transactiongood_I	ev__SB_CD_00625	1448	00625-eintrag_vom_1448-12-11.xml	['1448-12-11']	1453 geteilt dann halbes Haus (andere Hälfte Johann von Gera Haus)	 	 
377	pl__wien-haarmarkt		Haarmarkt (I.Bezirk)	 	street	corresp	None	None	1448	00625-eintrag_vom_1448-12-11.xml	['1448-12-11']	 	 	 
378	pl__wien-alter_fleischmarkt		Alter Fleischmarkt	 	street	corresp	None	None	1448	00625-eintrag_vom_1448-12-11.xml	['1448-12-11']	 	 	 
379	pl__wien-immo_haarmarkt_3		Georg von Nikolsburg Haus	 	immo	corresp	None	None	1448	00625-eintrag_vom_1448-12-11.xml	['1448-12-11']	 	 	 
380	pl__wien-immo_haarmarkt_3		Georg von Nikolsburg Haus	 	immo	ref	None	None	1448	00625-eintrag_vom_1448-12-11.xml	['1448-12-11']	 	 	 
381	pl__wien-immo_haarmarkt_4		Weilent Ulrich von Steir Haus	 	immo	corresp	None	None	1448	00625-eintrag_vom_1448-12-11.xml	['1448-12-11']	 	 	 
382	pl__wien-immo_haarmarkt_4		Weilent Ulrich von Steir Haus	 	immo	ref	None	None	1448	00625-eintrag_vom_1448-12-11.xml	['1448-12-11']	 	 	 
383	pl__wien-immo_strauchgasse_1		Johann Weilhaimer Haus	 	immo	ref	transactiongood_I	ev__SB_CD_00626	1448	00626-eintrag_vom_1448-12-20.xml	['1448-12-20']	 	 	 
384	pl__wien-strauchgasse		Strauchgasse (I.Bezirk)	 	street	corresp	None	None	1448	00626-eintrag_vom_1448-12-20.xml	['1448-12-20']	 	 	 
385	pl__wien-immo_strauchgasse_2		Heinrich Maler Haus	 	immo	corresp	None	None	1448	00626-eintrag_vom_1448-12-20.xml	['1448-12-20']	 	 	 
386	pl__wien-immo_strauchgasse_2		Heinrich Maler Haus	 	immo	ref	None	None	1448	00626-eintrag_vom_1448-12-20.xml	['1448-12-20']	 	 	 
387	pl__wien-immo_walichstrasse_3		Lorenz Swarcz Haus	 	immo	ref	issuer	ev__SB_CD_00626_men_2	1448	00626-eintrag_vom_1448-12-20.xml	['1448-12-20']	 	 	 
388	pl__wien-walichstrasse		Wallnerstrasse (I. Bezirk); Walichstrass	 	street	corresp	None	None	1448	00626-eintrag_vom_1448-12-20.xml	['1448-12-20']	 	 	
389	pl__wien-immo_gottesacker_vor_kaertnertor_1		Heinrich Wurm, der pekch, Haus	 	immo	ref	transactiongood_I	ev__SB_CD_00627	1448	00627-eintrag_vom_1448-12-20.xml	['1448-12-20']	 	 	 
390	pl__wien-kaerntnertor		Kärntnerthor	Kernertor	street	corresp	None	None	1448	00627-eintrag_vom_1448-12-20.xml	['1448-12-20']	 	 	 
391	pl__wien-gottesacker_vor_kaertnertor		Gottesacker vor Kernertor	 	street	corresp	None	None	1448	00627-eintrag_vom_1448-12-20.xml	['1448-12-20']	 	 	 
392	pl__wien-immo_gottesacker_vor_kaertnertor_1		Heinrich Wurm, der pekch, Haus	 	immo	ref	issuer	ev__SB_CD_00627_men_1	1448	00627-eintrag_vom_1448-12-20.xml	['1448-12-20']	 	 	 
393	pl__wien-immo_siebenherbergen_vor_kaertnertor_1		Georg Krumpp, der binder, Haus und Garten daran	 	immo	ref	transactiongood_I	ev__SB_CD_00966	1448	00966-eintrag_vom_1448-06-07.xml	['1448-06-07']	 	 	 
394	pl__wien-siebenherbergen_vor_kaertnertor		 	bei den Sibenherbergen vor Kernertor zenagst der Prugken	street	corresp	None	None	1448	00966-eintrag_vom_1448-06-07.xml	['1448-06-07']	 	 	 
395	pl__wien-st_koloman		S. Koloman auf dem Gottesacker vor Kartnertor	 	street	corresp	None	None	1448	00966-eintrag_vom_1448-06-07.xml	['1448-06-07']	 	 	 
396	pl__wien-immo_siebenherbergen_vor_kaertnertor_2		Georg Krumpp, der binder, Haus	 	immo	ref	transactiongood_I	ev__SB_CD_00966	1448	00966-eintrag_vom_1448-06-07.xml	['1448-06-07']	 	 	 
397	pl__wien-immo_siebenherbergen_vor_kaertnertor_1		Georg Krumpp, der binder, Haus und Garten daran	 	immo	corresp	None	None	1448	00966-eintrag_vom_1448-06-07.xml	['1448-06-07']	 	 	 
398	pl__wien-immo_siebenherbergen_vor_kaertnertor_2		Georg Krumpp, der binder, Haus	 	immo	ref	issuer	ev__SB_CD_00966_men_1	1448	00966-eintrag_vom_1448-06-07.xml	['1448-06-07']	 	 	 
399	pl__wien-immo_siebenherbergen_vor_kaertnertor_1		Georg Krumpp, der binder, Haus und Garten daran	 	immo	ref	issuer	ev__SB_CD_00966_men_2	1448	00966-eintrag_vom_1448-06-07.xml	['1448-06-07']	 	 	 
400	pl__wien-immo_siebenherbergen_vor_kaertnertor_2		Georg Krumpp, der binder, Haus	 	immo	ref	issuer	ev__SB_CD_00966_men_2	1448	00966-eintrag_vom_1448-06-07.xml	['1448-06-07']	 	 	 
401	pl__wien-immo_st_johannsstrasse_3		 	Jakob Kreuss halbs haus, das ettwan ain ramhof gewesen ist	immo	ref	transactiongood_I	ev__SB_CD_00967	1448	00967-eintrag_vom_1448-06-19.xml	['1448-06-19']	 	 	 
402	pl__wien-st_johannssstrasse		S. Johanns Strasse (I.Bezirk)	 	street	corresp	None	None	1448	00967-eintrag_vom_1448-06-19.xml	['1448-06-19']	 	 	 
403	pl__wien-immo_st_johannsstrasse_4		Michael des Münzer Haus	 	immo	corresp	None	None	1448	00967-eintrag_vom_1448-06-19.xml	['1448-06-19']	 	 	 
404	pl__wien-immo_st_johannsstrasse_4		Michael des Münzer Haus	 	immo	ref	None	None	1448	00967-eintrag_vom_1448-06-19.xml	['1448-06-19']	 	 	 
405	pl__wien-immo_kaerntnerstrasse_2		Jakob Straiffing und Peter Obrcht, weilent Erhard Neunkirchner, Haus	 	immo	ref	transactiongood_I	ev__SB_CD_00968	1448	00968-eintrag_vom_1448-07-10.xml	['1448-07-10']	 	 	 
406	pl__wien-kaerntnerstrasse		Kärntnerstrasse (I.Bezirk)	Kernerstrass	street	corresp	None	None	1448	00968-eintrag_vom_1448-07-10.xml	['1448-07-10']	 	48.20521 16.37104	https://www.geonames.org/12232635/kaerntner-strasse.html
407	pl__wien-immo_kaerntnerstrasse_3		Heinrich Stoll Haus	 	immo	corresp	None	None	1448	00968-eintrag_vom_1448-07-10.xml	['1448-07-10']	 	 	 
408	pl__wien-immo_kaerntnerstrasse_3		Heinrich Stoll Haus	 	immo	ref	None	None	1448	00968-eintrag_vom_1448-07-10.xml	['1448-07-10']	 	 	 
409	pl__wien-st_pankraz		S. Pancratius	 	street	corresp	None	None	1448	00969-eintrag_vom_1448-10-30.xml	['1448-10-30']	 	 	 
410	pl__wien-immo_st_pankraz_3		Georg und Elisabeth Zwettler Haus	 	immo	ref	transactiongood_I	ev__SB_CD_00969	1448	00969-eintrag_vom_1448-10-30.xml	['1448-10-30']	 	 	 
411	pl__wien-st_pankraz		S. Pancratius	 	street	corresp	None	None	1448	00969-eintrag_vom_1448-10-30.xml	['1448-10-30']	 	 	 
412	pl__wien-immo_st_pankraz_4		Michael Hiltprant, der schmied, Haus	 	immo	corresp	None	None	1448	00969-eintrag_vom_1448-10-30.xml	['1448-10-30']	 	 	 
413	pl__wien-immo_st_pankraz_4		Michael Hiltprant, der schmied, Haus	 	immo	ref	None	None	1448	00969-eintrag_vom_1448-10-30.xml	['1448-10-30']	 	 	 
414	pl__wien-st_pankraz		S. Pancratius	 	street	corresp	None	None	1448	00969-eintrag_vom_1448-10-30.xml	['1448-10-30']	 	 	 
415	pl__wien-immo_steig_bei_den_predigern_1		Jakob Schutwempl, der fasszieher, Haus	 	immo	ref	transactiongood_I	ev__SB_CD_00970	1448	00970-eintrag_vom_1448-11-20.xml	['1448-11-20']	 	 	 
416	pl__wien-steig_bei_den_predigern		Auf dem Steig, bei den Predigern	auf dem Steig	street	corresp	None	None	1448	00970-eintrag_vom_1448-11-20.xml	['1448-11-20']	 	 	 
417	pl__wien-immo_steig_bei_den_predigern_2		Peter von Asparn Haus	 	immo	corresp	None	None	1448	00970-eintrag_vom_1448-11-20.xml	['1448-11-20']	 	 	 
418	pl__wien-immo_steig_bei_den_predigern_2		Peter von Asparn Haus	 	immo	ref	None	None	1448	00970-eintrag_vom_1448-11-20.xml	['1448-11-20']	 	 	 
419	pl__wien-immo_anger_1		 	Jorg und Jacob, gepruder die Münich, Haus	immo	ref	transactiongood_I	ev__SB_CD_00971	1448	00971-eintrag_vom_1448-12-16.xml	['1448-12-16']	 	 	 
420	pl__wien-anger		Auf dem Anger (I. Bezirk)	 	street	corresp	None	None	1448	00971-eintrag_vom_1448-12-16.xml	['1448-12-16']	 	 	 
421	pl__wien-immo_anger_2		 	der Newnperger hof	immo	corresp	None	None	1448	00971-eintrag_vom_1448-12-16.xml	['1448-12-16']	 	 	 
422	pl__wien-immo_anger_2		 	der Newnperger hof	immo	ref	None	None	1448	00971-eintrag_vom_1448-12-16.xml	['1448-12-16']	 	 	 
423	pl__wien-immo_anger_1		 	Jorg und Jacob, gepruder die Münich, Haus	immo	ref	issuer	ev__SB_CD_00971_men_1	1448	00971-eintrag_vom_1448-12-16.xml	['1448-12-16']	 	 	 
424	pl__wien-immo_anger_1		 	Jorg und Jacob, gepruder die Münich, Haus	immo	ref	issuer	ev__SB_CD_00971_men_2	1448	00971-eintrag_vom_1448-12-16.xml	['1448-12-16']	 	 	 
425	pl__wien-immo_steig_bei_den_predigern_3		Peter von Nussdorf, der schneider, Haus	 	immo	ref	issuer	ev__SB_CD_00971_men_3	1448	00971-eintrag_vom_1448-12-16.xml	['1448-12-16']	 	 	 
426	pl__wien-steig_bei_den_predigern		Auf dem Steig, bei den Predigern	auf dem Steig	street	corresp	None	None	1448	00971-eintrag_vom_1448-12-16.xml	['1448-12-16']	 	 	 
427	pl__wien-immo_weihenburg_5		Kunigund, Hannsen des Hagen seligen witib, haus	 	immo	ref	transactiongood_I	ev__SB_CD_01099	1448	01099-eintrag_vom_1448-02-20.xml	['1448-02-20']	 	 	 
428	pl__wien-weihenburg		Weihenburg	in der Weihenpurkch	street	corresp	None	None	1448	01099-eintrag_vom_1448-02-20.xml	['1448-02-20']	 	 	 
429	pl__wien-immo_weihenburg_3		 	Elspeth die Kolpekchin haws	immo	corresp	None	None	1448	01099-eintrag_vom_1448-02-20.xml	['1448-02-20']	 	 	 
430	pl__wien-immo_weihenburg_3		 	Elspeth die Kolpekchin haws	immo	ref	None	None	1448	01099-eintrag_vom_1448-02-20.xml	['1448-02-20']	 	 	 
431	pl__wien-immo_hoher_markt_6		 	Kathrey, Wentzlaben Grat des schuster hausfrau, halbs haus	immo	ref	transactiongood_I	ev__SB_CD_01100	1448	01100-eintrag_vom_1448-04-29.xml	['1448-04-29']	 	 	 
432	pl__wien-hoher_markt	Hohermarkt (I.Bezirk) forum altum forum; Fischmarkt, an dem hohenmarkt; Unter den Wentkremen, an dem hohenmarkt	Hohermarkt (I.Bezirk)	forum; altum forum	street	corresp	None	None	1448	01100-eintrag_vom_1448-04-29.xml	['1448-04-29']	 	48.21094 16.37286	https://www.geonames.org/10345208/hoher-markt.html
433	pl__wien-hoher_markt_wentkremen		Unter den Wentkremen, an dem hohenmarkt	 	street	corresp	None	None	1448	01100-eintrag_vom_1448-04-29.xml	['1448-04-29']	 	 	 
434	pl__wien-immo_hoher_markt_5		 	Niklas Sawr des schuster haus	immo	corresp	None	None	1448	01100-eintrag_vom_1448-04-29.xml	['1448-04-29']	 	 	 
435	pl__wien-immo_hoher_markt_5		 	Niklas Sawr des schuster haus	immo	ref	None	None	1448	01100-eintrag_vom_1448-04-29.xml	['1448-04-29']	 	 	 
436	pl__wien-immo_baeckerstrasse_hintere_1		Leonhard Grünpacher Haus	 	immo	ref	transactiongood_I	ev__SB_CD_01146	1448	01146-eintrag_vom_1448-04-12.xml	['1448-04-12']	 	 	 
437	pl__wien-baeckerstrasse_hintere		Hintere Bäckerstrasse (I. Bezirk)	 	street	corresp	None	None	1448	01146-eintrag_vom_1448-04-12.xml	['1448-04-12']	 	 	 
438	pl__wien-immo_baeckerstrasse_hintere_2		Der Pirchnerin haws	 	immo	corresp	None	None	1448	01146-eintrag_vom_1448-04-12.xml	['1448-04-12']	 	 	 
439	pl__wien-immo_baeckerstrasse_hintere_2		Der Pirchnerin haws	 	immo	ref	None	None	1448	01146-eintrag_vom_1448-04-12.xml	['1448-04-12']	 	 	 
440	pl__wien-immo_baeckerstrasse_hintere_1		Leonhard Grünpacher Haus	 	immo	ref	transactiongood_I	ev__SB_CD_01146_men_1	1448	01146-eintrag_vom_1448-04-12.xml	['1448-04-12']	 	 	 
441	pl__wien-immo_walichstrasse_1		Lorenz Krakauer Haus	 	immo	ref	transactiongood_I	ev__SB_CD_01147	1448	01147-eintrag_vom_1448-04-29.xml	['1448-04-29']	 	 	 
442	pl__wien-walichstrasse		Wallnerstrasse (I. Bezirk); Walichstrass	 	street	corresp	None	None	1448	01147-eintrag_vom_1448-04-29.xml	['1448-04-29']	 	 	
443	pl__wien-immo_walichstrasse_2		Johann Peinhekchl des brunner Haus	 	immo	corresp	None	None	1448	01147-eintrag_vom_1448-04-29.xml	['1448-04-29']	 	 	 
444	pl__wien-immo_walichstrasse_2		Johann Peinhekchl des brunner Haus	 	immo	ref	None	None	1448	01147-eintrag_vom_1448-04-29.xml	['1448-04-29']	 	 	 
445	pl__wien-immo_kienmarkt_5		Leonhard Kriech Haus	 	immo	ref	transactiongood_I	ev__SB_CD_01148	1448	01148-eintrag_vom_1448-05-17.xml	['1448-05-17']	 	 	 
446	pl__wien-kienmarkt		Kienmarkt (I.Bezirk)		street	corresp	None	None	1448	01148-eintrag_vom_1448-05-17.xml	['1448-05-17']	 	 	 
447	pl__wien-immo_kienmarkt_6		Martin, der wachsgiesser, Haus	 	immo	corresp	None	None	1448	01148-eintrag_vom_1448-05-17.xml	['1448-05-17']	 	 	 
448	pl__wien-immo_kienmarkt_6		Martin, der wachsgiesser, Haus	 	immo	ref	None	None	1448	01148-eintrag_vom_1448-05-17.xml	['1448-05-17']	 	 	 
449	pl__wien-immo_walichstrasse_3		Lorenz Swarcz Haus	 	immo	ref	transactiongood_I	ev__SB_CD_01149	1448	01149-eintrag_vom_1448-09-02.xml	['1448-09-02']	 	 	 
450	pl__wien-walichstrasse		Wallnerstrasse (I. Bezirk); Walichstrass	 	street	corresp	None	None	1448	01149-eintrag_vom_1448-09-02.xml	['1448-09-02']	 	 	
451	pl__wien-immo_walichstrasse_4		 	des Gréfenperger háws	immo	corresp	None	None	1448	01149-eintrag_vom_1448-09-02.xml	['1448-09-02']	 	 	 
452	pl__wien-immo_walichstrasse_4		 	des Gréfenperger háws	immo	ref	None	None	1448	01149-eintrag_vom_1448-09-02.xml	['1448-09-02']	 	 	 
453	pl__wien-immo_kienmarkt_7		Fridreichen von Minden, der kursner, Haus	 	immo	ref	transactiongood_I	ev__SB_CD_01150	1448	01150-eintrag_vom_1448-03-04.xml	['1448-03-04']	 	 	 
454	pl__wien-kienmarkt		Kienmarkt (I.Bezirk)		street	corresp	None	None	1448	01150-eintrag_vom_1448-03-04.xml	['1448-03-04']	 	 	 
455	pl__wien-immo_kienmarkt_8		Georg Schuchler Haus	 	immo	corresp	None	None	1448	01150-eintrag_vom_1448-03-04.xml	['1448-03-04']	 	 	 
456	pl__wien-immo_kienmarkt_7		Fridreichen von Minden, der kursner, Haus	 	immo	ref	issuer	ev__SB_CD_01150_men_1	1448	01150-eintrag_vom_1448-03-04.xml	['1448-03-04']	 	 	 
457	pl__wien-immo_kienmarkt_1		Michael Viregk Haus	 	immo	ref	transactiongood_I	ev__SB_CD_01239	1448	01239-eintrag_vom_1448-03-13.xml	['1448-03-13']	 	 	 
458	pl__wien-kienmarkt		Kienmarkt (I.Bezirk)		street	corresp	None	None	1448	01239-eintrag_vom_1448-03-13.xml	['1448-03-13']	 	 	 
459	pl__wien-immo_kienmarkt_2		Lorenz Swancz Haus	 	immo	corresp	None	None	1448	01239-eintrag_vom_1448-03-13.xml	['1448-03-13']	 	 	 
460	pl__wien-immo_kienmarkt_2		Lorenz Swancz Haus	 	immo	ref	None	None	1448	01239-eintrag_vom_1448-03-13.xml	['1448-03-13']	 	 	 
461	pl__wien-immo_hoher_markt_7		Matthias Vogpurger haus, genant des Silbrein Hensleins Haus	 	immo	ref	transactiongood_I	ev__SB_CD_01240	1448	01240-eintrag_vom_1448-03-15.xml	['1448-03-15']	 	 	 
462	pl__wien-hoher_markt	Hohermarkt (I.Bezirk) forum altum forum; Fischmarkt, an dem hohenmarkt; Unter den Wentkremen, an dem hohenmarkt	Hohermarkt (I.Bezirk)	forum; altum forum	street	corresp	None	None	1448	01240-eintrag_vom_1448-03-15.xml	['1448-03-15']	 	48.21094 16.37286	https://www.geonames.org/10345208/hoher-markt.html
463	pl__wien-immo_hoher_markt_8		 	dem Schrein haus	immo	corresp	None	None	1448	01240-eintrag_vom_1448-03-15.xml	['1448-03-15']	 	 	 
464	pl__wien-immo_hoher_markt_8		 	dem Schrein haus	immo	ref	None	None	1448	01240-eintrag_vom_1448-03-15.xml	['1448-03-15']	 	 	 
465	pl__wien-immo_riemerstrasse_1		Michael und Dorothea Toller Ramhof/Haus	 	immo	ref	transactiongood_I	ev__SB_CD_01241	1448	01241-eintrag_vom_1448-06-21.xml	['1448-06-21']	 	 	 
466	pl__wien-riemerstrasse		Riemerstrass (I. Bezirk)	 	street	corresp	None	None	1448	01241-eintrag_vom_1448-06-21.xml	['1448-06-21']	 	 	 
467	pl__wien-immo_riemerstrasse_4		Meinhard Riemer Haus	 	immo	corresp	None	None	1448	01241-eintrag_vom_1448-06-21.xml	['1448-06-21']	 	 	 
468	pl__wien-immo_riemerstrasse_4		Meinhard Riemer Haus	 	immo	ref	None	None	1448	01241-eintrag_vom_1448-06-21.xml	['1448-06-21']	 	 	 
469	pl__wien-immo_riemerstrasse_2		Simon Vankch Haus	 	immo	corresp	None	None	1448	01241-eintrag_vom_1448-06-21.xml	['1448-06-21']	 	 	 
470	pl__wien-immo_riemerstrasse_2		Simon Vankch Haus	 	immo	ref	None	None	1448	01241-eintrag_vom_1448-06-21.xml	['1448-06-21']	 	 	 
471	pl__wien-kumpfgasse		Kumpfgasse (I. Bezirk)	Kumphgessl	street	corresp	None	None	1448	01241-eintrag_vom_1448-06-21.xml	['1448-06-21']	 	 	 
472	pl__wien-immo_kumpfgasse_1		Christian Widhacker Haus	des Widhakcher haus	immo	corresp	None	None	1448	01241-eintrag_vom_1448-06-21.xml	['1448-06-21']	 	 	 
473	pl__wien-immo_kumpfgasse_1		Christian Widhacker Haus	des Widhakcher haus	immo	ref	None	None	1448	01241-eintrag_vom_1448-06-21.xml	['1448-06-21']	 	 	 
474	pl__wien-immo_weidenstrasse_3		Michael und Katharina Haffner Haus	 	immo	ref	transactiongood_I	ev__SB_CD_01242	1448	01242-eintrag_vom_1448-11-15.xml	['1448-11-15']	 	 	 
475	pl__wien-kaerntnertor		Kärntnerthor	Kernertor	street	corresp	None	None	1448	01242-eintrag_vom_1448-11-15.xml	['1448-11-15']	 	 	 
476	pl__wien-weidenstrasse		Weidenstrasse vor Widmertor	 	street	corresp	None	None	1448	01242-eintrag_vom_1448-11-15.xml	['1448-11-15']	 	 	
477	pl__wien-immo_weidenstrasse_4		Albrecht Ladner Haus	 	immo	corresp	None	None	1448	01242-eintrag_vom_1448-11-15.xml	['1448-11-15']	 	 	 
478	pl__wien-immo_weidenstrasse_4		Albrecht Ladner Haus	 	immo	ref	None	None	1448	01242-eintrag_vom_1448-11-15.xml	['1448-11-15']	 	 	 
479	pl__wien-immo_riemerstrasse_4		Meinhard Riemer Haus	 	immo	ref	transactiongood_I	ev__SB_CD_01243	1448	01243-eintrag_vom_1448-09-13.xml	['1448-09-13']	 	 	 
480	pl__wien-riemerstrasse		Riemerstrass (I. Bezirk)	 	street	corresp	None	None	1448	01243-eintrag_vom_1448-09-13.xml	['1448-09-13']	 	 	 
481	pl__wien-immo_riemerstrasse_4		Meinhard Riemer Haus	 	immo	corresp	None	None	1448	01243-eintrag_vom_1448-09-13.xml	['1448-09-13']	 	 	 
482	pl__wien-immo_riemerstrasse_4		Meinhard Riemer Haus	 	immo	ref	None	None	1448	01243-eintrag_vom_1448-09-13.xml	['1448-09-13']	 	 	 
483	pl__wien-immo_riemerstrasse_2		Simon Vankch Haus	 	immo	corresp	None	None	1448	01243-eintrag_vom_1448-09-13.xml	['1448-09-13']	 	 	 
484	pl__wien-immo_riemerstrasse_2		Simon Vankch Haus	 	immo	ref	None	None	1448	01243-eintrag_vom_1448-09-13.xml	['1448-09-13']	 	 	 
485	pl__wien-immo_riemerstrasse_3		Johann Winter, der kramer, Haus; ehm. Christian, des maurer, Haus	 	immo	corresp	None	None	1448	01243-eintrag_vom_1448-09-13.xml	['1448-09-13']	 	 	 
486	pl__wien-immo_riemerstrasse_3		Johann Winter, der kramer, Haus; ehm. Christian, des maurer, Haus	 	immo	ref	None	None	1448	01243-eintrag_vom_1448-09-13.xml	['1448-09-13']	 	 	 
487	pl__wien-immo_schenkenstrasse_1		Niklas und Katharina Vaschang Haus; ehm. Elisabeth Vischerin, Witwe Konrads Vischer von Lebarn Haus	 	immo	ref	transactiongood_I	ev__SB_CD_01418	1448	01418-eintrag_vom_1448-09-06.xml	['1448-09-06']	 	 	 
488	pl__wien-schenkenstrasse		Schenkenstrasse (I.Bezirk)	 	street	corresp	None	None	1448	01418-eintrag_vom_1448-09-06.xml	['1448-09-06']	 	 	 
489	pl__wien-immo_schenkenstrasse_2		Ulrich Peck Haus	 	immo	corresp	None	None	1448	01418-eintrag_vom_1448-09-06.xml	['1448-09-06']	 	 	 
490	pl__wien-immo_schenkenstrasse_2		Ulrich Peck Haus	 	immo	ref	None	None	1448	01418-eintrag_vom_1448-09-06.xml	['1448-09-06']	 	 	 
491	pl__wien-immo_st_johannsstrasse_5		Niklas und Elsbeth Salczburger Haus	 	immo	ref	transactiongood_I	ev__SB_CD_01429	1448	01429-eintrag_vom_1448-02-20.xml	['1448-02-20']	 	 	 
492	pl__wien-st_johannssstrasse		S. Johanns Strasse (I.Bezirk)	 	street	corresp	None	None	1448	01429-eintrag_vom_1448-02-20.xml	['1448-02-20']	 	 	 
493	pl__wien-immo_st_johannsstrasse_6		Gilg Kunter Haus	 	immo	corresp	None	None	1448	01429-eintrag_vom_1448-02-20.xml	['1448-02-20']	 	 	 
494	pl__wien-immo_st_johannsstrasse_6		Gilg Kunter Haus	 	immo	ref	None	None	1448	01429-eintrag_vom_1448-02-20.xml	['1448-02-20']	 	 	 
495	pl__wien-immo_st_johannsstrasse_5		Niklas und Elsbeth Salczburger Haus	 	immo	ref	issuer	ev__SB_CD_01429_men_1	1448	01429-eintrag_vom_1448-02-20.xml	['1448-02-20']	 	 	 
496	pl__wien-immo_alserstrasse_vor_schottentor_6		Niklas und Dorothea Piberstein Haus	 	immo	ref	transactiongood_I	ev__SB_CD_01430	1448	01430-eintrag_vom_1448-03-04.xml	['1448-03-04']	 	 	 
497	pl__wien-alserstrasse_vor_schottentor		Alserstrasse (VIII., IX., XVII. Bezirk)	 	street	corresp	None	None	1448	01430-eintrag_vom_1448-03-04.xml	['1448-03-04']	 	; 51.225556 6.782778	; http://www.geonames.org/2934246
498	pl__wien-immo_alserstrasse_vor_schottentor_1		Johann Auer Haus	 	immo	corresp	None	None	1448	01430-eintrag_vom_1448-03-04.xml	['1448-03-04']	 	 	 
499	pl__wien-immo_alserstrasse_vor_schottentor_1		Johann Auer Haus	 	immo	ref	None	None	1448	01430-eintrag_vom_1448-03-04.xml	['1448-03-04']	 	 	 
500	pl__wien-immo_goldschmiedgasse_1		Niklas Lainbacher, der apotheker, Haus	 	immo	ref	transactiongood_I	ev__SB_CD_01431	1448	01431-eintrag_vom_1448-07-08.xml	['1448-07-08']	 	 	 
501	pl__wien-goldschmiedgasse		Goldschmiedgasse, bei S. Stephan	 	street	corresp	None	None	1448	01431-eintrag_vom_1448-07-08.xml	['1448-07-08']	 	 	 
502	pl__wien-st_stephan-freithof		Freithof (S. Stephan)	 	street	corresp	None	None	1448	01431-eintrag_vom_1448-07-08.xml	['1448-07-08']	 	 	 
503	pl__wien-immo_goldschmiedgasse_2		Stephan Pusenperger, der zinngiesser, Haus	 	immo	corresp	None	None	1448	01431-eintrag_vom_1448-07-08.xml	['1448-07-08']	 	 	 
504	pl__wien-immo_goldschmiedgasse_2		Stephan Pusenperger, der zinngiesser, Haus	 	immo	ref	None	None	1448	01431-eintrag_vom_1448-07-08.xml	['1448-07-08']	 	 	 
505	pl__wien-immo_goldschmiedgasse_1		Niklas Lainbacher, der apotheker, Haus	 	immo	ref	issuer	ev__SB_CD_01431_men_1	1448	01431-eintrag_vom_1448-07-08.xml	['1448-07-08']	 	 	 
506	pl__wien-immo_kaerntnerstrasse_1		Friedrich Pierpaumer halbes Haus	 	immo	ref	issuer	ev__SB_CD_01431_men_2	1448	01431-eintrag_vom_1448-07-08.xml	['1448-07-08']	 	 	 
507	pl__wien-kaerntnerstrasse		Kärntnerstrasse (I.Bezirk)	Kernerstrass	street	corresp	None	None	1448	01431-eintrag_vom_1448-07-08.xml	['1448-07-08']	 	48.20521 16.37104	https://www.geonames.org/12232635/kaerntner-strasse.html
508	pl__wien-immo_goldschmiedgasse_1		Niklas Lainbacher, der apotheker, Haus	 	immo	ref	transactiongood_I	ev__SB_CD_01432	1448	01432-eintrag_vom_1448-07-10.xml	['1448-07-10']	 	 	 
509	pl__wien-goldschmiedgasse		Goldschmiedgasse, bei S. Stephan	 	street	corresp	None	None	1448	01432-eintrag_vom_1448-07-10.xml	['1448-07-10']	 	 	 
510	pl__wien-st_stephan-freithof		Freithof (S. Stephan)	 	street	corresp	None	None	1448	01432-eintrag_vom_1448-07-10.xml	['1448-07-10']	 	 	 
511	pl__wien-immo_goldschmiedgasse_2		Stephan Pusenperger, der zinngiesser, Haus	 	immo	corresp	None	None	1448	01432-eintrag_vom_1448-07-10.xml	['1448-07-10']	 	 	 
512	pl__wien-immo_goldschmiedgasse_2		Stephan Pusenperger, der zinngiesser, Haus	 	immo	ref	None	None	1448	01432-eintrag_vom_1448-07-10.xml	['1448-07-10']	 	 	 
513	pl__wien-immo_goldschmiedgasse_1		Niklas Lainbacher, der apotheker, Haus	 	immo	ref	issuer	ev__SB_CD_01432_men_1	1448	01432-eintrag_vom_1448-07-10.xml	['1448-07-10']	 	 	 
514	pl__wien-immo_goldschmiedgasse_1		Niklas Lainbacher, der apotheker, Haus	 	immo	ref	issuer	ev__SB_CD_01432_men_2	1448	01432-eintrag_vom_1448-07-10.xml	['1448-07-10']	 	 	 
515	pl__wien-immo_kaerntnerstrasse_1		Friedrich Pierpaumer halbes Haus	 	immo	ref	issuer	ev__SB_CD_01432_men_3	1448	01432-eintrag_vom_1448-07-10.xml	['1448-07-10']	 	 	 
516	pl__wien-immo_schenkenstrasse_1		Niklas und Katharina Vaschang Haus; ehm. Elisabeth Vischerin, Witwe Konrads Vischer von Lebarn Haus	 	immo	ref	transactiongood_I	ev__SB_CD_01433	1448	01433-eintrag_vom_1448-07-29.xml	['1448-07-29']	 	 	 
517	pl__wien-schenkenstrasse		Schenkenstrasse (I.Bezirk)	 	street	corresp	None	None	1448	01433-eintrag_vom_1448-07-29.xml	['1448-07-29']	 	 	 
518	pl__wien-immo_schenkenstrasse_2		Ulrich Peck Haus	 	immo	corresp	None	None	1448	01433-eintrag_vom_1448-07-29.xml	['1448-07-29']	 	 	 
519	pl__wien-immo_schenkenstrasse_2		Ulrich Peck Haus	 	immo	ref	None	None	1448	01433-eintrag_vom_1448-07-29.xml	['1448-07-29']	 	 	 
520	pl__wien-immo_krafthof_1		Niklas Graefenauer Haus	 	immo	ref	transactiongood_I	ev__SB_CD_01434	1448	01434-eintrag_vom_1448-06-14.xml	['1448-06-14']	 	 	 
521	pl__wien-krafthof		Krafthof	 	street	corresp	None	None	1448	01434-eintrag_vom_1448-06-14.xml	['1448-06-14']	 	 	 
522	pl__wien-immo_krafthof_2		Johann Nagler Haus	 	immo	corresp	None	None	1448	01434-eintrag_vom_1448-06-14.xml	['1448-06-14']	 	 	 
523	pl__wien-immo_krafthof_2		Johann Nagler Haus	 	immo	ref	None	None	1448	01434-eintrag_vom_1448-06-14.xml	['1448-06-14']	 	 	 
524	pl__wien-immo_roterturm_1		Stephan und Barbara Holfus Haus	 	immo	ref	transactiongood_I	ev__SB_CD_01686	1448	01686-eintrag_vom_1448-04-22.xml	['1448-04-22']	 	 	 
525	pl__wien-roterturm		Roterturm	 	street	corresp	None	None	1448	01686-eintrag_vom_1448-04-22.xml	['1448-04-22']	 	 	 
526	pl__wien-immo_roterturm_2		 	weilent des Snitzer haus	immo	corresp	None	None	1448	01686-eintrag_vom_1448-04-22.xml	['1448-04-22']	 	 	 
527	pl__wien-immo_roterturm_2		 	weilent des Snitzer haus	immo	ref	None	None	1448	01686-eintrag_vom_1448-04-22.xml	['1448-04-22']	 	 	 
528	pl__wien-immo_roterturm_2		 	weilent des Snitzer haus	immo	corresp	None	None	1448	01686-eintrag_vom_1448-04-22.xml	['1448-04-22']	 	 	 
529	pl__wien-gruennkcherhof		 	Grünnkcher hof	street	corresp	None	None	1448	01686-eintrag_vom_1448-04-22.xml	['1448-04-22']	 	 	 
530	pl__wien-gruennkcherhof		 	Grünnkcher hof	street	ref	None	None	1448	01686-eintrag_vom_1448-04-22.xml	['1448-04-22']	 	 	 
531	pl__wien-immo_salzgries_3		Stephan und Katharina Radendorfer Haus	 	immo	ref	transactiongood_I	ev__SB_CD_01687	1448	01687-eintrag_vom_1448-05-27.xml	['1448-05-27']	 	 	 
532	pl__wien-salzgries		Am Salzgries	 	street	corresp	None	None	1448	01687-eintrag_vom_1448-05-27.xml	['1448-05-27']	 	 	 
533	pl__wien-immo_salzgries_4		Johann Zwettler am Salzgriess Haus	 	immo	corresp	None	None	1448	01687-eintrag_vom_1448-05-27.xml	['1448-05-27']	 	 	 
534	pl__wien-immo_salzgries_4		Johann Zwettler am Salzgriess Haus	 	immo	ref	None	None	1448	01687-eintrag_vom_1448-05-27.xml	['1448-05-27']	 	 	 
535	pl__wien-immo_baeckerstrasse_vordere_1		Stephan Vink Haus	 	immo	ref	transactiongood_I	ev__SB_CD_01693	1448	01693-eintrag_vom_1448-12-13.xml	['1448-12-13']	 	 	 
536	pl__wien-baeckerstrasse_vordere		Vordere Bäckerstrasse (I. Bezirk)	 	street	corresp	None	None	1448	01693-eintrag_vom_1448-12-13.xml	['1448-12-13']	 	 	 
537	pl__wien-immo_baeckerstrasse_vordere_2		Niklas vom Stein, der fleischhacker, Haus	 	immo	corresp	None	None	1448	01693-eintrag_vom_1448-12-13.xml	['1448-12-13']	 	 	 
538	pl__wien-immo_baeckerstrasse_vordere_2		Niklas vom Stein, der fleischhacker, Haus	 	immo	ref	None	None	1448	01693-eintrag_vom_1448-12-13.xml	['1448-12-13']	 	 	 
539	pl__wien-immo_baeckerstrasse_vordere_1		Stephan Vink Haus	 	immo	ref	issuer	ev__SB_CD_01693_men_1	1448	01693-eintrag_vom_1448-12-13.xml	['1448-12-13']	 	 	 
540	pl__wien-immo_kohlmarkt_9		Simon und Barbara Brunner Haus	 	immo	ref	transactiongood_I	ev__SB_CD_01693a	1448	01693a-eintrag_vom_1448.xml	['1448']	 	 	 
541	pl__wien-kohlmarkt		Kohlmarkt (I.Bezirk)	alter Kohlmarkt	street	corresp	None	None	1448	01693a-eintrag_vom_1448.xml	['1448']	 	 	 
542	pl__wien-immo_kohlmarkt_10		Paul Haid, der schuster, Haus	 	immo	corresp	None	None	1448	01693a-eintrag_vom_1448.xml	['1448']	 	 	 
543	pl__wien-immo_kohlmarkt_10		Paul Haid, der schuster, Haus	 	immo	ref	None	None	1448	01693a-eintrag_vom_1448.xml	['1448']	 	 	 
544	pl__wien-immo_kohlmarkt_9		Simon und Barbara Brunner Haus	 	immo	ref	issuer	ev__SB_CD_01693a_men_1	1448	01693a-eintrag_vom_1448.xml	['1448']	 	 	 
545	pl__wien-immo_roterturm_3		Thomas Praitenweidacher Haus	 	immo	ref	transactiongood_I	ev__SB_CD_01767	1448	01767-eintrag_vom_1448-06-23.xml	['1448-06-23']	 	 	 
546	pl__wien-roterturm		Roterturm	 	street	corresp	None	None	1448	01767-eintrag_vom_1448-06-23.xml	['1448-06-23']	 	 	 
547	pl__wien-immo_roterturm_4		 	weilent Ulreichs von Steir haus	immo	corresp	None	None	1448	01767-eintrag_vom_1448-06-23.xml	['1448-06-23']	 	 	 
548	pl__wien-immo_roterturm_4		 	weilent Ulreichs von Steir haus	immo	ref	None	None	1448	01767-eintrag_vom_1448-06-23.xml	['1448-06-23']	 	 	 
549	pl__wien-immo_roterturm_3		Thomas Praitenweidacher Haus	 	immo	ref	transactiongood_I	ev__SB_CD_01768	1448	01768-eintrag_vom_1448-06-28.xml	['1448-06-28']	 	 	 
550	pl__wien-kaerntnertor		Kärntnerthor	Kernertor	street	corresp	None	None	1448	01840-eintrag_vom_1448-04-19.xml	['1448-04-19']	 	 	 
551	pl__wien-immo_mietstat_vor_kaerntnertor_1		Ulrich und Barbara Meichsner Haus; Haus an der Mietstat	 	immo	ref	transactiongood_I	ev__SB_CD_01840	1448	01840-eintrag_vom_1448-04-19.xml	['1448-04-19']	 	 	 
552	pl__wien-mietstat_vor_kaerntnertor		Mietstat vor Kernertor	 	street	corresp	None	None	1448	01840-eintrag_vom_1448-04-19.xml	['1448-04-19']	 	 	 
553	pl__wien-immo_mietstat_vor_kaerntnertor_2		Katharina und Johann Wigfring, kupferschmid, Haus	des Kuphersmids haws	immo	corresp	None	None	1448	01840-eintrag_vom_1448-04-19.xml	['1448-04-19']	 	 	 
554	pl__wien-immo_mietstat_vor_kaerntnertor_2		Katharina und Johann Wigfring, kupferschmid, Haus	des Kuphersmids haws	immo	ref	None	None	1448	01840-eintrag_vom_1448-04-19.xml	['1448-04-19']	 	 	 
555	pl__wien-immo_schenkenstrasse_3		Ulrich Lang, der pekch, Haus	 	immo	ref	transactiongood_I	ev__SB_CD_01841	1448	01841-eintrag_vom_1448-08-13.xml	['1448-08-13']	 	 	 
556	pl__wien-schenkenstrasse		Schenkenstrasse (I.Bezirk)	 	street	corresp	None	None	1448	01841-eintrag_vom_1448-08-13.xml	['1448-08-13']	 	 	 
557	pl__wien-immo_schenkenstrasse_4		Burkhard Kienberger Haus	 	immo	corresp	None	None	1448	01841-eintrag_vom_1448-08-13.xml	['1448-08-13']	 	 	 
558	pl__wien-immo_schenkenstrasse_4		Burkhard Kienberger Haus	 	immo	ref	None	None	1448	01841-eintrag_vom_1448-08-13.xml	['1448-08-13']	 	 	 
559	pl__wien-immo_schenkenstrasse_1		Niklas und Katharina Vaschang Haus; ehm. Elisabeth Vischerin, Witwe Konrads Vischer von Lebarn Haus	 	immo	corresp	None	None	1448	01841-eintrag_vom_1448-08-13.xml	['1448-08-13']	 	 	 
560	pl__wien-immo_schenkenstrasse_1		Niklas und Katharina Vaschang Haus; ehm. Elisabeth Vischerin, Witwe Konrads Vischer von Lebarn Haus	 	immo	ref	None	None	1448	01841-eintrag_vom_1448-08-13.xml	['1448-08-13']	 	 	 
561	pl__wien-immo_st_pankraz_1		Ulrich Hesler Haus	 	immo	ref	transactiongood_II	ev__SB_CD_01842	1448	01842-eintrag_vom_1448-11-27.xml	['1448-11-27']	 	 	 
562	pl__wien-st_pankraz		S. Pancratius	 	street	corresp	None	None	1448	01842-eintrag_vom_1448-11-27.xml	['1448-11-27']	 	 	 
563	pl__wien-immo_st_pankraz_2		Andreas Weinperger Haus	 	immo	corresp	None	None	1448	01842-eintrag_vom_1448-11-27.xml	['1448-11-27']	 	 	 
564	pl__wien-immo_st_pankraz_2		Andreas Weinperger Haus	 	immo	ref	None	None	1448	01842-eintrag_vom_1448-11-27.xml	['1448-11-27']	 	 	 
565	pl__wien-immo_st_pankraz_1		Ulrich Hesler Haus	 	immo	ref	issuer	ev__SB_CD_01842_men_1	1448	01842-eintrag_vom_1448-11-27.xml	['1448-11-27']	 	 	 
566	pl__wien-immo_alter_fleischmarkt_2		 	Wolfgang Holczer Haus und zuhaus	immo	ref	transactiongood_I	ev__SB_CD_01926	1448	01926-eintrag_vom_1448-12-20.xml	['1448-12-20']	 	 	 
567	pl__wien-alter_fleischmarkt		Alter Fleischmarkt	 	street	corresp	None	None	1448	01926-eintrag_vom_1448-12-20.xml	['1448-12-20']	 	 	 
568	pl__wien-immo_alter_fleischmarkt_3		Stephan Hittendorfer, des peler, Haus	 	immo	corresp	None	None	1448	01926-eintrag_vom_1448-12-20.xml	['1448-12-20']	 	 	 
569	pl__wien-immo_alter_fleischmarkt_3		Stephan Hittendorfer, des peler, Haus	 	immo	ref	None	None	1448	01926-eintrag_vom_1448-12-20.xml	['1448-12-20']	 	 	 
570	pl__wien-immo_alter_fleischmarkt_8		 	Wolfgang Holczer gertl mit der stetten	immo	ref	transactiongood_I	ev__SB_CD_01926	1448	01926-eintrag_vom_1448-12-20.xml	['1448-12-20']	 	 	 
571	pl__wien-immo_alter_fleischmarkt_2		 	Wolfgang Holczer Haus und zuhaus	immo	corresp	None	None	1448	01926-eintrag_vom_1448-12-20.xml	['1448-12-20']	 	 	 
572	pl__wien-immo_alter_fleischmarkt_3		Stephan Hittendorfer, des peler, Haus	 	immo	corresp	None	None	1448	01926-eintrag_vom_1448-12-20.xml	['1448-12-20']	 	 	 
573	pl__wien-unter_den_hafnern		Unter den Hafnern	 	street	corresp	None	None	1448	01926-eintrag_vom_1448-12-20.xml	['1448-12-20']	 	 	 
574	pl__wien-immo_alter_fleischmarkt_8		 	Wolfgang Holczer gertl mit der stetten	immo	ref	issuer	ev__SB_CD_01926_men_1	1448	01926-eintrag_vom_1448-12-20.xml	['1448-12-20']	 	 	 
