	ID	name_reg | name_orig	type	number	ref_count	corresp_count	xml	year
0	pl__wien-immo_schaufllucken_2	Jakob von Brunn, der schneider, Haus |  	immo	2	1	1	3261.xml, 3261.xml	[datetime.date(1448, 7, 8), '1448'], [datetime.date(1448, 7, 8), '1448']
1	pl__wien-immo_geraeut_vor_stubentor_2	Leonhard Stengel Haus |  	immo	1	1	0	3245.xml	[datetime.date(1448, 3, 14), '1448']
2	pl__wien-immo_setzen_niedere_vor_stubentor_4	  | Thomas Mairl Vierteil Weingarten	immo	1	1	0	3240.xml	[datetime.date(1448, 2, 14), '1448']
3	pl__wien-immo_weidenstrasse_4	Albrecht Ladner Haus |  	immo	2	1	1	01242-eintrag_vom_1448-11-15.xml, 01242-eintrag_vom_1448-11-15.xml	['1448-11-15'], ['1448-11-15']
4	pl__wien-immo_krafthof_2	Johann Nagler Haus |  	immo	2	1	1	01434-eintrag_vom_1448-06-14.xml, 01434-eintrag_vom_1448-06-14.xml	['1448-06-14'], ['1448-06-14']
5	pl__wien-immo_mietstat_vor_kaerntnertor_1	Ulrich und Barbara Meichsner Haus; Haus an der Mietstat |  	immo	1	1	0	01840-eintrag_vom_1448-04-19.xml	['1448-04-19']
6	pl__wien-immo_walichstrasse_2	Johann Peinhekchl des brunner Haus |  	immo	2	1	1	01147-eintrag_vom_1448-04-29.xml, 01147-eintrag_vom_1448-04-29.xml	['1448-04-29'], ['1448-04-29']
7	pl__wien-immo_siebenherbergen_vor_kaertnertor_1	Georg Krumpp, der binder, Haus und Garten daran |  	immo	3	2	1	00966-eintrag_vom_1448-06-07.xml, 00966-eintrag_vom_1448-06-07.xml, 00966-eintrag_vom_1448-06-07.xml	['1448-06-07'], ['1448-06-07'], ['1448-06-07']
8	pl__wien-immo_krafthof_1	Niklas Graefenauer Haus |  	immo	1	1	0	01434-eintrag_vom_1448-06-14.xml	['1448-06-14']
9	pl__wien-immo_setzen_obere_vor_stubentor_3	  | Thomas Sevelder Achteil Weingarten	immo	1	1	0	3240.xml	[datetime.date(1448, 2, 14), '1448']
10	pl__wien-strauchgasse	Strauchgasse (I.Bezirk) |  	street	2	0	2	00624-eintrag_vom_1448-09-23.xml, 00626-eintrag_vom_1448-12-20.xml	['1448-09-23'], ['1448-12-20']
11	pl__wien-immo_setzen_niedere_vor_stubentor_5	  | Georg und Agnes Sevelder Achtteil Weingarten	immo	2	1	1	3240.xml, 3240.xml	[datetime.date(1448, 2, 14), '1448'], [datetime.date(1448, 2, 14), '1448']
12	pl__st_veit-immo_1	FÃ¼chsels ein Joch Weingarten an dem Hegkenperg |  	immo	4	4	0	3257.xml, 3257.xml, 3260.xml, 3260.xml	[datetime.date(1448, 6, 26), '1448'], [datetime.date(1448, 6, 26), '1448'], [datetime.date(1448, 7, 6), '1448'], [datetime.date(1448, 7, 6), '1448']
13	pl__wien-immo_unter_den_pfeilschnitzern_2	Konrad Phuntimaschen Haus |  	immo	2	1	1	3279.xml, 3279.xml	[datetime.date(1448, 11, 11), '1448'], [datetime.date(1448, 11, 11), '1448']
14	pl__wien-immo_moering_unter_den_schlossern_am_graben_1	Friedrich im Hof, der Schlosser, Haus |  	immo	1	1	0	00406-eintrag_vom_1448-05-31.xml	['1448-05-31']
15	pl__wien-weidenstrasse	Weidenstrasse vor Widmertor |  	street	2	0	2	00351-eintrag_vom_1448-11-29.xml, 01242-eintrag_vom_1448-11-15.xml	['1448-11-29'], ['1448-11-15']
16	pl__wien-setzen_obere_vor_stubentor	in den oberen Saetzen vor Stubentor |  	street	4	0	4	3240.xml, 3240.xml, 3240.xml, 3240.xml	[datetime.date(1448, 2, 14), '1448'], [datetime.date(1448, 2, 14), '1448'], [datetime.date(1448, 2, 14), '1448'], [datetime.date(1448, 2, 14), '1448']
17	pl__wien-minoriten_gasse_bei	Gasse bei den Minoriten (I. Bezirk) | gÃ©sslein bei den WeissenprÃ¼dern	street	1	0	1	3279.xml	[datetime.date(1448, 11, 11), '1448']
18	pl__wien-immo_neuer_markt_2	Thomas Kunter Haus |  	immo	2	1	1	00226-eintrag_vom_1448-02-23.xml, 00226-eintrag_vom_1448-02-23.xml	['1448-02-23'], ['1448-02-23']
19	pl__wien-moering	MÃ¶ring (I. Bezirk) | auf der Morin	street	1	0	1	00406-eintrag_vom_1448-05-31.xml	['1448-05-31']
20	pl__wien-immo_tiefer_graben_3	Egidius Zimmermann Haus |  	immo	4	2	2	3264.xml, 3264.xml, 00300-eintrag_vom_1448-08-05.xml, 00300-eintrag_vom_1448-08-05.xml	[datetime.date(1448, 8, 5), '1448'], [datetime.date(1448, 8, 5), '1448'], ['1448-08-05'], ['1448-08-05']
21	pl__wien-alter_fleischmarkt_gasse_bei	Gasse Fleischmarkt-Haarmarkt |  	street	1	0	1	3278.xml	[datetime.date(1448, 11, 8), '1448']
22	pl__wien-immo_baeckerstrasse_hintere_2	Der Pirchnerin haws |  	immo	2	1	1	01146-eintrag_vom_1448-04-12.xml, 01146-eintrag_vom_1448-04-12.xml	['1448-04-12'], ['1448-04-12']
23	pl__wien-immo_weihenburg_2	  | des abts von Altenburg haws	immo	2	1	1	00227-eintrag_vom_1448-03-06.xml, 00227-eintrag_vom_1448-03-06.xml	['1448-03-06'], ['1448-03-06']
24	pl__wien-immo_riemerstrasse_2	Simon Vankch Haus |  	immo	6	3	3	3274.xml, 3274.xml, 01241-eintrag_vom_1448-06-21.xml, 01241-eintrag_vom_1448-06-21.xml, 01243-eintrag_vom_1448-09-13.xml, 01243-eintrag_vom_1448-09-13.xml	[datetime.date(1448, 9, 13), '1448'], [datetime.date(1448, 9, 13), '1448'], ['1448-06-21'], ['1448-06-21'], ['1448-09-13'], ['1448-09-13']
25	pl__eferding	Eferding |  	settlement	1	0	1	00351-eintrag_vom_1448-11-29.xml	['1448-11-29']
26	pl__am_neuen_platz	Judengasse (bei der Hohenprugk); Judenplatz (I. Bezirk) |  	street	1	0	1	00156-eintrag_vom_1448-12-13.xml	['1448-12-13']
27	pl__wien-immo_st_johannsstrasse_4	Michael des MÃ¼nzer Haus |  	immo	2	1	1	00967-eintrag_vom_1448-06-19.xml, 00967-eintrag_vom_1448-06-19.xml	['1448-06-19'], ['1448-06-19']
28	pl__wien-immo_st_michael_4	Konrad MÃ¼llner, der schuster, Haus |  	immo	1	1	0	3259.xml	[datetime.date(1448, 6, 28), '1448']
29	pl__wien-immo_st_pankraz_3	Georg und Elisabeth Zwettler Haus |  	immo	1	1	0	00969-eintrag_vom_1448-10-30.xml	['1448-10-30']
30	pl__wien-immo_kaerntnerstrasse_2	Jakob Straiffing und Peter Obrcht, weilent Erhard Neunkirchner, Haus |  	immo	1	1	0	00968-eintrag_vom_1448-07-10.xml	['1448-07-10']
31	pl__wien-immo_kaerntnerstrasse_4	FlÃ¶derl Haus |  	immo	1	1	0	3238.xml	[datetime.date(1448, 2, 9), '1448']
32	pl__wien-kamerhof	Kamerhof (I.Bezirk) | nan	street	1	0	1	3275.xml	[datetime.date(1448, 9, 20), '1448']
33	pl__wien-immo_kamerhof_1	Stephan Gibing Haus | nan	street	1	1	0	3275.xml	[datetime.date(1448, 9, 20), '1448']
34	pl__wien-pippingerstrasse	Pippingerstrasse (I.Bezirk) |  	street	1	0	1	00616-eintrag_vom_1448-07-19.xml	['1448-07-19']
35	pl__meidling-buergerspitalhof	BÃ¼rgerspitalhof zu Meidling | Spitalhof	street	1	0	1	3260.xml	[datetime.date(1448, 7, 6), '1448']
36	pl__wien-teinfaltstrasse	Teinfaltstrasse(I.Bezirk) | Tunfoltstrass	street	1	0	1	00623-eintrag_vom_1448-12-13.xml	['1448-12-13']
37	pl__wien-immo_goldschmiedgasse_2	Stephan Pusenperger, der zinngiesser, Haus |  	immo	4	2	2	01431-eintrag_vom_1448-07-08.xml, 01431-eintrag_vom_1448-07-08.xml, 01432-eintrag_vom_1448-07-10.xml, 01432-eintrag_vom_1448-07-10.xml	['1448-07-08'], ['1448-07-08'], ['1448-07-10'], ['1448-07-10']
38	pl__wien-immo_setzen_obere_vor_stubentor_4	  | Wolfgang Swarcz Weingarten	immo	2	1	1	3240.xml, 3240.xml	[datetime.date(1448, 2, 14), '1448'], [datetime.date(1448, 2, 14), '1448']
39	pl__wien-unter_den_hafnern	Unter den Hafnern |  	street	2	0	2	00055-eintrag_vom_1448-06-21.xml, 01926-eintrag_vom_1448-12-20.xml	['1448-06-21'], ['1448-12-20']
40	pl__wien-schottentor	Schottentor |  	street	3	0	3	3245.xml, 00604-eintrag_vom_1448-02-24.xml, 00607-eintrag_vom_1448-03-13.xml	[datetime.date(1448, 3, 14), '1448'], ['1448-02-24'], ['1448-03-13']
41	pl__wien-immo_anger_2	  | der Newnperger hof	immo	2	1	1	00971-eintrag_vom_1448-12-16.xml, 00971-eintrag_vom_1448-12-16.xml	['1448-12-16'], ['1448-12-16']
42	pl__wien-immo_neulukchen_vor_widmertor_1	Friedrich Wurmprant Haus; ehm. Niklas und Barbara Puckler, schuster von StarÃburg Haus |  	street	2	2	0	3248.xml, 3248.xml	[datetime.date(1448, 4, 30), '1448'], [datetime.date(1448, 4, 30), '1448']
43	pl__wien-immo_kaerntnertor_4	Stephan von BÃ¶hmischkrut, des pinter, Haus |  	immo	2	1	1	3282.xml, 3282.xml	[datetime.date(1448, 11, 29), '1448'], [datetime.date(1448, 11, 29), '1448']
44	pl__wien-graben	(am) Graben |  	street	2	0	2	00229-eintrag_vom_1448-05-27.xml, 00406-eintrag_vom_1448-05-31.xml	['1448-05-27'], ['1448-05-31']
45	pl__wien-immo_goldschmiedgasse_1	Niklas Lainbacher, der apotheker, Haus |  	immo	5	5	0	01431-eintrag_vom_1448-07-08.xml, 01431-eintrag_vom_1448-07-08.xml, 01432-eintrag_vom_1448-07-10.xml, 01432-eintrag_vom_1448-07-10.xml, 01432-eintrag_vom_1448-07-10.xml	['1448-07-08'], ['1448-07-08'], ['1448-07-10'], ['1448-07-10'], ['1448-07-10']
46	pl__meidling-immo_3	FÃ¼chselmesse Hof mit ZubehÃ¶r; ehm. Agnes FÃ¼chselin Hof; ehm. Ulrich Eibesprunner Hof |  	immo	2	2	0	3260.xml, 3260.xml	[datetime.date(1448, 7, 6), '1448'], [datetime.date(1448, 7, 6), '1448']
47	pl__wien-wiltwerkerstrasse	Wiltwercherstrasse |  	street	1	0	1	00056-eintrag_vom_1448-08-09.xml	['1448-08-09']
48	pl__wien-immo_alserstrasse_vor_schottentor_4	Johann und Katharina Spannberger Haus |  	immo	1	1	0	00607-eintrag_vom_1448-03-13.xml	['1448-03-13']
49	pl__wien-immo_kaerntnerstrasse_1	Friedrich Pierpaumer halbes Haus |  	immo	2	2	0	01431-eintrag_vom_1448-07-08.xml, 01432-eintrag_vom_1448-07-10.xml	['1448-07-08'], ['1448-07-10']
50	pl__wien-immo_st_pankraz_2	Andreas Weinperger Haus |  	immo	2	1	1	01842-eintrag_vom_1448-11-27.xml, 01842-eintrag_vom_1448-11-27.xml	['1448-11-27'], ['1448-11-27']
51	pl__wien-immo_st_maria_im_rathaus_3	ehm. Hausteil Ulrich WÃ¼rfel |  	immo	1	1	0	3270.xml	[datetime.date(1448, 8, 19), '1448']
52	pl__wien-hoher_markt_fischmarkt	Fischmarkt, an dem hohenmarkt |  	street	3	0	3	3263.xml, 00349-eintrag_vom_1448-02-22.xml, 00612-eintrag_vom_1448-07-10.xml	[datetime.date(1448, 7, 10), '1448'], ['1448-02-22'], ['1448-07-10']
53	pl__wien-immo_singerstrasse_1	Johann ZÃ¼chtig Haus |  	immo	3	2	1	00622-eintrag_vom_1448-12-09.xml, 00622-eintrag_vom_1448-12-09.xml, 00622-eintrag_vom_1448-12-09.xml	['1448-12-09'], ['1448-12-09'], ['1448-12-09']
54	pl__wien-immo_setzen_niedere_vor_stubentor_1	  | Jakob Flachenauer dritthalb achtail Weingarten	immo	2	1	1	3240.xml, 3240.xml	[datetime.date(1448, 2, 14), '1448'], [datetime.date(1448, 2, 14), '1448']
55	pl__wien-immo_hoher_markt_3	Johann Payr, des schuster, Haus |  	immo	2	2	0	3263.xml, 00612-eintrag_vom_1448-07-10.xml	[datetime.date(1448, 7, 10), '1448'], ['1448-07-10']
56	pl__wien-immo_st_pankraz_4	Michael Hiltprant, der schmied, Haus |  	immo	2	1	1	00969-eintrag_vom_1448-10-30.xml, 00969-eintrag_vom_1448-10-30.xml	['1448-10-30'], ['1448-10-30']
57	pl__wien-immo_praitten_1	  | Hannsen, des reisner, und Elspeten anderthalb achtail Weingarten	immo	1	1	0	3240.xml	[datetime.date(1448, 2, 14), '1448']
58	pl__wien-immo_haarmarkt_2	Johann Hermann (halbes) Haus; ehm. Niklas Kramhofer Haus; ehm. Lukas, des salzer, Haus |  	immo	3	3	0	3278.xml, 00621-eintrag_vom_1448-11-27.xml, 00625-eintrag_vom_1448-12-11.xml	[datetime.date(1448, 11, 8), '1448'], ['1448-11-27'], ['1448-12-11']
59	pl__wien-huehnergesslein	Johann von Eibesthal Haus; ehm. Konrad Klingenpoden, des pinter, Haus |  	immo	1	0	1	00054-eintrag_vom_1448-06-10.xml	['1448-06-10']
60	pl__wien-immo_salzgries_4	Johann Zwettler am Salzgriess Haus |  	immo	2	1	1	01687-eintrag_vom_1448-05-27.xml, 01687-eintrag_vom_1448-05-27.xml	['1448-05-27'], ['1448-05-27']
61	pl__ottakring	Ottakring |  	settlement	1	0	1	00615-eintrag_vom_1448-06-26.xml	['1448-06-26']
62	pl__wien-immo_fleischbaenke_1	Servatius und Dorothea Waczla Haus |  	immo	1	1	0	00230-eintrag_vom_1448-11-20.xml	['1448-11-20']
63	pl__wien-immo_strauchgasse_1	Johann Weilhaimer Haus |  	immo	2	2	0	00624-eintrag_vom_1448-09-23.xml, 00626-eintrag_vom_1448-12-20.xml	['1448-09-23'], ['1448-12-20']
64	pl__wien-immo_roterturm_4	  | weilent Ulreichs von Steir haus	immo	2	1	1	01767-eintrag_vom_1448-06-23.xml, 01767-eintrag_vom_1448-06-23.xml	['1448-06-23'], ['1448-06-23']
65	pl__wien-immo_kohlmarkt_1	Johann und Barbara Unverdrossen (halbes) Haus (mit Zugehorung), vormals Jakob von BrÃ¼nn des schneider Haus |  	immo	6	6	0	00608-eintrag_vom_1448-04-29.xml, 00608-eintrag_vom_1448-04-29.xml, 00608-eintrag_vom_1448-04-29.xml, 00613-eintrag_vom_1448-07-17.xml, 00613-eintrag_vom_1448-07-17.xml, 00613-eintrag_vom_1448-07-17.xml	['1448-04-29'], ['1448-04-29'], ['1448-04-29'], ['1448-07-17'], ['1448-07-17'], ['1448-07-17']
66	pl__wien-weinhaus_an_der_oberhohenbart	Weinhaus an der Oberhohenbart |  	street	1	0	1	3265.xml	[datetime.date(1448, 8, 6), '1448']
67	pl__wien-immo_kohlmarkt_4	Niklas Vorstl, der wundarzt, Haus |  	immo	2	1	1	00613-eintrag_vom_1448-07-17.xml, 00613-eintrag_vom_1448-07-17.xml	['1448-07-17'], ['1448-07-17']
68	pl__wien-immo_weihenburg_1	Konrad und Anna SchrÃ¶fl Haus; Johann Kanstdorffer Haus | genant der Alt Techanthof	immo	1	1	0	00227-eintrag_vom_1448-03-06.xml	['1448-03-06']
69	pl__st_veit-immo_2	Johann Gruntreich Weingarten an dem Hegkenperg |  	immo	2	1	1	3257.xml, 3257.xml	[datetime.date(1448, 6, 26), '1448'], [datetime.date(1448, 6, 26), '1448']
70	pl__wien-haarmarkt	Haarmarkt (I.Bezirk) |  	street	3	0	3	3278.xml, 00299-eintrag_vom_1448-07-08.xml, 00625-eintrag_vom_1448-12-11.xml	[datetime.date(1448, 11, 8), '1448'], ['1448-07-08'], ['1448-12-11']
71	pl__wien-immo_weihenburg_3	  | Elspeth die Kolpekchin haws	immo	3	2	1	00350-eintrag_vom_1448-04-10.xml, 01099-eintrag_vom_1448-02-20.xml, 01099-eintrag_vom_1448-02-20.xml	['1448-04-10'], ['1448-02-20'], ['1448-02-20']
72	pl__wien-immo_kohlmarkt_5	Ulrich Fochter Haus |  	immo	2	1	1	00617-eintrag_vom_1448-08-26.xml, 00617-eintrag_vom_1448-08-26.xml	['1448-08-26'], ['1448-08-26']
73	pl__wien-immo_roterturm_1	Stephan und Barbara Holfus Haus |  	immo	1	1	0	01686-eintrag_vom_1448-04-22.xml	['1448-04-22']
74	pl__wien-riemerstrasse	Riemerstrass (I. Bezirk) |  	street	3	0	3	3274.xml, 01241-eintrag_vom_1448-06-21.xml, 01243-eintrag_vom_1448-09-13.xml	[datetime.date(1448, 9, 13), '1448'], ['1448-06-21'], ['1448-09-13']
75	pl__wien-immo_laimgrub_vor_widmertor_1	Johann Weinperger Haus |  	immo	2	2	0	00605-eintrag_vom_1448-03-04.xml, 00605-eintrag_vom_1448-03-04.xml	['1448-03-04'], ['1448-03-04']
76	pl__wien-immo_baeckerstrasse_vordere_1	Stephan Vink Haus |  	immo	2	2	0	01693-eintrag_vom_1448-12-13.xml, 01693-eintrag_vom_1448-12-13.xml	['1448-12-13'], ['1448-12-13']
77	pl__wien-immo_lange_gasse_1	Weingarten gennant der Griess |  	street	2	2	0	3246.xml, 3246.xml	[datetime.date(1448, 3, 27), '1448'], [datetime.date(1448, 3, 27), '1448']
78	pl__wien-laimgrub_vor_widmertor	In der Laimgrub, vor Widmertor | in der Laimgrub	street	1	0	1	00605-eintrag_vom_1448-03-04.xml	['1448-03-04']
79	pl__wien-immo_fleischbaenke_2	Michael Salzer Haus |  	immo	2	1	1	00230-eintrag_vom_1448-11-20.xml, 00230-eintrag_vom_1448-11-20.xml	['1448-11-20'], ['1448-11-20']
80	pl__wien-immo_schulstrasse_vordere_1	Johann und Dorothea Ofner halbes Haus |  	immo	1	1	0	00610-eintrag_vom_1448-05-29.xml	['1448-05-29']
81	pl__wien-immo_kienmarkt_4	Johann GÃ¶llersdorfer Haus | Jorgen von Gelestorf sun haus	immo	2	1	1	00615-eintrag_vom_1448-06-26.xml, 00615-eintrag_vom_1448-06-26.xml	['1448-06-26'], ['1448-06-26']
82	pl__wien-immo_alter_fleischmarkt_6	Heinrich Rigel Haus |  	immo	1	1	0	00609-eintrag_vom_1448-05-06.xml	['1448-05-06']
83	pl__wien-immo_steig_bei_den_predigern_1	Jakob Schutwempl, der fasszieher, Haus |  	immo	1	1	0	00970-eintrag_vom_1448-11-20.xml	['1448-11-20']
84	pl__wien-st_maria_im_rathaus	S. Maria - Kapelle im Rathaus |  	street	3	0	3	3270.xml, 3270.xml, 3270.xml	[datetime.date(1448, 8, 19), '1448'], [datetime.date(1448, 8, 19), '1448'], [datetime.date(1448, 8, 19), '1448']
85	pl__wien-alter_fleischmarkt	Alter Fleischmarkt |  	street	4	0	4	00055-eintrag_vom_1448-06-21.xml, 00609-eintrag_vom_1448-05-06.xml, 00625-eintrag_vom_1448-12-11.xml, 01926-eintrag_vom_1448-12-20.xml	['1448-06-21'], ['1448-05-06'], ['1448-12-11'], ['1448-12-20']
86	pl__wien-immo_hoher_markt_7	Matthias Vogpurger haus, genant des Silbrein Hensleins Haus |  	immo	1	1	0	01240-eintrag_vom_1448-03-15.xml	['1448-03-15']
87	pl__wien-immo_weinhaus_an_der_oberhohenbart_2	Niksls Undermhimmel Weingarten |  	immo	2	1	1	3265.xml, 3265.xml	[datetime.date(1448, 8, 6), '1448'], [datetime.date(1448, 8, 6), '1448']
88	pl__meidling-immo_2	Philipp auf dem Pach Weingarten in der Laincz |  	immo	2	1	1	3258.xml, 3258.xml	[datetime.date(1448, 6, 26), '1448'], [datetime.date(1448, 6, 26), '1448']
89	pl__wien-immo_mietstat_vor_kaerntnertor_2	Katharina und Johann Wigfring, kupferschmid, Haus | des Kuphersmids haws	immo	2	1	1	01840-eintrag_vom_1448-04-19.xml, 01840-eintrag_vom_1448-04-19.xml	['1448-04-19'], ['1448-04-19']
90	pl__wien-immo_praitten_4	  | Mertten des Litschauer von Erdpurkch weingarten	immo	2	1	1	3240.xml, 3240.xml	[datetime.date(1448, 2, 14), '1448'], [datetime.date(1448, 2, 14), '1448']
91	pl__wien-immo_praitten_3	Friedrich Krevogel Weingarten |  	immo	2	1	1	3240.xml, 3240.xml	[datetime.date(1448, 2, 14), '1448'], [datetime.date(1448, 2, 14), '1448']
92	pl__wien-immo_tiefer_graben_2	Thomas Trager Haus |  	immo	5	2	3	3264.xml, 3264.xml, 3264.xml, 00300-eintrag_vom_1448-08-05.xml, 00300-eintrag_vom_1448-08-05.xml	[datetime.date(1448, 8, 5), '1448'], [datetime.date(1448, 8, 5), '1448'], [datetime.date(1448, 8, 5), '1448'], ['1448-08-05'], ['1448-08-05']
93	pl__wien-immo_neuer_markt_1	Konrad u. Brigitta Eggenfelder Haus |  	immo	1	1	0	00226-eintrag_vom_1448-02-23.xml	['1448-02-23']
94	pl__wien-immo_rennweg_1	  | drei Achtel Weingarten am Rennweg	immo	2	2	0	3237.xml, 3237.xml	[datetime.date(1448, 1, 20), '1448'], [datetime.date(1448, 1, 20), '1448']
95	pl__wien-immo_tiefer_graben_1	Dorothea und Pankraz Widmer Haus |  	immo	4	4	0	3264.xml, 3264.xml, 00300-eintrag_vom_1448-08-05.xml, 00300-eintrag_vom_1448-08-05.xml	[datetime.date(1448, 8, 5), '1448'], [datetime.date(1448, 8, 5), '1448'], ['1448-08-05'], ['1448-08-05']
96	pl__wien-immo_judengasse_am_neuen_platz_1	Berthold Mermann Haus |  	immo	1	1	0	00156-eintrag_vom_1448-12-13.xml	['1448-12-13']
97	pl__wien-immo_salzgries_3	Stephan und Katharina Radendorfer Haus |  	immo	1	1	0	01687-eintrag_vom_1448-05-27.xml	['1448-05-27']
98	pl__wien-st_johannssstrasse	S. Johanns Strasse (I.Bezirk) |  	street	3	0	3	00611-eintrag_vom_1448-06-21.xml, 00967-eintrag_vom_1448-06-19.xml, 01429-eintrag_vom_1448-02-20.xml	['1448-06-21'], ['1448-06-19'], ['1448-02-20']
99	pl__wien-immo_neulukchen_vor_widmertor_2	Johann Zehentner Haus |  	street	2	1	1	3248.xml, 3248.xml	[datetime.date(1448, 4, 30), '1448'], [datetime.date(1448, 4, 30), '1448']
100	pl__wien-immo_kohlmarkt_9	Simon und Barbara Brunner Haus |  	immo	2	2	0	01693a-eintrag_vom_1448.xml, 01693a-eintrag_vom_1448.xml	['1448'], ['1448']
101	pl__aachen	Aachen | Ach; Aiche	settlement	1	0	1	3239.xml	[datetime.date(1448, 2, 13), '1448']
102	pl__wien-immo_salzgries_2	Liebhard Weiss Haus |  	immo	4	2	2	00606-eintrag_vom_1448-04-03.xml, 00606-eintrag_vom_1448-04-03.xml, 00614-eintrag_vom_1448-07-29.xml, 00614-eintrag_vom_1448-07-29.xml	['1448-04-03'], ['1448-04-03'], ['1448-07-29'], ['1448-07-29']
103	pl__wien-immo_lange_gasse_2	  | ainem halben jeuch weingarten, das zu des Pogenstainer messe hincz sand Maria Magdalena geho/eret	street	2	1	1	3246.xml, 3246.xml	[datetime.date(1448, 3, 27), '1448'], [datetime.date(1448, 3, 27), '1448']
104	pl__wien-schenkenstrasse	Schenkenstrasse (I.Bezirk) |  	street	3	0	3	01418-eintrag_vom_1448-09-06.xml, 01433-eintrag_vom_1448-07-29.xml, 01841-eintrag_vom_1448-08-13.xml	['1448-09-06'], ['1448-07-29'], ['1448-08-13']
105	pl__wien-immo_st_johannsstrasse_5	Niklas und Elsbeth Salczburger Haus |  	immo	2	2	0	01429-eintrag_vom_1448-02-20.xml, 01429-eintrag_vom_1448-02-20.xml	['1448-02-20'], ['1448-02-20']
106	pl__wien-singerstrasse	Singerstrasse (I. Bezirk) | SÃºnigerstrass	street	1	0	1	00622-eintrag_vom_1448-12-09.xml	['1448-12-09']
107	pl__wien-immo_setzen_obere_vor_stubentor_5	  | Stephan DÃ¼ring Achteil Weingarten	immo	2	1	1	3240.xml, 3240.xml	[datetime.date(1448, 2, 14), '1448'], [datetime.date(1448, 2, 14), '1448']
108	pl__wien-immo_werdertor_1	BischhÃ¶flicher Garten vor Werdertor |  	immo	1	1	0	3241.xml	[datetime.date(1448, 2, 22), '1448']
109	pl__wien-hochstrasse	Hochstrass (I. Bezirk) |  	street	1	0	1	3276.xml	[datetime.date(1448, 9, 23), '1448']
110	pl__wien-st_laurenz	S. Laurenz, Prediger-Nonnenkloster am alten Fleischmarkt |  	street	1	0	1	00055-eintrag_vom_1448-06-21.xml	['1448-06-21']
111	pl__wien-gottesacker_vor_kaertnertor	Gottesacker vor Kernertor |  	street	1	0	1	00627-eintrag_vom_1448-12-20.xml	['1448-12-20']
112	pl__wien-immo_alserstrasse_vor_schottentor_6	Niklas und Dorothea Piberstein Haus |  	immo	1	1	0	01430-eintrag_vom_1448-03-04.xml	['1448-03-04']
113	pl__wien-immo_steig_bei_den_predigern_4	Johann und Dorothea Welser Haus |  	immo	1	1	0	3262.xml	[datetime.date(1448, 7, 8), '1448']
114	pl__wien-seitzerhof	Seitzer Hof (I. Bezirk) |  	street	1	0	1	3279.xml	[datetime.date(1448, 11, 11), '1448']
115	pl__wien-immo_kohlmarkt_8	Johann Unverdrossen, der plattner, Haus |  	immo	2	1	1	00619-eintrag_vom_1448-09-04.xml, 00619-eintrag_vom_1448-09-04.xml	['1448-09-04'], ['1448-09-04']
116	pl__wien-st_pankraz	S. Pancratius |  	street	4	0	4	00969-eintrag_vom_1448-10-30.xml, 00969-eintrag_vom_1448-10-30.xml, 00969-eintrag_vom_1448-10-30.xml, 01842-eintrag_vom_1448-11-27.xml	['1448-10-30'], ['1448-10-30'], ['1448-10-30'], ['1448-11-27']
117	pl__wien-immo_steig_bei_den_predigern_5	weilent Ulrich von Steir Haus |  	immo	2	1	1	3262.xml, 3262.xml	[datetime.date(1448, 7, 8), '1448'], [datetime.date(1448, 7, 8), '1448']
118	pl__wien-immo_roterturm_3	Thomas Praitenweidacher Haus |  	immo	2	2	0	01767-eintrag_vom_1448-06-23.xml, 01768-eintrag_vom_1448-06-28.xml	['1448-06-23'], ['1448-06-28']
119	pl__wien-immo_weidenstrasse_2	  | Petern des Letzelter haws	immo	2	1	1	00351-eintrag_vom_1448-11-29.xml, 00351-eintrag_vom_1448-11-29.xml	['1448-11-29'], ['1448-11-29']
120	pl__lengenfeld_QGW_II_II_register_pg_482	Lengenfeld |  	settlement	2	0	2	3242.xml, 3246.xml	[datetime.date(1448, 2, 22), '1448'], [datetime.date(1448, 3, 27), '1448']
121	pl__wien-immo_baeckerstrasse_hintere_1	Leonhard GrÃ¼npacher Haus |  	immo	2	2	0	01146-eintrag_vom_1448-04-12.xml, 01146-eintrag_vom_1448-04-12.xml	['1448-04-12'], ['1448-04-12']
122	pl__wien-immo_kienmarkt_6	Martin, der wachsgiesser, Haus |  	immo	2	1	1	01148-eintrag_vom_1448-05-17.xml, 01148-eintrag_vom_1448-05-17.xml	['1448-05-17'], ['1448-05-17']
123	pl__wien-altdonau	Altdonau |  	street	1	0	1	3237.xml	[datetime.date(1448, 1, 20), '1448']
124	pl__wien-immo_judengasse_am_neuen_platz_2	  | Jacoben des Smalen Haus	immo	2	1	1	00156-eintrag_vom_1448-12-13.xml, 00156-eintrag_vom_1448-12-13.xml	['1448-12-13'], ['1448-12-13']
125	pl__wien-immo_baeckerstrasse_vordere_2	Niklas vom Stein, der fleischhacker, Haus |  	immo	2	1	1	01693-eintrag_vom_1448-12-13.xml, 01693-eintrag_vom_1448-12-13.xml	['1448-12-13'], ['1448-12-13']
126	pl__wien-immo_hoher_markt_2	  | Steffans FÃºgenstaler haus	immo	2	1	1	00349-eintrag_vom_1448-02-22.xml, 00349-eintrag_vom_1448-02-22.xml	['1448-02-22'], ['1448-02-22']
127	pl__wien-immo_st_michael_1	Niklas und Elisabeth Plumentrit halbes Haus |  	immo	2	2	0	3259.xml, 3259.xml	[datetime.date(1448, 6, 28), '1448'], [datetime.date(1448, 6, 28), '1448']
128	pl__wien-immo_hoher_markt_5	  | Niklas Sawr des schuster haus	immo	2	1	1	01100-eintrag_vom_1448-04-29.xml, 01100-eintrag_vom_1448-04-29.xml	['1448-04-29'], ['1448-04-29']
129	pl__wien-immo_walichstrasse_4	  | des GrÃ©fenperger hÃ¡ws	immo	2	1	1	01149-eintrag_vom_1448-09-02.xml, 01149-eintrag_vom_1448-09-02.xml	['1448-09-02'], ['1448-09-02']
130	pl__wien-immo_haarmarkt_5	Johann von Gera halbes Haus; ehm. Johann Hermann halbes Haus; ehm. Niklas Kramhofer Haus; ehm. Lukas, des salzer, Haus |  	immo	1	1	0	3278.xml	[datetime.date(1448, 11, 8), '1448']
131	pl__wien-st_koloman	S. Koloman auf dem Gottesacker vor Kartnertor |  	street	1	0	1	00966-eintrag_vom_1448-06-07.xml	['1448-06-07']
132	pl__wien-immo_riemerstrasse_1	Michael und Dorothea Toller Ramhof/Haus |  	immo	1	1	0	01241-eintrag_vom_1448-06-21.xml	['1448-06-21']
133	pl__wien-immo_hoher_markt_1	Elisabeth und Stephan Goltpach Haus |  	immo	2	2	0	00349-eintrag_vom_1448-02-22.xml, 00349-eintrag_vom_1448-02-22.xml	['1448-02-22'], ['1448-02-22']
134	pl__wien-immo_steig_bei_den_predigern_3	Peter von Nussdorf, der schneider, Haus |  	immo	1	1	0	00971-eintrag_vom_1448-12-16.xml	['1448-12-16']
135	pl__wien-immo_hochstrasse_1	Johann Stremphl und Stephan Sorgenfrey, der huter, Haus; ehm. Heinrich Staindlperger, der pekch, Haus |  	immo	2	2	0	3276.xml, 00624-eintrag_vom_1448-09-23.xml	[datetime.date(1448, 9, 23), '1448'], ['1448-09-23']
136	pl__wien-baeckerstrasse_hintere	Hintere BÃ¤ckerstrasse (I. Bezirk) |  	street	1	0	1	01146-eintrag_vom_1448-04-12.xml	['1448-04-12']
137	pl__wien-schaufllucken	Schaufllucken bei St. Michael (I.Bezirk) |  	street	1	0	1	3261.xml	[datetime.date(1448, 7, 8), '1448']
138	pl__wien-immo_siebenherbergen_vor_kaertnertor_2	Georg Krumpp, der binder, Haus |  	immo	3	3	0	00966-eintrag_vom_1448-06-07.xml, 00966-eintrag_vom_1448-06-07.xml, 00966-eintrag_vom_1448-06-07.xml	['1448-06-07'], ['1448-06-07'], ['1448-06-07']
139	pl__wien-immo_schenkenstrasse_3	Ulrich Lang, der pekch, Haus |  	immo	1	1	0	01841-eintrag_vom_1448-08-13.xml	['1448-08-13']
140	pl__wien-juristenschule	Juristenschul |  	street	1	0	1	00610-eintrag_vom_1448-05-29.xml	['1448-05-29']
141	pl__wien-immo_alter_fleischmarkt_8	  | Wolfgang Holczer gertl mit der stetten	immo	2	2	0	01926-eintrag_vom_1448-12-20.xml, 01926-eintrag_vom_1448-12-20.xml	['1448-12-20'], ['1448-12-20']
142	pl__wien-immo_praitten_2	Niclasen, des maurer, und Kathrein anderthalb achtail Weingarten |  	immo	1	1	0	3240.xml	[datetime.date(1448, 2, 14), '1448']
143	pl__wien-kumpfgasse	Kumpfgasse (I. Bezirk) | Kumphgessl	street	1	0	1	01241-eintrag_vom_1448-06-21.xml	['1448-06-21']
144	pl__wien-immo_haarmarkt_1	Dorothea und Albrecht Liebhart Haus |  	immo	3	3	0	00299-eintrag_vom_1448-07-08.xml, 00299-eintrag_vom_1448-07-08.xml, 00299-eintrag_vom_1448-07-08.xml	['1448-07-08'], ['1448-07-08'], ['1448-07-08']
145	pl__wien-praitten	auf der Praitten (III. Bezirk) |  	street	2	0	2	3240.xml, 3240.xml	[datetime.date(1448, 2, 14), '1448'], [datetime.date(1448, 2, 14), '1448']
146	pl__wien-salzgries	Am Salzgries |  	street	3	0	3	00606-eintrag_vom_1448-04-03.xml, 00614-eintrag_vom_1448-07-29.xml, 01687-eintrag_vom_1448-05-27.xml	['1448-04-03'], ['1448-07-29'], ['1448-05-27']
147	pl__wien-immo_geraeut_vor_stubentor_1	  | Fridreichs kochs haus und hofstat weingarten	immo	1	1	0	00618-eintrag_vom_1448-09-02.xml	['1448-09-02']
148	pl__wien-immo_kohlmarkt_10	Paul Haid, der schuster, Haus |  	immo	2	1	1	01693a-eintrag_vom_1448.xml, 01693a-eintrag_vom_1448.xml	['1448'], ['1448']
149	pl__wien-immo_kohlmarkt_6	Heinrich und Margarethe Eschlbach Haus |  	immo	2	2	0	00618-eintrag_vom_1448-09-02.xml, 00619-eintrag_vom_1448-09-04.xml	['1448-09-02'], ['1448-09-04']
150	pl__wien-immo_alserstrasse_vor_schottentor_1	Johann Auer Haus |  	immo	7	6	1	00604-eintrag_vom_1448-02-24.xml, 00604-eintrag_vom_1448-02-24.xml, 00604-eintrag_vom_1448-02-24.xml, 00604-eintrag_vom_1448-02-24.xml, 00604-eintrag_vom_1448-02-24.xml, 01430-eintrag_vom_1448-03-04.xml, 01430-eintrag_vom_1448-03-04.xml	['1448-02-24'], ['1448-02-24'], ['1448-02-24'], ['1448-02-24'], ['1448-02-24'], ['1448-03-04'], ['1448-03-04']
151	pl__wien-immo_kienmarkt_3	Margarethe und Johann HÃ¶lczel Haus |  	immo	1	1	0	00615-eintrag_vom_1448-06-26.xml	['1448-06-26']
152	pl__wien-immo_setzen_obere_vor_stubentor_2	  | Johann Smogel Vierteil Weingarten	immo	5	3	2	3240.xml, 3240.xml, 3240.xml, 3240.xml, 3240.xml	[datetime.date(1448, 2, 14), '1448'], [datetime.date(1448, 2, 14), '1448'], [datetime.date(1448, 2, 14), '1448'], [datetime.date(1448, 2, 14), '1448'], [datetime.date(1448, 2, 14), '1448']
153	pl__wien-immo_kohlmarkt_7	  | des Fuchsleins haus	immo	2	1	1	00618-eintrag_vom_1448-09-02.xml, 00618-eintrag_vom_1448-09-02.xml	['1448-09-02'], ['1448-09-02']
154	pl__wien-setzen_niedere_vor_stubentor	in den oberen Saetzen vor Stubentor |  	street	7	0	7	3240.xml, 3240.xml, 3240.xml, 3240.xml, 3240.xml, 3240.xml, 3240.xml	[datetime.date(1448, 2, 14), '1448'], [datetime.date(1448, 2, 14), '1448'], [datetime.date(1448, 2, 14), '1448'], [datetime.date(1448, 2, 14), '1448'], [datetime.date(1448, 2, 14), '1448'], [datetime.date(1448, 2, 14), '1448'], [datetime.date(1448, 2, 14), '1448']
155	pl__grinzing-peunten	in den peunten |  	street	1	0	1	3246.xml	[datetime.date(1448, 3, 27), '1448']
156	pl__nussdorf	Nussdorf |  	settlement	1	0	1	3246.xml	[datetime.date(1448, 3, 27), '1448']
157	pl__wien-hoher_markt	Hohermarkt (I.Bezirk) | forum; altum forum	street	5	0	5	3263.xml, 00349-eintrag_vom_1448-02-22.xml, 00612-eintrag_vom_1448-07-10.xml, 01100-eintrag_vom_1448-04-29.xml, 01240-eintrag_vom_1448-03-15.xml	[datetime.date(1448, 7, 10), '1448'], ['1448-02-22'], ['1448-07-10'], ['1448-04-29'], ['1448-03-15']
158	pl__wien-mietstat_vor_kaerntnertor	Mietstat vor Kernertor |  	street	1	0	1	01840-eintrag_vom_1448-04-19.xml	['1448-04-19']
159	pl__wien-immo_weihenburg_5	Kunigund, Hannsen des Hagen seligen witib, haus |  	immo	1	1	0	01099-eintrag_vom_1448-02-20.xml	['1448-02-20']
160	pl__wien-immo_teinfaltstrasse_1	Johann Frey, der parhander, Haus |  	immo	1	1	0	00623-eintrag_vom_1448-12-13.xml	['1448-12-13']
161	pl__sievering-schenkchenperg	am Schenkchenperg |  	settlement	2	0	2	3250.xml, 3260.xml	[datetime.date(1448, 5, 3), '1448'], [datetime.date(1448, 7, 6), '1448']
162	pl__wien-judengasse	Judengasse (bei der Hohenprugk); Judenplatz (I. Bezirk) |  	street	1	0	1	00156-eintrag_vom_1448-12-13.xml	['1448-12-13']
163	pl__wien-immo_alter_fleischmarkt_1	Agatha Hulber dritt tail Haus vormals Micheln Stadl |  	immo	1	1	0	00055-eintrag_vom_1448-06-21.xml	['1448-06-21']
164	pl__wien-immo_graben_2	Stephan Auer Haus |  	immo	2	1	1	00229-eintrag_vom_1448-05-27.xml, 00229-eintrag_vom_1448-05-27.xml	['1448-05-27'], ['1448-05-27']
165	pl__wien-immo_alserstrasse_vor_schottentor_2	  | Niclasen Pernharts des FÃ¼rer haws	immo	2	1	1	00604-eintrag_vom_1448-02-24.xml, 00604-eintrag_vom_1448-02-24.xml	['1448-02-24'], ['1448-02-24']
166	pl__wien-immo_alserstrasse_vor_schottentor_3	  | des Officials haus das yecz der stat mautthaus ist	immo	2	1	1	00604-eintrag_vom_1448-02-24.xml, 00604-eintrag_vom_1448-02-24.xml	['1448-02-24'], ['1448-02-24']
167	pl__wien-immo_setzen_obere_vor_stubentor_1	  | Michael Oberndorfer Achteil Weingarten	immo	1	1	0	3240.xml	[datetime.date(1448, 2, 14), '1448']
168	pl__wien-kaerntnerstrasse	KÃ¤rntnerstrasse (I.Bezirk) | Kernerstrass	street	3	0	3	3238.xml, 00968-eintrag_vom_1448-07-10.xml, 01431-eintrag_vom_1448-07-08.xml	[datetime.date(1448, 2, 9), '1448'], ['1448-07-10'], ['1448-07-08']
169	pl__wien-immo_weinhaus_an_der_oberhohenbart_1	fÃ¼nf Vierteil Weingarten der Kastnermesse |  	immo	1	1	0	3265.xml	[datetime.date(1448, 8, 6), '1448']
170	pl__wien-immo_gottesacker_vor_kaertnertor_1	Heinrich Wurm, der pekch, Haus |  	immo	2	2	0	00627-eintrag_vom_1448-12-20.xml, 00627-eintrag_vom_1448-12-20.xml	['1448-12-20'], ['1448-12-20']
171	pl__wien-immo_kienmarkt_8	Georg Schuchler Haus |  	immo	1	0	1	01150-eintrag_vom_1448-03-04.xml	['1448-03-04']
172	pl__wien-immo_roterturm_2	  | weilent des Snitzer haus	immo	3	1	2	01686-eintrag_vom_1448-04-22.xml, 01686-eintrag_vom_1448-04-22.xml, 01686-eintrag_vom_1448-04-22.xml	['1448-04-22'], ['1448-04-22'], ['1448-04-22']
173	pl__wien-schulstrasse_vordere	Schulstrass (I. Bezirk) |  	street	1	0	1	00610-eintrag_vom_1448-05-29.xml	['1448-05-29']
174	pl__wien-immo_st_maria_im_rathaus_1	ehm. Hausteil Ulrich WÃ¼rfel |  	immo	1	1	0	3270.xml	[datetime.date(1448, 8, 19), '1448']
175	pl__wien-fleischbaenke	FleischbÃ¤nke | bei den FleischbÃ¤nken	street	1	0	1	00230-eintrag_vom_1448-11-20.xml	['1448-11-20']
176	pl__wien-kienmarkt	Kienmarkt (I.Bezirk) | nan	street	4	0	4	00615-eintrag_vom_1448-06-26.xml, 01148-eintrag_vom_1448-05-17.xml, 01150-eintrag_vom_1448-03-04.xml, 01239-eintrag_vom_1448-03-13.xml	['1448-06-26'], ['1448-05-17'], ['1448-03-04'], ['1448-03-13']
177	pl__wien-immo_pippingerstrasse_2	Georg von Ror, der fleischacker, Haus |  	immo	2	1	1	00616-eintrag_vom_1448-07-19.xml, 00616-eintrag_vom_1448-07-19.xml	['1448-07-19'], ['1448-07-19']
178	pl__grinzing-immo_peunten_2	Weingarten der Minoriten |  	immo	2	1	1	3246.xml, 3246.xml	[datetime.date(1448, 3, 27), '1448'], [datetime.date(1448, 3, 27), '1448']
179	pl__wien-immo_weidenstrasse_3	Michael und Katharina Haffner Haus |  	immo	1	1	0	01242-eintrag_vom_1448-11-15.xml	['1448-11-15']
180	pl__nuernberg	NÃ¼rnberg |  	settlement	2	1	1	00055-eintrag_vom_1448-06-21.xml, 00055-eintrag_vom_1448-06-21.xml	['1448-06-21'], ['1448-06-21']
181	pl__wien-st_michael	St. Michael - Pfarrkirche (I. Bezirk) |  	street	1	0	1	3259.xml	[datetime.date(1448, 6, 28), '1448']
182	pl__wien-immo_st_johannsstrasse_2	Johann und Agnes Teuffenpekch Haus |  	immo	1	1	0	00611-eintrag_vom_1448-06-21.xml	['1448-06-21']
183	pl__wien-immo_setzen_niedere_vor_stubentor_7	  | Veit Frechinger Achtteil Weingarten	immo	2	1	1	3240.xml, 3240.xml	[datetime.date(1448, 2, 14), '1448'], [datetime.date(1448, 2, 14), '1448']
184	pl__wien-immo_teinfaltstrasse_2	Johann HÃ¶phl Haus |  	immo	2	1	1	00623-eintrag_vom_1448-12-13.xml, 00623-eintrag_vom_1448-12-13.xml	['1448-12-13'], ['1448-12-13']
185	pl__wien-peurertor	Peurertor (I. Bezirk) | Peilertor	street	1	0	1	00613-eintrag_vom_1448-07-17.xml	['1448-07-17']
186	pl__wien-neulukchen_vor_widmertor	Neulukchen vor Widmertor |  	street	1	0	1	3248.xml	[datetime.date(1448, 4, 30), '1448']
187	pl__wien-baeckerstrasse_vordere	Vordere BÃ¤ckerstrasse (I. Bezirk) |  	street	1	0	1	01693-eintrag_vom_1448-12-13.xml	['1448-12-13']
188	pl__wien-immo_kumphlukche_vor_kernertor_1	Konrad und Margarethe von Tyrna Haus |  	immo	1	1	0	00228-eintrag_vom_1448-04-22.xml	['1448-04-22']
189	pl__wien-immo_kumpfgasse_1	Christian Widhacker Haus | des Widhakcher haus	immo	2	1	1	01241-eintrag_vom_1448-06-21.xml, 01241-eintrag_vom_1448-06-21.xml	['1448-06-21'], ['1448-06-21']
190	pl__wien-immo_walichstrasse_1	Lorenz Krakauer Haus |  	immo	1	1	0	01147-eintrag_vom_1448-04-29.xml	['1448-04-29']
191	pl__wien-goldschmiedgasse	Goldschmiedgasse, bei S. Stephan |  	street	2	0	2	01431-eintrag_vom_1448-07-08.xml, 01432-eintrag_vom_1448-07-10.xml	['1448-07-08'], ['1448-07-10']
192	pl__wien-rennweg	Rennweg vor Stubentor (III. Bezirk) |  	street	1	0	1	3237.xml	[datetime.date(1448, 1, 20), '1448']
193	pl__wien-alserstrasse_vor_schottentor	Alserstrasse (VIII., IX., XVII. Bezirk) |  	street	4	0	4	00604-eintrag_vom_1448-02-24.xml, 00604-eintrag_vom_1448-02-24.xml, 00607-eintrag_vom_1448-03-13.xml, 01430-eintrag_vom_1448-03-04.xml	['1448-02-24'], ['1448-02-24'], ['1448-03-13'], ['1448-03-04']
194	pl__wien-immo_setzen_niedere_vor_stubentor_6	  | des Hinlaufs weingarten	immo	2	1	1	3240.xml, 3240.xml	[datetime.date(1448, 2, 14), '1448'], [datetime.date(1448, 2, 14), '1448']
195	pl__wien-immo_scheffstrasse_2	Wolfgang von Asparn Haus |  	immo	2	1	1	00231-eintrag_vom_1448-09-20.xml, 00231-eintrag_vom_1448-09-20.xml	['1448-09-20'], ['1448-09-20']
196	pl__wien-immo_alter_fleischmarkt_5	  | der studenten von Bresslaw haus	immo	2	1	1	00609-eintrag_vom_1448-05-06.xml, 00609-eintrag_vom_1448-05-06.xml	['1448-05-06'], ['1448-05-06']
197	pl__wien-immo_moering_unter_den_schlossern_am_graben_2	  | Niclasen LÃ©gler haus	immo	2	1	1	00406-eintrag_vom_1448-05-31.xml, 00406-eintrag_vom_1448-05-31.xml	['1448-05-31'], ['1448-05-31']
198	pl__wien-st_stephan-freithof	Freithof (S. Stephan) |  	street	2	0	2	01431-eintrag_vom_1448-07-08.xml, 01432-eintrag_vom_1448-07-10.xml	['1448-07-08'], ['1448-07-10']
199	pl__wien-immo_kienmarkt_1	Michael Viregk Haus |  	immo	1	1	0	01239-eintrag_vom_1448-03-13.xml	['1448-03-13']
200	pl__wien-immo_wiltwerkerstrasse_3	Anna Leinburger Haus |  	immo	2	2	0	00056-eintrag_vom_1448-08-09.xml, 00056-eintrag_vom_1448-08-09.xml	['1448-08-09'], ['1448-08-09']
201	pl__wien-widmertor	Widmertor |  	street	2	0	2	00351-eintrag_vom_1448-11-29.xml, 00605-eintrag_vom_1448-03-04.xml	['1448-11-29'], ['1448-03-04']
202	pl__wien-immo_haarmarkt_4	Weilent Ulrich von Steir Haus |  	immo	4	2	2	3278.xml, 3278.xml, 00625-eintrag_vom_1448-12-11.xml, 00625-eintrag_vom_1448-12-11.xml	[datetime.date(1448, 11, 8), '1448'], [datetime.date(1448, 11, 8), '1448'], ['1448-12-11'], ['1448-12-11']
203	pl__wien-immo_st_michael_3	Jakob Gsmechl, der kursner, Haus |  	immo	3	1	2	3259.xml, 3259.xml, 3259.xml	[datetime.date(1448, 6, 28), '1448'], [datetime.date(1448, 6, 28), '1448'], [datetime.date(1448, 6, 28), '1448']
204	pl__wien-immo_graben_1	Kaspar Hermann Haus |  	immo	2	2	0	00229-eintrag_vom_1448-05-27.xml, 00229-eintrag_vom_1448-05-27.xml	['1448-05-27'], ['1448-05-27']
205	pl__wien-immo_st_johannsstrasse_1	  | des GrÃ¼npekchen haus	immo	2	1	1	00611-eintrag_vom_1448-06-21.xml, 00611-eintrag_vom_1448-06-21.xml	['1448-06-21'], ['1448-06-21']
206	pl__wien-immo_laimgrub_vor_widmertor_2	Georg Salczer Haus |  	immo	1	0	1	00605-eintrag_vom_1448-03-04.xml	['1448-03-04']
207	pl__wien-gruennkcherhof	  | GrÃ¼nnkcher hof	street	2	1	1	01686-eintrag_vom_1448-04-22.xml, 01686-eintrag_vom_1448-04-22.xml	['1448-04-22'], ['1448-04-22']
208	pl__wien-immo_weihenburg_4	Ulrich Feldsberger Haus |  	immo	2	1	1	00350-eintrag_vom_1448-04-10.xml, 00350-eintrag_vom_1448-04-10.xml	['1448-04-10'], ['1448-04-10']
209	pl__wien-immo_haarmarkt_6	  | Badstube genant die Perlabin	immo	1	0	1	00299-eintrag_vom_1448-07-08.xml	['1448-07-08']
210	pl__wien-immo_hoher_markt_8	  | dem Schrein haus	immo	2	1	1	01240-eintrag_vom_1448-03-15.xml, 01240-eintrag_vom_1448-03-15.xml	['1448-03-15'], ['1448-03-15']
211	pl__wien-weihenburg	Weihenburg | in der Weihenpurkch	street	3	0	3	00227-eintrag_vom_1448-03-06.xml, 00350-eintrag_vom_1448-04-10.xml, 01099-eintrag_vom_1448-02-20.xml	['1448-03-06'], ['1448-04-10'], ['1448-02-20']
212	pl__wien-immo_huehnergesslein_1	Johann von Eibesthal Haus; ehm. Konrad Klingenpoden, des pinter, Haus |  	immo	2	2	0	00054-eintrag_vom_1448-06-10.xml, 00054-eintrag_vom_1448-06-10.xml	['1448-06-10'], ['1448-06-10']
213	pl__wien-immo_strauchgasse_2	Heinrich Maler Haus |  	immo	4	2	2	00624-eintrag_vom_1448-09-23.xml, 00624-eintrag_vom_1448-09-23.xml, 00626-eintrag_vom_1448-12-20.xml, 00626-eintrag_vom_1448-12-20.xml	['1448-09-23'], ['1448-09-23'], ['1448-12-20'], ['1448-12-20']
214	pl__wien-immo_walichstrasse_3	Lorenz Swarcz Haus |  	immo	2	2	0	00626-eintrag_vom_1448-12-20.xml, 01149-eintrag_vom_1448-09-02.xml	['1448-12-20'], ['1448-09-02']
215	pl__wien-immo_riemerstrasse_5	Michael Praunsperger, der riemer, Haus |  	immo	2	2	0	3274.xml, 3274.xml	[datetime.date(1448, 9, 13), '1448'], [datetime.date(1448, 9, 13), '1448']
216	pl__wien-immo_riemerstrasse_3	Johann Winter, der kramer, Haus; ehm. Christian, des maurer, Haus |  	immo	4	2	2	3274.xml, 3274.xml, 01243-eintrag_vom_1448-09-13.xml, 01243-eintrag_vom_1448-09-13.xml	[datetime.date(1448, 9, 13), '1448'], [datetime.date(1448, 9, 13), '1448'], ['1448-09-13'], ['1448-09-13']
217	pl__wien-immo_judengasse_am_neuen_platz_3	  | Erhart von Prag des peutler haus	immo	2	1	1	00156-eintrag_vom_1448-12-13.xml, 00156-eintrag_vom_1448-12-13.xml	['1448-12-13'], ['1448-12-13']
218	pl__wien-immo_alserstrasse_vor_schottentor_5	  | des Rauscher haus	immo	2	1	1	00607-eintrag_vom_1448-03-13.xml, 00607-eintrag_vom_1448-03-13.xml	['1448-03-13'], ['1448-03-13']
219	pl__wien-kumphlukche_vor_kernertor	Kumphlukche vor Kernertor | in der Kumphlukchen	street	2	0	2	00228-eintrag_vom_1448-04-22.xml, 00228-eintrag_vom_1448-04-22.xml	['1448-04-22'], ['1448-04-22']
220	pl__wien-scheffstrasse	Scheffstrasse (III.Bezirk) |  	street	1	0	1	00231-eintrag_vom_1448-09-20.xml	['1448-09-20']
221	pl__wien-immo_steig_bei_den_predigern_2	Peter von Asparn Haus |  	immo	2	1	1	00970-eintrag_vom_1448-11-20.xml, 00970-eintrag_vom_1448-11-20.xml	['1448-11-20'], ['1448-11-20']
222	pl__wien-immo_st_michael_2	Von Wallsee Haus |  	immo	2	1	1	3259.xml, 3259.xml	[datetime.date(1448, 6, 28), '1448'], [datetime.date(1448, 6, 28), '1448']
223	pl__wien-immo_unter_den_pfeilschnitzern_1	Johann Varhofer Haus |  	immo	2	2	0	3279.xml, 3279.xml	[datetime.date(1448, 11, 11), '1448'], [datetime.date(1448, 11, 11), '1448']
224	pl__wien-hoher_markt_wentkremen	Unter den Wentkremen, an dem hohenmarkt |  	street	1	0	1	01100-eintrag_vom_1448-04-29.xml	['1448-04-29']
225	pl__wien-immo_alter_fleischmarkt_4	  | der stat newem kassten	immo	2	1	1	00609-eintrag_vom_1448-05-06.xml, 00609-eintrag_vom_1448-05-06.xml	['1448-05-06'], ['1448-05-06']
226	pl__wien-kaerntnertor	KÃ¤rntnerthor | Kernertor	street	5	0	5	3282.xml, 00620-eintrag_vom_1448-11-20.xml, 00627-eintrag_vom_1448-12-20.xml, 01242-eintrag_vom_1448-11-15.xml, 01840-eintrag_vom_1448-04-19.xml	[datetime.date(1448, 11, 29), '1448'], ['1448-11-20'], ['1448-12-20'], ['1448-11-15'], ['1448-04-19']
227	pl__wien-immo_haarmarkt_3	Georg von Nikolsburg Haus |  	immo	5	3	2	3278.xml, 3278.xml, 00621-eintrag_vom_1448-11-27.xml, 00625-eintrag_vom_1448-12-11.xml, 00625-eintrag_vom_1448-12-11.xml	[datetime.date(1448, 11, 8), '1448'], [datetime.date(1448, 11, 8), '1448'], ['1448-11-27'], ['1448-12-11'], ['1448-12-11']
228	pl__wien-immo_schenkenstrasse_1	Niklas und Katharina Vaschang Haus; ehm. Elisabeth Vischerin, Witwe Konrads Vischer von Lebarn Haus |  	immo	4	3	1	01418-eintrag_vom_1448-09-06.xml, 01433-eintrag_vom_1448-07-29.xml, 01841-eintrag_vom_1448-08-13.xml, 01841-eintrag_vom_1448-08-13.xml	['1448-09-06'], ['1448-07-29'], ['1448-08-13'], ['1448-08-13']
229	pl__wien-immo_st_johannsstrasse_6	Gilg Kunter Haus |  	immo	2	1	1	01429-eintrag_vom_1448-02-20.xml, 01429-eintrag_vom_1448-02-20.xml	['1448-02-20'], ['1448-02-20']
230	pl__wien-immo_riemerstrasse_4	Meinhard Riemer Haus |  	immo	7	4	3	3274.xml, 3274.xml, 01241-eintrag_vom_1448-06-21.xml, 01241-eintrag_vom_1448-06-21.xml, 01243-eintrag_vom_1448-09-13.xml, 01243-eintrag_vom_1448-09-13.xml, 01243-eintrag_vom_1448-09-13.xml	[datetime.date(1448, 9, 13), '1448'], [datetime.date(1448, 9, 13), '1448'], ['1448-06-21'], ['1448-06-21'], ['1448-09-13'], ['1448-09-13'], ['1448-09-13']
231	pl__wien-immo_weidenstrasse_1	Elisabth Hubner (vormals Linczer) Haus |  	immo	1	1	0	00351-eintrag_vom_1448-11-29.xml	['1448-11-29']
232	pl__wien-immo_kienmarkt_5	Leonhard Kriech Haus |  	immo	1	1	0	01148-eintrag_vom_1448-05-17.xml	['1448-05-17']
233	pl__wien-immo_alter_fleischmarkt_3	Stephan Hittendorfer, des peler, Haus |  	immo	3	1	2	01926-eintrag_vom_1448-12-20.xml, 01926-eintrag_vom_1448-12-20.xml, 01926-eintrag_vom_1448-12-20.xml	['1448-12-20'], ['1448-12-20'], ['1448-12-20']
234	pl__strasburg	Strasburg |  	settlement	1	0	1	3248.xml	[datetime.date(1448, 4, 30), '1448']
235	pl__sievering-immo_schenkchenperg_2	Theobald Macher Weingarten |  	immo	4	2	2	3250.xml, 3250.xml, 3260.xml, 3260.xml	[datetime.date(1448, 5, 3), '1448'], [datetime.date(1448, 5, 3), '1448'], [datetime.date(1448, 7, 6), '1448'], [datetime.date(1448, 7, 6), '1448']
236	pl__wien-immo_schaufllucken_3	  | des Perner haus	immo	2	1	1	3261.xml, 3261.xml	[datetime.date(1448, 7, 8), '1448'], [datetime.date(1448, 7, 8), '1448']
237	pl__wien-immo_salzgries_1	Johann WÃ¼rer Haus |  	immo	3	3	0	00606-eintrag_vom_1448-04-03.xml, 00606-eintrag_vom_1448-04-03.xml, 00614-eintrag_vom_1448-07-29.xml	['1448-04-03'], ['1448-04-03'], ['1448-07-29']
238	pl__wien-immo_st_maria_im_rathaus_2	ehm. Hausteil Ulrich WÃ¼rfel |  	immo	1	1	0	3270.xml	[datetime.date(1448, 8, 19), '1448']
239	pl__wien-immo_kohlmarkt_2	Johann Schuchl des goldschmieds Haus |  	immo	3	2	1	00608-eintrag_vom_1448-04-29.xml, 00608-eintrag_vom_1448-04-29.xml, 00617-eintrag_vom_1448-08-26.xml	['1448-04-29'], ['1448-04-29'], ['1448-08-26']
240	pl__wien-immo_hoher_markt_6	  | Kathrey, Wentzlaben Grat des schuster hausfrau, halbs haus	immo	1	1	0	01100-eintrag_vom_1448-04-29.xml	['1448-04-29']
241	pl__wien-immo_schottentor_1	Johann Spannberger Haus |  	immo	1	1	0	3245.xml	[datetime.date(1448, 3, 14), '1448']
242	pl__meidling	Meidling | Meuerling	settlement	2	1	1	3258.xml, 3258.xml	[datetime.date(1448, 6, 26), '1448'], [datetime.date(1448, 6, 26), '1448']
243	pl__wien-immo_schaufllucken_1	Paul Schernheimer Haus |  	immo	2	2	0	3261.xml, 3261.xml	[datetime.date(1448, 7, 8), '1448'], [datetime.date(1448, 7, 8), '1448']
244	pl__wien-immo_setzen_niedere_vor_stubentor_8	  | Albrecht Amberger Achtteil Weingarten	immo	1	1	0	3240.xml	[datetime.date(1448, 2, 14), '1448']
245	pl__wien-immo_kaerntnerstrasse_3	Heinrich Stoll Haus |  	immo	2	1	1	00968-eintrag_vom_1448-07-10.xml, 00968-eintrag_vom_1448-07-10.xml	['1448-07-10'], ['1448-07-10']
246	pl__wien-immo_st_pankraz_1	Ulrich Hesler Haus |  	immo	2	2	0	01842-eintrag_vom_1448-11-27.xml, 01842-eintrag_vom_1448-11-27.xml	['1448-11-27'], ['1448-11-27']
247	pl__wien-tiefer_graben	Tiefer Graben (I.Bezirk) | Teuffergraben	street	2	0	2	3264.xml, 00300-eintrag_vom_1448-08-05.xml	[datetime.date(1448, 8, 5), '1448'], ['1448-08-05']
248	pl__wien-siebenherbergen_vor_kaertnertor	  | bei den Sibenherbergen vor Kernertor zenagst der Prugken	street	1	0	1	00966-eintrag_vom_1448-06-07.xml	['1448-06-07']
249	pl__wien-immo_kumphlukche_vor_kernertor_2	  | Hainreichs Krumbnawer haus	immo	2	1	1	00228-eintrag_vom_1448-04-22.xml, 00228-eintrag_vom_1448-04-22.xml	['1448-04-22'], ['1448-04-22']
250	pl__wien-immo_st_johannsstrasse_3	  | Jakob Kreuss halbs haus, das ettwan ain ramhof gewesen ist	immo	1	1	0	00967-eintrag_vom_1448-06-19.xml	['1448-06-19']
251	pl__wien-krafthof	Krafthof |  	street	1	0	1	01434-eintrag_vom_1448-06-14.xml	['1448-06-14']
252	pl__wien-immo_schenkenstrasse_4	Burkhard Kienberger Haus |  	immo	2	1	1	01841-eintrag_vom_1448-08-13.xml, 01841-eintrag_vom_1448-08-13.xml	['1448-08-13'], ['1448-08-13']
253	pl__wien-immo_scheffstrasse_1	Johann und Klara Tinpeck Haus |  	immo	1	1	0	00231-eintrag_vom_1448-09-20.xml	['1448-09-20']
254	pl__wien-roterturm	Roterturm |  	street	2	0	2	01686-eintrag_vom_1448-04-22.xml, 01767-eintrag_vom_1448-06-23.xml	['1448-04-22'], ['1448-06-23']
255	pl__wien-immo_kaerntnertor_1	Johann Kieler Haus |  	immo	1	1	0	00620-eintrag_vom_1448-11-20.xml	['1448-11-20']
256	pl__wien-anger	Auf dem Anger (I. Bezirk) |  	street	1	0	1	00971-eintrag_vom_1448-12-16.xml	['1448-12-16']
257	pl__wien-lange_gasse	Lange Gasse oberhalb des Heiligengeistes |  	street	1	0	1	3246.xml	[datetime.date(1448, 3, 27), '1448']
258	pl__wien-immo_kaerntnertor_2	Ulrich Floederl, der schlosser, Haus |  	immo	2	1	1	00620-eintrag_vom_1448-11-20.xml, 00620-eintrag_vom_1448-11-20.xml	['1448-11-20'], ['1448-11-20']
259	pl__sievering-immo_schenkchenperg_1	Agnes und Michael Scheller Joch Weingarten; FÃ¼chselmesse Weingarten |  	immo	4	4	0	3250.xml, 3250.xml, 3260.xml, 3260.xml	[datetime.date(1448, 5, 3), '1448'], [datetime.date(1448, 5, 3), '1448'], [datetime.date(1448, 7, 6), '1448'], [datetime.date(1448, 7, 6), '1448']
260	pl__wien-immo_kienmarkt_7	Fridreichen von Minden, der kursner, Haus |  	immo	2	2	0	01150-eintrag_vom_1448-03-04.xml, 01150-eintrag_vom_1448-03-04.xml	['1448-03-04'], ['1448-03-04']
261	pl__wien-immo_setzen_niedere_vor_stubentor_2	  | Stephan und Dorothea Rayer (Reicher) Vierteil Weingarten	immo	3	1	2	3240.xml, 3240.xml, 3240.xml	[datetime.date(1448, 2, 14), '1448'], [datetime.date(1448, 2, 14), '1448'], [datetime.date(1448, 2, 14), '1448']
262	pl__st_veit	St. Veit |  	settlement	2	0	2	3257.xml, 3260.xml	[datetime.date(1448, 6, 26), '1448'], [datetime.date(1448, 7, 6), '1448']
263	pl__wien-immo_kaerntnertor_3	Johann von Eibesthal Haus; ehm. Konrad Klingenpoden, des pinter, Haus |  	immo	2	2	0	3282.xml, 3282.xml	[datetime.date(1448, 11, 29), '1448'], [datetime.date(1448, 11, 29), '1448']
264	pl__wien-neuer_markt	Neuermarkt (I.Bezirk) |  	street	1	0	1	00226-eintrag_vom_1448-02-23.xml	['1448-02-23']
265	pl__wien-walichstrasse	Wallnerstrasse (I. Bezirk); Walichstrass |  	street	3	0	3	00626-eintrag_vom_1448-12-20.xml, 01147-eintrag_vom_1448-04-29.xml, 01149-eintrag_vom_1448-09-02.xml	['1448-12-20'], ['1448-04-29'], ['1448-09-02']
266	pl__grinzing-immo_peunten_1	Zwei Joch Weingarten |  	immo	7	7	0	3246.xml, 3246.xml, 3246.xml, 3246.xml, 3246.xml, 3246.xml, 3246.xml	[datetime.date(1448, 3, 27), '1448'], [datetime.date(1448, 3, 27), '1448'], [datetime.date(1448, 3, 27), '1448'], [datetime.date(1448, 3, 27), '1448'], [datetime.date(1448, 3, 27), '1448'], [datetime.date(1448, 3, 27), '1448'], [datetime.date(1448, 3, 27), '1448']
267	pl__wien-immo_pippingerstrasse_1	Johann und Agnes Hinlauf Haus |  	immo	1	1	0	00616-eintrag_vom_1448-07-19.xml	['1448-07-19']
268	pl__wien-immo_alter_fleischmarkt_2	  | Wolfgang Holczer Haus und zuhaus	immo	2	1	1	01926-eintrag_vom_1448-12-20.xml, 01926-eintrag_vom_1448-12-20.xml	['1448-12-20'], ['1448-12-20']
269	pl__wien-immo_hoher_markt_4	Johann Waitzen, des kursner, Haus |  	immo	4	2	2	3263.xml, 3263.xml, 00612-eintrag_vom_1448-07-10.xml, 00612-eintrag_vom_1448-07-10.xml	[datetime.date(1448, 7, 10), '1448'], [datetime.date(1448, 7, 10), '1448'], ['1448-07-10'], ['1448-07-10']
270	pl__wien-kohlmarkt	Kohlmarkt (I.Bezirk) | alter Kohlmarkt	street	6	0	6	00608-eintrag_vom_1448-04-29.xml, 00613-eintrag_vom_1448-07-17.xml, 00617-eintrag_vom_1448-08-26.xml, 00618-eintrag_vom_1448-09-02.xml, 00619-eintrag_vom_1448-09-04.xml, 01693a-eintrag_vom_1448.xml	['1448-04-29'], ['1448-07-17'], ['1448-08-26'], ['1448-09-02'], ['1448-09-04'], ['1448']
271	pl__wien-immo_kienmarkt_2	Lorenz Swancz Haus |  	immo	2	1	1	01239-eintrag_vom_1448-03-13.xml, 01239-eintrag_vom_1448-03-13.xml	['1448-03-13'], ['1448-03-13']
272	pl__wien-immo_schenkenstrasse_2	Ulrich Peck Haus |  	immo	4	2	2	01418-eintrag_vom_1448-09-06.xml, 01418-eintrag_vom_1448-09-06.xml, 01433-eintrag_vom_1448-07-29.xml, 01433-eintrag_vom_1448-07-29.xml	['1448-09-06'], ['1448-09-06'], ['1448-07-29'], ['1448-07-29']
273	pl__wien-immo_schulstrasse_vordere_2	Peter Engelhartsstetter Haus |  	immo	2	1	1	00610-eintrag_vom_1448-05-29.xml, 00610-eintrag_vom_1448-05-29.xml	['1448-05-29'], ['1448-05-29']
274	pl__wien-immo_huehnergesslein_2	Johann von Eibesthal Haus; ehm. Konrad Klingenpoden, des pinter, Haus |  	immo	2	1	1	00054-eintrag_vom_1448-06-10.xml, 00054-eintrag_vom_1448-06-10.xml	['1448-06-10'], ['1448-06-10']
275	pl__immo_neuermarkt_1	Thomas Kunter Haus |  	immo	1	1	0	00226-eintrag_vom_1448-02-23.xml	['1448-02-23']
276	pl__wien-geraeut_vor_stubentor	Im GerÃ¤ut, vor Stubentor |  	street	2	0	2	3245.xml, 00618-eintrag_vom_1448-09-02.xml	[datetime.date(1448, 3, 14), '1448'], ['1448-09-02']
277	pl__wien-steig_bei_den_predigern	Auf dem Steig, bei den Predigern | auf dem Steig	street	3	0	3	3262.xml, 00970-eintrag_vom_1448-11-20.xml, 00971-eintrag_vom_1448-12-16.xml	[datetime.date(1448, 7, 8), '1448'], ['1448-11-20'], ['1448-12-16']
278	pl__wien-immo_peurertor_1	Ulrich Pernauer des gurtler Haus |  	immo	1	1	0	00613-eintrag_vom_1448-07-17.xml	['1448-07-17']
279	pl__meidling-immo_1	Michael FÃ¼chsels Weingarten in der Laincz |  	immo	4	4	0	3258.xml, 3258.xml, 3260.xml, 3260.xml	[datetime.date(1448, 6, 26), '1448'], [datetime.date(1448, 6, 26), '1448'], [datetime.date(1448, 7, 6), '1448'], [datetime.date(1448, 7, 6), '1448']
280	pl__wien-immo_anger_1	  | Jorg und Jacob, gepruder die MÃ¼nich, Haus	immo	3	3	0	00971-eintrag_vom_1448-12-16.xml, 00971-eintrag_vom_1448-12-16.xml, 00971-eintrag_vom_1448-12-16.xml	['1448-12-16'], ['1448-12-16'], ['1448-12-16']
281	pl__wien-immo_setzen_niedere_vor_stubentor_3	  | Konrad und Dorothea KnÃ¶bel Achtteil Weingarten	immo	2	1	1	3240.xml, 3240.xml	[datetime.date(1448, 2, 14), '1448'], [datetime.date(1448, 2, 14), '1448']
282	pl__wien-immo_wiltwerkerstrasse_4	  | Ãttinger zuhaws	immo	2	1	1	00056-eintrag_vom_1448-08-09.xml, 00056-eintrag_vom_1448-08-09.xml	['1448-08-09'], ['1448-08-09']
283	pl__wien-unter_den_pfeilschnitzern	Unter den Pfeilschnitzern |  	street	1	0	1	3279.xml	[datetime.date(1448, 11, 11), '1448']
