	ID	name	sex	number	xml	year
0	pe__klara_SB_CD_00228	Klara Strasburgerin Pittrolfin	f	1	00228-eintrag_vom_1448-04-22.xml	1448-04-22
1	pe__heinrich_stoll_SB_CD_00968	Heinrich Stoll der pekch	m	1	00968-eintrag_vom_1448-07-10.xml	1448-07-10
2	pe__konrad_reicher_SB_CD_01840	Konrad Reicher Rayer	m	1	01840-eintrag_vom_1448-04-19.xml	1448-04-19
3	pe__albrecht_amberger_QGW_II_II_3240	Albrecht Amberger	m	1	3240.xml	1448-02-14
4	pe__georg_am_kienmarkt_QGW_II_II_3245	Georg am Kienmarkt am Kienmarkt	m	2	3245.xml, 00607-eintrag_vom_1448-03-13.xml	1448-03-14, 1448-03-13
5	pe__stephan_holfues_SB_CD_01686	Stephan Holfues	m	1	01686-eintrag_vom_1448-04-22.xml	1448-04-22
6	pe__johann_kieler_SB_CD_00620	Johann Kieler Chieler	m	2	00620-eintrag_vom_1448-11-20.xml, 01693a-eintrag_vom_1448.xml	1448-11-20, 1448-01-01
7	pe__johann_peinhekchel_QGW_II_II_3111	Johann Peinhekchl der Brunner	m	1	01147-eintrag_vom_1448-04-29.xml	1448-04-29
8	pe__agnes_QGW_II_II_3250_a	Agnes Schellerin	f	2	3250.xml, 3260.xml	1448-05-03, 1448-07-06
9	pe__heinrich_smidpekch_SB_CD_00627	Heinrich Smidpekch	m	1	00627-eintrag_vom_1448-12-20.xml	1448-12-20
10	pe__johann_fries_SB_CD_01434	Johann Henslein Fries 	m	1	01434-eintrag_vom_1448-06-14.xml	1448-06-14
11	pe__georg_muenich_QGW_II_II_3410	Georg Münich	m	1	00971-eintrag_vom_1448-12-16.xml	1448-12-16
12	pe__ulrich_schrot_QGW_II_II_3242	Ulrich Schrot 	m	1	3242.xml	1448-02-22
13	pe__ulrich_fochter_QGW_II_II_3228	Ulrich Fochter	m	1	00617-eintrag_vom_1448-08-26.xml	1448-08-26
14	pe__barbara_SB_CD_01149	Barbara Scharfin	f	1	01149-eintrag_vom_1448-09-02.xml	1448-09-02
15	pe__matthias_kuntschikch_SB_CD_01100	Matthias Kuntschikch der Schuster	m	1	01100-eintrag_vom_1448-04-29.xml	1448-04-29
16	pe__dorothea_QGW_II_II_3240_b	Dorothea Reicherin	f	1	3240.xml	1448-02-14
17	pe__niklas_plumentrit_QGW_II_II_3259	Niklas Plumentrit der Schuster 	m	2	3259.xml, 3269.xml	1448-06-28, 1448-08-16
18	pe__johann_frey_SB_CD_00623	Johann Frey der parhander	m	1	00623-eintrag_vom_1448-12-13.xml	1448-12-13
19	pe__jakob_weidenholczer_QGW_II_II_3262	Jakob Weidenholczer 	m	3	3262.xml, 3262.xml, 00299-eintrag_vom_1448-07-08.xml	1448-07-08, 1448-07-08, 1448-07-08
20	pe__niklas_neugruener_SB_CD_00620	Niklas Neugrüner	m	1	00620-eintrag_vom_1448-11-20.xml	1448-11-20
21	pe__johann_nuernberger_SB_CD_01429	Johann Nürnberger	m	1	01429-eintrag_vom_1448-02-20.xml	1448-02-20
22	pe__margarethe_SB_CD_00627	Margarethe Smidpekchin	f	1	00627-eintrag_vom_1448-12-20.xml	1448-12-20
23	pe__johann_schuchl_SB_CD_00617	Johann Schuchl der Goldschmied	m	2	00608-eintrag_vom_1448-04-29.xml, 00617-eintrag_vom_1448-08-26.xml	1448-04-29, 1448-08-26
24	pe__michael_oberndorfer_QGW_II_II_3240	Michael Oberndorfer	m	1	3240.xml	1448-02-14
25	pe__elisabeth_SB_CD_00351	Elisabeth Linczerin Hubnerin	f	1	00351-eintrag_vom_1448-11-29.xml	1448-11-29
26	pe__simon_lempl_QGW_II_II_4131	Simon Lempl der pekch	m	1	00627-eintrag_vom_1448-12-20.xml	1448-12-20
27	pe__johann_grimm_QGW_II_II_3261	Johann Grimm Grym	m	1	3261.xml	1448-07-08
28	pe__georg_seefelder_QGW_II_II_3240	Georg Seefelder	m	1	3240.xml	1448-02-14
29	pe__andreas_hiltprant_QGW_II_II_2576	Andreas Hiltprant	m	1	00054-eintrag_vom_1448-06-10.xml	1448-06-10
30	pe__peter_obrecht_QGW_II_III_2464	Peter Obrecht der Zinngiesser	m	1	00968-eintrag_vom_1448-07-10.xml	1448-07-10
31	pe__simon_poetel_QGW_II_II_2412	Simon Pötel Pötlein	m	3	3259.xml, 3272.xml, 3282a.xml	1448-06-28, 1448-08-21, 1448-12-04
32	pe__barbara_QGW_II_II_3270	Barbara Hölczelin von Eisdorf	f	1	3270.xml	1448-08-19
33	pe__barbara_QGW_II_II_3261	Barbara Grimmin Grym 	f	1	3261.xml	1448-07-08
34	pe__stephan_hittendorffer_01926_SB_CD_01926	Stephan Hittendorffer der Peler	m	1	01926-eintrag_vom_1448-12-20.xml	1448-12-20
35	pe__barbara_SB_CD_00231	Barbara Berblein Tinpeckin	f	1	00231-eintrag_vom_1448-09-20.xml	1448-09-20
36	pe__johann_reisner_QGW_II_II_3240	Johann der Reisner	m	1	3240.xml	1448-02-14
37	pe__johann_wuerer_QGW_II_II_2993	Johann Würer 	m	2	00606-eintrag_vom_1448-04-03.xml, 00614-eintrag_vom_1448-07-29.xml	1448-04-03, 1448-07-29
38	pe__thomas_kunter_SB_CD_00226	Thomas Kunter	m	1	00226-eintrag_vom_1448-02-23.xml	1448-02-23
39	pe__johann_kamrer_QGW_II_II_3276	Johann Kamrer	m	1	3276.xml	1448-09-23
40	pe__paul_rukchl_SB_CD_00351	Paul Rukchl	m	1	00351-eintrag_vom_1448-11-29.xml	1448-11-29
41	pe__konrad_erweit_SB_CD_00057	Konrad Erweit der Kursner	m	2	00156-eintrag_vom_1448-12-13.xml, 00156-eintrag_vom_1448-12-13.xml	1448-12-13, 1448-12-13
42	pe__martin_wachsgiesser_QGW_II_I_1494	Martin der Wachsgiesser	m	1	01148-eintrag_vom_1448-05-17.xml	1448-05-17
43	pe__thomas_maricz_QGW_II_II_3264	Thomas Maricz 	m	1	3264.xml	1448-08-05
44	pe__theobald_macher_QGW_II_II_3250	Theobald Macher	m	1	3250.xml	1448-05-03
45	pe__kaspar_scharf_SB_CD_01149	Kaspar Scharf	m	1	01149-eintrag_vom_1448-09-02.xml	1448-09-02
46	pe__peter_engelhartsstetter_QGW_II_II_3111	Peter Engelhartsstetter	m	1	00610-eintrag_vom_1448-05-29.xml	1448-05-29
47	pe__georg_prunntaler_QGW_II_II_3240	Georg Prunntaler 	m	3	3240.xml, 3248.xml, 3265.xml	1448-02-14, 1448-04-30, 1448-08-06
48	pe__niklas_zinkk_SB_CD_00610	Niklas Zinkk 	m	1	00610-eintrag_vom_1448-05-29.xml	1448-05-29
49	pe__ulrich_volkchl_QGW_II_II_3245	Ulrich Volkchl 	m	1	3245.xml	1448-03-14
50	pe__albrecht_ladner_SB_CD_01242	Albrecht Ladner	m	1	01242-eintrag_vom_1448-11-15.xml	1448-11-15
51	pe__georg_schuchler_QGW_II_II_3272	Georg Schuchler Schüchler 	m	5	3259.xml, 3269.xml, 3272.xml, 00609-eintrag_vom_1448-05-06.xml, 01150-eintrag_vom_1448-03-04.xml	1448-06-28, 1448-08-16, 1448-08-21, 1448-05-06, 1448-03-04
52	pe__thomas_trager_QGW_II_II_3264	Thomas der trager 	m	2	3264.xml, 00300-eintrag_vom_1448-08-05.xml	1448-08-05, 1448-08-05
53	pe__agnes_QGW_II_II_3275	Agnes Gibingin Schellin 	f	1	3275.xml	1448-09-20
54	pe__niklas_ernst_SB_CD_01146	Niklas Ernst 	m	1	01146-eintrag_vom_1448-04-12.xml	1448-04-12
55	pe__niklas_ernst_schuster_QGW_II_II_3259	Niklas Ernst der Schuster 	m	2	3259.xml, 3269.xml	1448-06-28, 1448-08-16
56	pe__niklas_marchegger_QGW_II_II_3248	Niklas Marchegger	m	1	3248.xml	1448-04-30
57	pe__paul_von_st_veit_QGW_II_II_3266	Paul von St. Veit 	m	1	3266.xml	1448-08-08
58	pe__heinrich_schachen_SB_CD_00350	Heinrich Schachen Schachner	m	1	00350-eintrag_vom_1448-04-10.xml	1448-04-10
59	pe__lukas_hulber_QGW_II_II_2796	Lukas Hulber	m	1	00055-eintrag_vom_1448-06-21.xml	1448-06-21
60	pe__ulrich_floederl_QGW_II_II_3238	Ulrich Flöderl der Schlosser 	m	2	3238.xml, 00620-eintrag_vom_1448-11-20.xml	1448-02-09, 1448-11-20
61	pe__johann_gruntreich_QGW_II_II_3257	Johann Gruntreich	m	1	3257.xml	1448-06-26
62	pe__ulrich_kerner_QGW_II_II_3242	Ulrich Kerner 	m	5	3242.xml, 3246.xml, 3246.xml, 3280a.xml, 3282a.xml	1448-02-22, 1448-03-27, 1448-03-27, 1448-11-22, 1448-12-04
63	pe__heinrich_atzenbrugger_QGW_II_II_3266	Heinrich Atzenbrugger 	m	1	3266.xml	1448-08-08
64	pe__johann_kriech_QGW_II_II_3126	Johann Kriech	m	1	01148-eintrag_vom_1448-05-17.xml	1448-05-17
65	pe__stephan_goltpach_SB_CD_00349	Stephan Goltpach 	m	1	00349-eintrag_vom_1448-02-22.xml	1448-02-22
66	pe__ludmilia_SB_CD_1239	Ludmilia	f	1	01239-eintrag_vom_1448-03-13.xml	1448-03-13
67	pe__leonhard_stengel_QGW_II_II_3245	Leonhard Stengel der Lederer 	m	1	3245.xml	1448-03-14
68	pe__katharina_QGW_II_II_3280a	Katharina Edlerauerin Refnerin 	f	3	3280a.xml, 3282a.xml, 00227-eintrag_vom_1448-03-06.xml	1448-11-22, 1448-12-04, 1448-03-06
69	pe__eberhard_chastner_QGW_II_I_1328	Eberhard Chastner bei dem Peurertor	m	1	00608-eintrag_vom_1448-04-29.xml	1448-04-29
70	pe__leonhard_orthaber_QGW_II_II_3240	Leonhard Orthaber 	m	1	3240.xml	1448-02-14
71	pe__niklas_legler_SB_CD_00406	Niklas Legler Lègler	m	1	00406-eintrag_vom_1448-05-31.xml	1448-05-31
72	pe__johann_oppenweiler_QGW_II_II_2579	Johann Oppenweiler von Hailprunn 	m	1	00350-eintrag_vom_1448-04-10.xml	1448-04-10
73	pe__niklas_maurer_QGW_II_II_3240	Niklas der Mauerer	m	1	3240.xml	1448-02-14
74	pe__veit_ebmer_SB_CD_01430	Niklas Ebmer	m	1	01430-eintrag_vom_1448-03-04.xml	1448-03-04
75	pe__gilg_zimmermann_QGW_II_II_3264	Gilg der Zimmermann 	m	2	3264.xml, 00300-eintrag_vom_1448-08-05.xml	1448-08-05, 1448-08-05
76	pe__heinrich_chessler_SB_CD_00971	Heinrich Chessler	m	1	00971-eintrag_vom_1448-12-16.xml	1448-12-16
77	pe__anna_SB_CD_00227	Anna Schrofl	f	1	00227-eintrag_vom_1448-03-06.xml	1448-03-06
78	pe__gerhard_fronauer_QGW_II_I_1465	Gerhard Fronauer Franauer 	m	1	3251.xml	1448-05-24
79	pe__berthold_merman_SB_CD_00157	Berthold Merman der Kursner	m	1	00156-eintrag_vom_1448-12-13.xml	1448-12-13
80	pe__stephan_auer_SB_CD_00229	Stephan Auer	m	1	00229-eintrag_vom_1448-05-27.xml	1448-05-27
81	pe__johann_ungerland_SB_CD_00621	Johann Ungerland	m	1	00621-eintrag_vom_1448-11-27.xml	1448-11-27
82	pe__niklas_kiliber_SB_CD_00231	Niklas Kiliber	m	1	00231-eintrag_vom_1448-09-20.xml	1448-09-20
83	pe__kaspar_hermann_SB_CD_00229	Kaspar Hermann der apoteker 	m	1	00229-eintrag_vom_1448-05-27.xml	1448-05-27
84	pe__dorothea_QGW_II_II_3264	Dorothea Widmerin 	f	2	3264.xml, 00300-eintrag_vom_1448-08-05.xml	1448-08-05, 1448-08-05
85	pe__jakob_paugker_QGW_II_II_3240	Jakob Paugker gesessen in der Landstrass 	m	1	3240.xml	1448-02-14
86	pe__peter_hagker_QGW_II_II_3240	Peter Hagker 	m	1	3240.xml	1448-02-14
87	pe__dorothea_SB_CD_01241	Dorothea Tollerin	f	1	01241-eintrag_vom_1448-06-21.xml	1448-06-21
88	pe__klara_SB_CD_00231	Klara Tinpeckin prugkmaisterin	f	1	00231-eintrag_vom_1448-09-20.xml	1448-09-20
89	pe__hermann_hesel_QGW_II_II_3274	Hermann Hesel 	m	2	3274.xml, 01243-eintrag_vom_1448-09-13.xml	1448-09-13, 1448-09-13
90	pe__reimprecht_von_wallsee_QGW_II_I_1319	Reinprecht von Wallsee	m	2	3280a.xml, 3282a.xml	1448-11-22, 1448-12-04
91	pe__gilg_kunter_QGW_II_II_3676	Gilg Kunter	m	1	01429-eintrag_vom_1448-02-20.xml	1448-02-20
92	pe__dorothea_SB_CD_00610	Dorothea Ofnerin 	f	1	00610-eintrag_vom_1448-05-29.xml	1448-05-29
93	pe__georg_koler_QGW_II_II_3237	Georg Koler der Koler 	m	1	3237.xml	1448-01-20
94	pe__hermann_eibensteiner_zu_nussdorf_QGW_II_II_3246	Hermann Eibensteiner zu Nussdorf 	m	4	3246.xml, 3246.xml, 3246.xml, 3246.xml	1448-03-27, 1448-03-27, 1448-03-27, 1448-03-27
95	pe__liebhard_weiss_SB_CD_00606	Liebhard Weiss	m	2	00606-eintrag_vom_1448-04-03.xml, 00614-eintrag_vom_1448-07-29.xml	1448-04-03, 1448-07-29
96	pe__ulrich_menkchover_QGW_II_II_3240	Ulrich Menkchover 	m	2	3240.xml, 3250.xml	1448-02-14, 1448-05-03
97	pe__jakob_SB_CD_00231	Jakob Tinpeck	m	1	00231-eintrag_vom_1448-09-20.xml	1448-09-20
98	pe__stephan_imbrung_SB_CD_00054	Stephan Imbrung der Kramer	m	1	00054-eintrag_vom_1448-06-10.xml	1448-06-10
99	pe__johann_resch_SB_CD_00606	Johann Resch 	m	1	00606-eintrag_vom_1448-04-03.xml	1448-04-03
100	pe__ulrich_hirssauer_QGW_II_II_3239	Ulrich Hirssauer 	m	7	3239.xml, 3242.xml, 3246.xml, 3257.xml, 3258.xml, 3272.xml, 3282a.xml	1448-02-13, 1448-02-22, 1448-03-27, 1448-06-26, 1448-06-26, 1448-08-21, 1448-12-04
101	pe__lukas_neuburger_SB_CD_01926	Lukas Newnburger Neuburger	m	1	01926-eintrag_vom_1448-12-20.xml	1448-12-20
102	pe__johann_hubner_SB_CD_00351	Johann Hubner von Efferding der Letzelter	m	1	00351-eintrag_vom_1448-11-29.xml	1448-11-29
103	pe__jakob_wielant_QGW_II_II_3279	Jakob Wielant von der Kreppin 	m	1	3279.xml	1448-11-11
104	pe__christian_widhacker_SB_CD_00626	Christian Widhacker	m	1	00624-eintrag_vom_1448-09-23.xml	1448-09-23
105	pe__simon_von_eslarn_QGW_II_II_3263	Simon von Eslarn von Eslorn der Wachsgiesser	m	3	3263.xml, 3279.xml, 3282.xml	1448-07-10, 1448-11-11, 1448-11-29
106	pe__martin_litschauer_QGW_II_II_3240	Martin Litschauer von Erdburg	m	1	3240.xml	1448-02-14
107	pe__johann_weinperger_QGW_II_II_2373	Johann Weinperger	m	1	00605-eintrag_vom_1448-03-04.xml	1448-03-04
108	pe__thomas_hadmar_SB_CD_00616	Thomas Hadmar 	m	1	00616-eintrag_vom_1448-07-19.xml	1448-07-19
109	pe__johann_von_maires_QGW_II_II_3818	Johann von Maires	m	1	01146-eintrag_vom_1448-04-12.xml	1448-04-12
110	pe__ulrich_eitzinger_QGW_II_II_3270	Ulrich Eitzinger von Eitzing	m	1	3270.xml	1448-08-19
111	pe__wolfgang_QGW_II_II_3724	Wolfgang	m	1	00604-eintrag_vom_1448-02-24.xml	1448-02-24
112	pe__albrecht_liebhart_QGW_II_II_3262	Albrecht Liebhart der Schuster 	m	3	3262.xml, 3262.xml, 00299-eintrag_vom_1448-07-08.xml	1448-07-08, 1448-07-08, 1448-07-08
113	pe__johann_auer_SB_CD_00604	Johann Auer vor Schottentor	m	2	00604-eintrag_vom_1448-02-24.xml, 01430-eintrag_vom_1448-03-04.xml	1448-02-24, 1448-03-04
114	pe__niklas_wagner_QGW_II_II_3262	Niklas Wagner der Schuster 	m	2	3262.xml, 00299-eintrag_vom_1448-07-08.xml	1448-07-08, 1448-07-08
115	pe__jakob_leubman_SB_CD_01431	Jakob Leubman	m	1	01431-eintrag_vom_1448-07-08.xml	1448-07-08
116	pe__johann_payr_QGW_II_II_3263	Johann Payr Payer Bayer der Schuster 	m	2	3263.xml, 00612-eintrag_vom_1448-07-10.xml	1448-07-10, 1448-07-10
117	pe__johann_putzl_SB_CD_01150	Johann Putzl Püczel	m	1	01150-eintrag_vom_1448-03-04.xml	1448-03-04
118	pe__niklas_vorstl_QGW_II_II_3265	Niklas Vorstl der Wundarzt 	m	2	3265.xml, 00613-eintrag_vom_1448-07-17.xml	1448-08-06, 1448-07-17
119	pe__elisabeth_QGW_II_II_3259	Elisabeth Plumentritin Ernstin 	f	4	3259.xml, 3259.xml, 3269.xml, 3272.xml	1448-06-28, 1448-06-28, 1448-08-16, 1448-08-21
120	pe__wolfgang_SB_CD_00056	Wolfgang	m	1	00056-eintrag_vom_1448-08-09.xml	1448-08-09
121	pe__heinrich_staindlperger_QGW_II_II_3276	Heinrich Staindlperger der Bäcker	m	1	3276.xml	1448-09-23
122	pe__jakob_flachenauer_QGW_II_II_3240	Jakob Flachernauer	m	1	3240.xml	1448-02-14
123	pe__martin_reidegker_QGW_II_II_2413	Martin Reidegker Reidekker im Fischhof	m	1	01767-eintrag_vom_1448-06-23.xml	1448-06-23
124	pe__sigmund_obrecht_von_lengenfeld_QGW_II_II_3242	Sigmund Obrecht von Lengenfeld 	m	3	3242.xml, 3242.xml, 3246.xml	1448-02-22, 1448-02-22, 1448-03-27
125	pe__wolfgang_schell_QGW_II_II_3275	Wolfgang Schell 	m	1	3275.xml	1448-09-20
126	pe__heinrich_purkchartsperger_QGW_II_I_1560	Heinrich Purkchartsperger	m	1	00624-eintrag_vom_1448-09-23.xml	1448-09-23
127	pe__anna_QGW_II_II_3679	Anna Smidpekchin	f	1	00627-eintrag_vom_1448-12-20.xml	1448-12-20
128	pe__barbara_SB_CD_00617	Barabara Hanin	f	1	00617-eintrag_vom_1448-08-26.xml	1448-08-26
129	pe__margarethe_SB_CD_00615	Margarethe Hölczelin	f	1	00615-eintrag_vom_1448-06-26.xml	1448-06-26
130	pe__anna_QGW_II_II_3276_a	Anna Waldnerin Nüsnerin	f	2	3276.xml, 3276.xml	1448-09-23, 1448-09-23
131	pe__friedrich_wurmprant_QGW_II_II_3248	Friedrich Wurmprant 	m	2	3248.xml, 3248.xml	1448-04-30, 1448-04-30
132	pe__lorenz_pittrolf_SB_CD_00228	Lorenz Pittrolf	m	1	00228-eintrag_vom_1448-04-22.xml	1448-04-22
133	pe__georg_vom_ror_QGW_II_II_3714	Georg vom Ror der Fleischacker	m	1	00616-eintrag_vom_1448-07-19.xml	1448-07-19
134	pe__georg_haug_QGW_II_II_3261	Georg Haug von Prugk der Kürschner 	m	2	3261.xml, 3276.xml	1448-07-08, 1448-09-23
135	pe__michael_grashover_QGW_II_II_3264	Michael Grashover 	m	2	3264.xml, 00300-eintrag_vom_1448-08-05.xml	1448-08-05, 1448-08-05
136	pe__anna_QGW_II_II_2953	Anna Grünpacherin	f	1	01146-eintrag_vom_1448-04-12.xml	1448-04-12
137	pe__ulrich_pernauer_SB_CD_00613	Ulrich Pernauer	m	1	00613-eintrag_vom_1448-07-17.xml	1448-07-17
138	pe__stephan_sorgenfrey_SB_CD_00624	Stephan Sorgenfrey der Huter	m	1	00624-eintrag_vom_1448-09-23.xml	1448-09-23
139	pe__michael_nagl_SB_CD_00056	Michael Nagl der Sattler am Kohlmarkt	m	1	00056-eintrag_vom_1448-08-09.xml	1448-08-09
140	pe__ulrich_fries_SB_CD_01434	Ulrich Fries des Zéinstrickcher 	m	1	01434-eintrag_vom_1448-06-14.xml	1448-06-14
141	pe__dietrich_flusthart_SB_CD_00623	Dietrich Flusthart Flusthart	m	1	00623-eintrag_vom_1448-12-13.xml	1448-12-13
142	pe__michael_haffner_SB_CD_01242	Michael Haffner	m	1	01242-eintrag_vom_1448-11-15.xml	1448-11-15
143	pe__ulrich_meichsner_QGW_II_II_3553	Ulrich Meichsner vor Kernertor	m	1	01840-eintrag_vom_1448-04-19.xml	1448-04-19
144	pe__konrad_von_tierna_SB_CD_00228	Konrad Tierna in der Kumphlukchn	m	1	00228-eintrag_vom_1448-04-22.xml	1448-04-22
145	pe__ulrich_hesler_QGW_II_II_3684	Ulrich Hesler	m	1	01842-eintrag_vom_1448-11-27.xml	1448-11-27
146	pe__johann_von_gera_QGW_II_II_3278	Johann von Gera	m	1	3278.xml	1448-11-08
147	pe__wolfgang_holczer_SB_CD_01926	Wolfgang Holczer	m	1	01926-eintrag_vom_1448-12-20.xml	1448-12-20
148	pe__rudolf_graf_QGW_II_I_1421	Rudolf Graf	m	2	3264.xml, 00300-eintrag_vom_1448-08-05.xml	1448-08-05, 1448-08-05
149	pe__martin_nagl_SB_CD_00056	Martin Nagl	m	1	00056-eintrag_vom_1448-08-09.xml	1448-08-09
150	pe__thomas_swarcz_QGW_II_II_2673	Thomas Swarcz	m	1	00966-eintrag_vom_1448-06-07.xml	1448-06-07
151	pe__dorothea_QGW_II_II_3262_a	Dorothea Wagnerin Liebhartin 	f	3	3262.xml, 3262.xml, 00299-eintrag_vom_1448-07-08.xml	1448-07-08, 1448-07-08, 1448-07-08
152	pe__agnes_SB_CD_00611	Agnes Teuffenpekchin Teuffenpekch Langin 	f	1	00611-eintrag_vom_1448-06-21.xml	1448-06-21
153	pe__lorenz_swarcz_SB_CD_00626	Lorenz Swarcz	m	2	00626-eintrag_vom_1448-12-20.xml, 01149-eintrag_vom_1448-09-02.xml	1448-12-20, 1448-09-02
154	pe__michael_toller_SB_CD_01241	Michael Toller	m	1	01241-eintrag_vom_1448-06-21.xml	1448-06-21
155	pe__thomas_wisent_QGW_II_II_3280a	Thomas Wisent 	m	2	3280a.xml, 3282a.xml	1448-11-22, 1448-12-04
156	pe__johann_puchspaum_QGW_II_II_3038	Johann Puchpaum 	m	1	01768-eintrag_vom_1448-06-28.xml	1448-06-28
157	pe__ulrich_wuerfel_QGW_II_I_1404	Ulrich Ulmann Würfel	m	1	3270.xml	1448-08-19
158	pe__johann_peizkofer_QGW_II_II_3140	Johann Peizkofer	m	1	00604-eintrag_vom_1448-02-24.xml	1448-02-24
159	pe__katharina_SB_CD_00349	Katharina Walderstorfferin	f	1	00349-eintrag_vom_1448-02-22.xml	1448-02-22
160	pe__wolfhard_resch_QGW_II_II_3237	Wolfhard Resch 	m	2	3237.xml, 3237.xml	1448-01-20, 1448-01-20
161	pe__ulrich_phanczagl_QGW_II_II_2630	Ulrich Phanczagl	m	1	01146-eintrag_vom_1448-04-12.xml	1448-04-12
162	pe__katharina_SB_CD_01239	Katharina Viereckin	f	1	01239-eintrag_vom_1448-03-13.xml	1448-03-13
163	pe__elisabeth_QGW_II_II_3172	Elisabeth im Hof	f	1	00406-eintrag_vom_1448-05-31.xml	1448-05-31
164	pe__friedrich_koch_SB_CD_00618	Friedrich Koch der Koch	m	1	00618-eintrag_vom_1448-09-02.xml	1448-09-02
165	pe__dorothea_QGW_II_II_3240_a	Dorothea Knöbelin	f	1	3240.xml	1448-02-14
166	pe__stephan_fuegenstaler_SB_CD_00349	Stephan Fügenstaler	m	1	00349-eintrag_vom_1448-02-22.xml	1448-02-22
167	pe__johann_huber_SB_CD_00613	Johann Huber	m	1	00613-eintrag_vom_1448-07-17.xml	1448-07-17
168	pe__thomas_mair_QGW_II_II_3240	Thomas Mair	m	1	3240.xml	1448-02-14
169	pe__johann_nagler_SB_CD_01434	Johann Nagler 	m	1	01434-eintrag_vom_1448-06-14.xml	1448-06-14
170	pe__michael_ursperger_QGW_II_II_3238	Michael Ursperger 	m	2	3238.xml, 3238.xml	1448-02-09, 1448-02-09
171	pe__niklas_pehem_SB_CD_00627	Niklas Pehem der pekch	m	1	00627-eintrag_vom_1448-12-20.xml	1448-12-20
172	pe__stephan_weiss_QGW_II_II_3237	Stephan Weiss gesessen zu Alttunau 	m	2	3237.xml, 3237.xml	1448-01-20, 1448-01-20
173	pe__niklas_undermhimmel_QGW_II_II_3265	Niklas Undermhimmel Himmel	m	1	3265.xml	1448-08-06
174	pe__siegfried_lorber_QGW_II_I_1598	Siegfrid Lorber	m	1	00619-eintrag_vom_1448-09-04.xml	1448-09-04
175	pe__stephan_mendl_SB_CD_00605	Stephan Mendl Menndl der Färber	m	1	00605-eintrag_vom_1448-03-04.xml	1448-03-04
176	pe__martin_weidacher_SB_CD_00967	Martin Weidacher	m	1	00967-eintrag_vom_1448-06-19.xml	1448-06-19
177	pe__katharina_QGW_II_II_3482a	Katharina Phanczaglin	f	1	01146-eintrag_vom_1448-04-12.xml	1448-04-12
178	pe__meinhard_riemer_QGW_II_II_2391	Meinhard Riemer	m	3	3274.xml, 01241-eintrag_vom_1448-06-21.xml, 01243-eintrag_vom_1448-09-13.xml	1448-09-13, 1448-06-21, 1448-09-13
179	pe__jakob_gsmechl_QGW_II_II_3259	Jakob Gsmechl der Kürschner	m	1	3259.xml	1448-06-28
180	pe__andreas_strasburger_SB_CD_00228	Andreas Strasburger	m	1	00228-eintrag_vom_1448-04-22.xml	1448-04-22
181	pe__erhard_sibpekch_QGW_II_II_3252	Erhard Sibpekch 	m	1	3252.xml	1448-06-07
182	pe__heinrich_weitraher_QGW_II_II_2951	Heinrich Weitraher	m	1	2951.xml	1448-11-04
183	pe__konrad_mospach_SB_CD_00608	Konrad Mospach 	m	1	00608-eintrag_vom_1448-04-29.xml	1448-04-29
184	pe__barbara_SB_CD_00613	Barbara Unverdrossenin Unverdrossen 	f	3	00608-eintrag_vom_1448-04-29.xml, 00608-eintrag_vom_1448-04-29.xml, 00613-eintrag_vom_1448-07-17.xml	1448-04-29, 1448-04-29, 1448-07-17
185	pe__leonhard_unpau_SB_CD_01242	Leonhard Unpau	m	1	01242-eintrag_vom_1448-11-15.xml	1448-11-15
186	pe__johann_unverdrossen_SB_CD_00619	Johann Unverdrossen Unverdrossen der Plattner der plattner	m	1	00619-eintrag_vom_1448-09-04.xml	1448-09-04
187	pe__niklas_viller_SB_CD_01433	Niklas Viller 	m	1	01433-eintrag_vom_1448-07-29.xml	1448-07-29
188	pe__johann_hoelczel_SB_CD_00615	Johann Hölczel der Schneider	m	1	00615-eintrag_vom_1448-06-26.xml	1448-06-26
189	pe__stephan_duering_QGW_II_II_3240	Stephan Düring	m	1	3240.xml	1448-02-14
190	pe__georg_schernhaimer_QGW_II_II_3261	Georg Schernhaimer	m	1	3261.xml	1448-07-08
191	pe__paul_schernhaimer_QGW_II_II_3261	Paul Schernhaimer	m	2	3261.xml, 3261.xml	1448-07-08, 1448-07-08
192	pe__elisabeth_SB_CD_01418	Elisabeth Vischerin von Lebarn	f	1	01418-eintrag_vom_1448-09-06.xml	1448-09-06
193	pe__wolfgang_kerntter_SB_CD_01150	Wolfgang Kerntter	m	1	01150-eintrag_vom_1448-03-04.xml	1448-03-04
194	pe__lorenz_krakauer_SB_CD_01147	Lorenz Krakauer der Helmschmied	m	1	01147-eintrag_vom_1448-04-29.xml	1448-04-29
195	pe__johann_tinpeck_QGW_II_II_2974	Johann Tinpeck der zimmermann der prukmeister 	m	1	00231-eintrag_vom_1448-09-20.xml	1448-09-20
196	pe__ulrich_peck_SB_CD_01433	Ulrich Peck 	m	2	01418-eintrag_vom_1448-09-06.xml, 01433-eintrag_vom_1448-07-29.xml	1448-09-06, 1448-07-29
197	pe__wilhelm_mertinger_QGW_II_II_3715	Wilhelm Merttinger	m	2	01431-eintrag_vom_1448-07-08.xml, 01432-eintrag_vom_1448-07-10.xml	1448-07-08, 1448-07-10
198	pe__johann_spannberger_QGW_II_II_3245	Johann Spannberger 	m	3	3245.xml, 3245.xml, 00607-eintrag_vom_1448-03-13.xml	1448-03-14, 1448-03-14, 1448-03-13
199	pe__peter_strasser_QGW_II_II_3260	Peter Strasser	m	1	3260.xml	1448-07-06
200	pe__anna_SB_CD_01100	Anna Unverdrossenin Unverdrossen 	f	1	01100-eintrag_vom_1448-04-29.xml	1448-04-29
201	pe__servatius_waczla_SB_CD_00230	Servatuis Cirvos Waczla der wundtarzt 	m	1	00230-eintrag_vom_1448-11-20.xml	1448-11-20
202	pe__johann_QGW_II_II_3259	Johann 	m	2	3259.xml, 3272.xml	1448-06-28, 1448-08-21
203	pe__barbara_QGW_II_II_3248	Barbara Pucklerin 	f	1	3248.xml	1448-04-30
204	pe__johann_schiermer_QGW_II_II_3259	Johann Schiermer	m	1	3259.xml	1448-06-28
205	pe__heinrich_frankch_QGW_II_II_2150	Heinrich Frankch	m	1	00056-eintrag_vom_1448-08-09.xml	1448-08-09
206	pe__johann_teuffenpekch_SB_CD_00611	Johann Teuffenpekch Teuffenpekch melbler	m	1	00611-eintrag_vom_1448-06-21.xml	1448-06-21
207	pe__susanne_schweinbarthin_QGW_II_II_3246	Susanne Schweinbartin 	f	3	3246.xml, 3246.xml, 3246.xml	1448-03-27, 1448-03-27, 1448-03-27
208	pe__niklas_krotendorfer_SB_CD_00622	Niklas Krotendorffer	m	1	00622-eintrag_vom_1448-12-09.xml	1448-12-09
209	pe__jakob_oesterreicher_SB_CD_00056	Jakob Österreicher	m	1	00056-eintrag_vom_1448-08-09.xml	1448-08-09
210	pe__katharina_SB_CD_01242	Katharina Haffnerin Unpauin	f	1	01242-eintrag_vom_1448-11-15.xml	1448-11-15
211	pe__niklas_graefenauer_SB_CD_01434	Niklas Graefenauer Grafenawer 	m	1	01434-eintrag_vom_1448-06-14.xml	1448-06-14
212	pe__stephan_gibing_QGW_II_II_3275	Stephan Gibing 	m	2	3275.xml, 3275.xml	1448-09-20, 1448-09-20
213	pe__konrad_kopfdrechsel_SB_CD_00056	Konrad Kopfdrechsel	m	1	00056-eintrag_vom_1448-08-09.xml	1448-08-09
214	pe__johann_zwettler_QGW_II_II_3524	Johann Zwettler am Salzgries	m	1	01687-eintrag_vom_1448-05-27.xml	1448-05-27
215	pe__barbara_SB_CD_01693	Barbara Meichsnerin	f	1	01840-eintrag_vom_1448-04-19.xml	1448-04-19
216	pe__johann_hoephl_SB_CD_00618	Johann Höphl	m	1	00623-eintrag_vom_1448-12-13.xml	1448-12-13
217	pe__johann_lautterpach_SB_CD_01842	Johann Lautterpach	m	2	01432-eintrag_vom_1448-07-10.xml, 01842-eintrag_vom_1448-11-27.xml	1448-07-10, 1448-11-27
218	pe__johann_goldner_QGW_II_II_3237	Johann Goldner	m	1	3237.xml	1448-01-20
219	pe__johann_zuchtig_SB_CD_00622	Johann Zuchtig	m	1	00622-eintrag_vom_1448-12-09.xml	1448-12-09
220	pe__johann_varhofer_QGW_II_II_3279	Johann Varhofer 	m	3	3279.xml, 3279.xml, 3279.xml	1448-11-11, 1448-11-11, 1448-11-11
221	pe__niklas_renhart_QGW_II_II_3282	Niklas Renhart	m	1	3282.xml	1448-11-29
222	pe__katharina_SB_CD_00607	Katharina Spannbergerin 	f	1	00607-eintrag_vom_1448-03-13.xml	1448-03-13
223	pe__friedrich_pirbaumer_QGW_II_III_4165	Friedrich Pirbaumer 	m	1	01431-eintrag_vom_1448-07-08.xml	1448-07-08
224	pe__michael_walther_QGW_II_II_3552	Michael Walther	m	1	01841-eintrag_vom_1448-08-13.xml	1448-08-13
225	pe__christoph_QGW_II_II_3250	Christoph 	m	1	3250.xml	1448-05-03
226	pe__georg_zwettler_QGW_II_II_2927	Georg Zwettler der Eisenzieher hinter St. Pankraz	m	1	00969-eintrag_vom_1448-10-30.xml	1448-10-30
227	pe__heinrich_maler_SB_CD_00626	Heinrich Maler	m	2	00624-eintrag_vom_1448-09-23.xml, 00626-eintrag_vom_1448-12-20.xml	1448-09-23, 1448-12-20
228	pe__jakob_nuernberger_QGW_II_II_2782	Jakob Nürnberger	m	1	01429-eintrag_vom_1448-02-20.xml	1448-02-20
229	pe__ulrich_feldsberger_SB_CD_00350	Ulrich Feldsberger 	m	1	00350-eintrag_vom_1448-04-10.xml	1448-04-10
230	pe__michael_muenzer_SB_CD_00967	Michael der Münzer	m	1	00967-eintrag_vom_1448-06-19.xml	1448-06-19
231	pe__klara_SB_CD_01099	Klara Kollendorffer	f	1	01099-eintrag_vom_1448-02-20.xml	1448-02-20
232	pe__dorothea_SB_CD_01430	Dorothea Piberstein	f	1	01430-eintrag_vom_1448-03-04.xml	1448-03-04
233	pe__wenzel_grat_QGW_II_III_4253	Wenzel Grat der Schuster	m	1	01100-eintrag_vom_1448-04-29.xml	1448-04-29
234	pe__anna_QGW_II_II_3696	Anna Reidegkerin im Fischhof	f	1	01767-eintrag_vom_1448-06-23.xml	1448-06-23
235	pe__peter_pachhaimer_QGW_II_II_3250	Peter Pachhaimer 	m	1	3250.xml	1448-05-03
236	pe__konrad_SB_CD_00626	Konrad	m	1	00626-eintrag_vom_1448-12-20.xml	1448-12-20
237	pe__andreas_giger_QGW_II_II_3246	Andreas Giger 	m	2	3246.xml, 3246.xml	1448-03-27, 1448-03-27
238	pe__elisabeth_QGW_II_II_3270	Elisabeth Buskoin	f	1	3270.xml	1448-08-19
239	pe__simon_vankch_QGW_II_II_2391	Simon Vankch	m	3	3274.xml, 01241-eintrag_vom_1448-06-21.xml, 01243-eintrag_vom_1448-09-13.xml	1448-09-13, 1448-06-21, 1448-09-13
240	pe__johann_winter_QGW_II_II_3192	Johann Winter der Kramer	m	2	3274.xml, 01243-eintrag_vom_1448-09-13.xml	1448-09-13, 1448-09-13
241	pe__michael_stadl_SB_CD_00055	Michael Stadl	m	1	00055-eintrag_vom_1448-06-21.xml	1448-06-21
242	pe__katharina_SB_CD_01687	Stephan Radendorferin	f	1	01687-eintrag_vom_1448-05-27.xml	1448-05-27
243	pe__matthias_seirer_SB_CD_00971	Matthias Seirer	m	1	00971-eintrag_vom_1448-12-16.xml	1448-12-16
244	pe__michael_nuesner_QGW_II_II_3276	Michael Nüsner	m	2	3276.xml, 3276.xml	1448-09-23, 1448-09-23
245	pe__albrecht_bucharzt_SB_CD_01241	Albrecht Albertinus Bucharzt der Bucharzt	m	1	01241-eintrag_vom_1448-06-21.xml	1448-06-21
246	pe__michael_praunsperger_QGW_II_II_3274	Michael Praunsperger der Riemer 	m	2	3274.xml, 01243-eintrag_vom_1448-09-13.xml	1448-09-13, 1448-09-13
247	pe__katharina_SB_CD_01100	Katharina Gratin	f	1	01100-eintrag_vom_1448-04-29.xml	1448-04-29
248	pe__johann_waitz_QGW_II_II_3263	Johann Waitz der Kürschner	m	1	3263.xml	1448-07-10
249	pe__heinrich_rigel_QGW_II_II_3355	Heinrich Rigel	m	1	00609-eintrag_vom_1448-05-06.xml	1448-05-06
250	pe__stephan_reicher_QGW_II_II_3240	Stephan Reicher Rayer Reicher	m	1	3240.xml	1448-02-14
251	pe__albrecht_schweinbarther_QGW_II_II_3236	Albrecht Schweinbarter von Schweinbarth	m	5	3236.xml, 3243.xml, 3252.xml, 3252.xml, 3267.xml	1448-01-09, 1448-02-22, 1448-06-07, 1448-06-07, 1448-08-14
252	pe__stephan_von_boehmischkrut_QGW_II_II_3282	Stephan von Boehmischkrut Krud der Binder	m	1	3282.xml	1448-11-29
253	pe__leonhard_gruenpacher_QGW_II_II_2953	Leonhard Grünpacher	m	2	01146-eintrag_vom_1448-04-12.xml, 01146-eintrag_vom_1448-04-12.xml	1448-04-12, 1448-04-12
254	pe__georg_salczer_SB_CD_00605	Georg Salczer	m	1	00605-eintrag_vom_1448-03-04.xml	1448-03-04
255	pe__agnes_QGW_II_II_3250_b	Agnes Füchselin	f	9	3250.xml, 3257.xml, 3257.xml, 3258.xml, 3260.xml, 3260.xml, 3260.xml, 3260.xml, 3260.xml	1448-05-03, 1448-06-26, 1448-06-26, 1448-06-26, 1448-07-06, 1448-07-06, 1448-07-06, 1448-07-06, 1448-07-06
256	pe__peter_von_nussdorf_QGW_II_II_2963	Peter von Nussdorf der Schneider	m	1	00971-eintrag_vom_1448-12-16.xml	1448-12-16
257	pe__ulrich_lang_SB_CD_01841	Ulrich Lang der Bäcker	m	1	01841-eintrag_vom_1448-08-13.xml	1448-08-13
258	pe__stephan_vink_SB_CD_01693	Stephan Vink	m	1	01693-eintrag_vom_1448-12-13.xml	1448-12-13
259	pe__dorothea_SB_CD_01099	Dorothea Kollendorffer	f	1	01099-eintrag_vom_1448-02-20.xml	1448-02-20
260	pe__konrad_strobel_QGW_II_II_3257	Konrad Strobel 	m	1	3257.xml	1448-06-26
261	pe__johann_fuechsel_QGW_II_II_3250	Johann Füchsel II	m	3	3250.xml, 3257.xml, 3258.xml	1448-05-03, 1448-06-26, 1448-06-26
262	pe__jakob_smal_SB_CD_00156	Jakob Smal	m	1	00156-eintrag_vom_1448-12-13.xml	1448-12-13
263	pe__margarethe_SB_CD_00967	Margarethe Weidacherin	f	1	00967-eintrag_vom_1448-06-19.xml	1448-06-19
264	pe__thomas_praitenweidacher_QGW_II_II_3462	Thomas Praitenwaidacher Breitenweida (NÖ) 	m	2	01767-eintrag_vom_1448-06-23.xml, 01768-eintrag_vom_1448-06-28.xml	1448-06-23, 1448-06-28
265	pe__leonhard_von_laymimg_QGW_II_II_3241	Leonhard von Layming	m	1	3241.xml	1448-02-22
266	pe__johann_sorger_QGW_II_II_3242	Johann Sorger Sarger 	m	1	3242.xml	1448-02-22
267	pe__dorothea_poschin_SB_CD_00966	Dorothea Poschin Poschin	f	1	00966-eintrag_vom_1448-06-07.xml	1448-06-07
268	pe__johann_welser_QGW_II_II_3262	Johann Welser der lainbater 	m	2	3262.xml, 01768-eintrag_vom_1448-06-28.xml	1448-07-08, 1448-06-28
269	pe__jakob_schutwempl_SB_CD_00970	Jakob Schutwémpl der Fasszieher	m	1	00970-eintrag_vom_1448-11-20.xml	1448-11-20
270	pe__dietrich_holfues_QGW_II_III_4751	Dietrich Holfues	m	1	01686-eintrag_vom_1448-04-22.xml	1448-04-22
271	pe__georg_epishauser_QGW_II_II_3353	Georg Epishauser	m	1	00406-eintrag_vom_1448-05-31.xml	1448-05-31
272	pe__lorenz_swancz_QGW_II_II_2627	Lorenz Swancz	m	1	01239-eintrag_vom_1448-03-13.xml	1448-03-13
273	pe__margarethe_SB_CD_00228	Margarethe von Tierna	f	1	00228-eintrag_vom_1448-04-22.xml	1448-04-22
274	pe__johann_ravensburger_QGW_II_II_3264	Johann Ravensburger 	m	3	3239.xml, 3264.xml, 3279.xml	1448-02-13, 1448-08-05, 1448-11-11
275	pe__georg_krumpp_SB_CD_00966	Georg Krumpp Krinnb der Binder	m	1	00966-eintrag_vom_1448-06-07.xml	1448-06-07
276	pe__johann_veder_SB_CD_00968	Johann Veder der Gürtler	m	1	00968-eintrag_vom_1448-07-10.xml	1448-07-10
277	pe__johann_nagl_SB_CD_00056	Johann Nagl am Graben	m	1	00056-eintrag_vom_1448-08-09.xml	1448-08-09
278	pe__christine_SB_CD_01687	Christine Gunserin	f	1	01687-eintrag_vom_1448-05-27.xml	1448-05-27
279	pe__agnes_SB_CD_00616	Agnes Hinlaufin Hinlauf 	f	1	00616-eintrag_vom_1448-07-19.xml	1448-07-19
280	pe__ulrich_von_steyr_SB_CD_00625	Ulrich von Steyr	m	3	3262.xml, 00625-eintrag_vom_1448-12-11.xml, 01767-eintrag_vom_1448-06-23.xml	1448-07-08, 1448-12-11, 1448-06-23
281	pe__wolfgang_reuter_SB_CD_01148	Wolfgang Reuter	m	1	01148-eintrag_vom_1448-05-17.xml	1448-05-17
282	pe__friedrich_v_herzog_von_oesterreich_QGW_II_I_3270	Friedrich IV III	m	1	3270.xml	1448-08-19
283	pe__johann_hagen_QGW_II_III_4053	Johann Hagen	m	1	01099-eintrag_vom_1448-02-20.xml	1448-02-20
284	pe__peter_letzelter_SB_CD_00351	Peter der Letzelter	m	1	00351-eintrag_vom_1448-11-29.xml	1448-11-29
285	pe__barbara_SB_CD_01768	Barbara Welserin 	f	1	01768-eintrag_vom_1448-06-28.xml	1448-06-28
286	pe__magdalena_QGW_II_II_3238	Magdalena Flöderlin Urspergerin 	f	2	3238.xml, 3238.xml	1448-02-09, 1448-02-09
287	pe__ruprecht_refner_QGW_II_II_3280a	Ruprecht Refner der Kursner 	m	2	3280a.xml, 3282a.xml	1448-11-22, 1448-12-04
288	pe__margarethe_SB_CD_01240	Margarethe Haunoltin	f	1	01240-eintrag_vom_1448-03-15.xml	1448-03-15
289	pe__michael_hiltprant_QGW_II_II_2417	Michael Hiltprant der Schmied	m	1	00969-eintrag_vom_1448-10-30.xml	1448-10-30
290	pe__wolfgang_von_asparn_SB_CD_00231	Wolfgang von Asparn von Asparn	m	1	00231-eintrag_vom_1448-09-20.xml	1448-09-20
291	pe__christian_maurer_QGW_II_II_3274	Christian der Maurer	m	1	3274.xml	1448-09-13
292	pe__heinrich_hulger_QGW_II_II_3573	Heinrich Hulger	m	1	00606-eintrag_vom_1448-04-03.xml	1448-04-03
293	pe__dorothea_QGW_II_II_3262_b	Dorothea Welserin 	f	1	3262.xml	1448-07-08
294	pe__konrad_reiff_SB_CD_00226	Konrad Reiff	m	1	00226-eintrag_vom_1448-02-23.xml	1448-02-23
295	pe__georg_leinburger_SB_CD_00056	Georg Leinburger der Apotheker	m	1	00056-eintrag_vom_1448-08-09.xml	1448-08-09
296	pe__kaspar_hornperger_QGW_II_II_3265	Kaspar Hornperger Harnperger 	m	1	3265.xml	1448-08-06
297	pe__elisabeth_SB_CD_00349	Elisabeth Goltpachin 	f	1	00349-eintrag_vom_1448-02-22.xml	1448-02-22
298	pe__erasmus_vinkch_QGW_II_II_3328	Erasmus Vinkch der Schuster	m	1	01100-eintrag_vom_1448-04-29.xml	1448-04-29
299	pe__johann_kollendorffer_SB_CD_01099	Johann Kollendorffer	m	1	01099-eintrag_vom_1448-02-20.xml	1448-02-20
300	pe__jakob_von_brunn_QGW_II_II_3261	Jakob von Brunn der Schneider 	m	2	3261.xml, 00608-eintrag_vom_1448-04-29.xml	1448-07-08, 1448-04-29
301	pe__konrad_eggenfelder_SB_CD_00226	Konrad Chuncz Eggenfelder der Schmied	m	1	00226-eintrag_vom_1448-02-23.xml	1448-02-23
302	pe__simon_brunner_SB_CD_01693a	Simon Brunner der Sattler	m	1	01693a-eintrag_vom_1448.xml	1448-01-01
303	pe__andreas_weinperger_SB_CD_01842	Andreas Weinperger	m	1	01842-eintrag_vom_1448-11-27.xml	1448-11-27
304	pe__johann_hermann_SB_CD_00621	Johann Hermann	m	4	3278.xml, 3278.xml, 00621-eintrag_vom_1448-11-27.xml, 00625-eintrag_vom_1448-12-11.xml	1448-11-08, 1448-11-08, 1448-11-27, 1448-12-11
305	pe__johann_von_nikolsburg_QGW_II_II_2373	Johann von Nikolsburg	m	1	3278.xml	1448-11-08
306	pe__johann_zehentner_QGW_II_II_3248	Johann Zehentner	m	1	3248.xml	1448-04-30
307	pe__leonhard_reicher_SB_CD_01840	Leonhard Reicher Rayer 	m	1	01840-eintrag_vom_1448-04-19.xml	1448-04-19
308	pe__konrad_muellner_QGW_II_II_3269	Konrad Müllner Mullner der Schuster 	m	3	3259.xml, 3269.xml, 3269.xml	1448-06-28, 1448-08-16, 1448-08-16
309	pe__agnes_QGW_II_II_3240	Agnes Seefelderin	f	1	3240.xml	1448-02-14
310	pe__peter_lantmann_SB_CD_01840	Peter Lantmann	m	1	01840-eintrag_vom_1448-04-19.xml	1448-04-19
311	pe__johann_busko_QGW_II_II_3270	Johann Busko	m	1	3270.xml	1448-08-19
312	pe__barbara_SB_CD_00620	Barbara Kielerin Neugrunerin Kanstorfferin	f	2	00620-eintrag_vom_1448-11-20.xml, 01693a-eintrag_vom_1448.xml	1448-11-20, 1448-01-01
313	pe__elisabeth_SB_CD_01150	Elisabeth Kerntterin	f	1	01150-eintrag_vom_1448-03-04.xml	1448-03-04
314	pe__wenzel_SB_CD_1239	Wenzel der Kaufmann	m	1	01239-eintrag_vom_1448-03-13.xml	1448-03-13
315	pe__niklas_kramhofer_QGW_II_II_3278	Niklas Kramhofer	m	2	3278.xml, 3278.xml	1448-11-08, 1448-11-08
316	pe__margarethe_SB_CD_00611	Margarethe Langin 	f	1	00611-eintrag_vom_1448-06-21.xml	1448-06-21
317	pe__johann_meczinger_SB_CD_00623	Johann Meczinger	m	2	00299-eintrag_vom_1448-07-08.xml, 00623-eintrag_vom_1448-12-13.xml	1448-07-08, 1448-12-13
318	pe__erhard_von_prag_SB_CD_00156	Erhard von Prag der peutler	m	1	00156-eintrag_vom_1448-12-13.xml	1448-12-13
319	pe__katharina_SB_CD_00625	Katharina Hermannin	f	1	00625-eintrag_vom_1448-12-11.xml	1448-12-11
320	pe__anna_SB_CD_01099	Anna Kollendorffer	f	1	01099-eintrag_vom_1448-02-20.xml	1448-02-20
321	pe__paul_haid_SB_CD_01693a	Paul Haid der Schuster	m	1	01693a-eintrag_vom_1448.xml	1448-01-01
322	pe__johann_von_eibesthal_QGW_II_II_3282	Johann von Eibesthal	m	2	3282.xml, 3282.xml	1448-11-29, 1448-11-29
323	pe__anna_QGW_II_II_3274	Anna Praunspergerin 	f	2	3274.xml, 01243-eintrag_vom_1448-09-13.xml	1448-09-13, 1448-09-13
324	pe__friedrich_im_hof_QGW_II_II_3172	Friedrich im Hof der Schlosser	m	1	00406-eintrag_vom_1448-05-31.xml	1448-05-31
325	pe__barbara_SB_CD_01686	Barbara Holfuesin	f	1	01686-eintrag_vom_1448-04-22.xml	1448-04-22
326	pe__benedikt_kunter_QGW_II_II_3240	Benedikt Kunter 	m	1	3240.xml	1448-02-14
327	pe__johann_smogel_QGW_II_II_3240	Johann Smodel	m	1	3240.xml	1448-02-14
328	pe__ulrich_eibesprunner_QGW_II_II_2870	Ulrich Eibesprunner	m	1	3260.xml	1448-07-06
329	pe__georg_hoppaur_QGW_II_II_3240	Georg Hoppaur 	m	1	3240.xml	1448-02-14
330	pe__johann_reichl_SB_CD_00969	Johann Reichl hinter St. Pankraz	m	1	00969-eintrag_vom_1448-10-30.xml	1448-10-30
331	pe__christoph_oeczestorffer_QGW_II_II_3245	Christoph Öczestorffer 	m	1	3245.xml	1448-03-14
332	pe__elisabeth_QGW_II_II_3676	Elisabeth Salczburgerin	f	1	01429-eintrag_vom_1448-02-20.xml	1448-02-20
333	pe__jakob_kolbl_SB_CD_00226	Jakob Kolbl	m	1	00226-eintrag_vom_1448-02-23.xml	1448-02-23
334	pe__stephan_von_eggenburg_QGW_II_II_3242	Stephan von Eggenburg 	m	2	3242.xml, 3246.xml	1448-02-22, 1448-03-27
335	pe__niklas_puckler_QGW_II_II_3248	Niklas Puckler der Schuster von Straßburg 	m	1	3248.xml	1448-04-30
336	pe__philipp_auf_dem_pach_QGW_II_II_3258	Philipp auf dem Pach	m	1	3258.xml	1448-06-26
337	pe__michael_viregk_SB_CD_01239	Michael Viereck	m	1	01239-eintrag_vom_1448-03-13.xml	1448-03-13
338	pe__wolfgang_von_hallstadt_SB_CD_00966	Wolfgang von Hallstadt	m	1	00966-eintrag_vom_1448-06-07.xml	1448-06-07
339	pe__jakob_tuerkch_QGW_II_II_3239	Jacob Türkch 	m	1	3239.xml	1448-02-13
340	pe__lorenz_rasko_SB_CD_00229	Lorenz Rasko von Bressla 	m	1	00229-eintrag_vom_1448-05-27.xml	1448-05-27
341	pe__niklas_atzenbrugger_QGW_II_II_3266	Niklas Atzenbrugger 	m	1	3266.xml	1448-08-08
342	pe__stephan_pusenperger_QGW_II_II_3715	Stephan Pusenperger Bisamberger der Zinngiesser	m	2	01431-eintrag_vom_1448-07-08.xml, 01432-eintrag_vom_1448-07-10.xml	1448-07-08, 1448-07-10
343	pe__ulrich_hirssauer_QGW_II_II_3518	Ulrich Hirssauer 	m	1	3265.xml	1448-08-06
344	pe__elisabeth_kolpekchin_SB_CD_00350	Elisabeth Kolpekchin Kolpekchin Schachner Schachenin	f	1	00350-eintrag_vom_1448-04-10.xml	1448-04-10
345	pe__pankraz_widmer_QGW_II_II_3264	Pankraz Widmer der parhander 	m	2	3264.xml, 00300-eintrag_vom_1448-08-05.xml	1448-08-05, 1448-08-05
346	pe__johann_nuesner_QGW_II_II_3276	Johann Nüsner	m	2	3276.xml, 3276.xml	1448-09-23, 1448-09-23
347	pe__wilhelm_von_freising_QGW_II_II_4106	Wilhelm von Freising der pekch	m	1	00627-eintrag_vom_1448-12-20.xml	1448-12-20
348	pe__johann_linczer_QGW_II_II_2253	Johann Linczer	m	1	00351-eintrag_vom_1448-11-29.xml	1448-11-29
349	pe__leonhard_floederl_QGW_II_II_3238	Leonhard Flöderl 	m	1	3238.xml	1448-02-09
350	pe__peter_liebharter_QGW_II_II_3541	Peter Liepharter	m	2	01431-eintrag_vom_1448-07-08.xml, 01432-eintrag_vom_1448-07-10.xml	1448-07-08, 1448-07-10
351	pe__niklas_pernhart_SB_CD_00604	Niklas Pernhart der Fürer	m	1	00604-eintrag_vom_1448-02-24.xml	1448-02-24
352	pe__ambrosius_SB_CD_1239	Ambrosius	m	1	01239-eintrag_vom_1448-03-13.xml	1448-03-13
353	pe__kaspar_SB_CD_00970	Kaspar	m	1	00970-eintrag_vom_1448-11-20.xml	1448-11-20
354	pe__johann_han_SB_CD_00617	Johann Han der Büchsenmeister puchsenmameister	m	1	00617-eintrag_vom_1448-08-26.xml	1448-08-26
355	pe__agathe_SB_CD_00055	Agathe Hulberin	f	1	00055-eintrag_vom_1448-06-21.xml	1448-06-21
356	pe__kolomann_walderstorffer_SB_CD_00349	Kolomann Walderstorffer der Kursner	m	1	00349-eintrag_vom_1448-02-22.xml	1448-02-22
357	pe__leonhard_von_stein_SB_CD_00619	Leonhard von Stein	m	1	00619-eintrag_vom_1448-09-04.xml	1448-09-04
358	pe__martin_QGW_II_II_3213	Martin 	m	6	3248.xml, 3253.xml, 3254.xml, 3255.xml, 3256.xml, 3268.xml	1448-04-30, 1448-06-10, 1448-06-10, 1448-06-10, 1448-06-10, 1448-08-14
359	pe__johann_span_SB_CD_01693	Johann Span von Memyngen	m	1	01693-eintrag_vom_1448-12-13.xml	1448-12-13
360	pe__heinrich_krumauer_SB_CD_00228	Heinrich Krumbnawer Krumauer	m	1	00228-eintrag_vom_1448-04-22.xml	1448-04-22
361	pe__lorenz_rat_SB_CD_00969	Lorenz Rat	m	1	00969-eintrag_vom_1448-10-30.xml	1448-10-30
362	pe__peter_pachmuellner_QGW_II_II_3258	Peter Pachmüllner 	m	2	3258.xml, 3258.xml	1448-06-26, 1448-06-26
363	pe__barbara_QGW_II_II_3279	Barbara Varhoferin Wielantin 	f	3	3279.xml, 3279.xml, 3279.xml	1448-11-11, 1448-11-11, 1448-11-11
364	pe__johann_scharner_QGW_II_II_2951	Johann Scharner	m	1	2951.xml	1448-11-04
365	pe__johann_weilhaimer_SB_CD_00626	Johann Weilhaimer der goltslaher	m	2	00624-eintrag_vom_1448-09-23.xml, 00626-eintrag_vom_1448-12-20.xml	1448-09-23, 1448-12-20
366	pe__niklas_salczburger_QGW_II_II_3676	Niklas Salczburger der Weber	m	1	01429-eintrag_vom_1448-02-20.xml	1448-02-20
367	pe__ulrich_flekch_QGW_II_I_1195	Ulrich Flekch Flekch	m	1	00231-eintrag_vom_1448-09-20.xml	1448-09-20
368	pe__heinrich_wurm_SB_CD_00627	Heinrich Wurm der pekch	m	1	00627-eintrag_vom_1448-12-20.xml	1448-12-20
369	pe__wolfgang_swarcz_QGW_II_II_3240	Wolfgang Swarcz	m	1	3240.xml	1448-02-14
370	pe__niklas_vaschang_SB_CD_01433	Niklas Vaschang 	m	2	01418-eintrag_vom_1448-09-06.xml, 01433-eintrag_vom_1448-07-29.xml	1448-09-06, 1448-07-29
371	pe__burkhard_kienberger_QGW_II_III_4957	Burkhard Kienberger	m	1	01841-eintrag_vom_1448-08-13.xml	1448-08-13
372	pe__katharina_QGW_II_II_3240	Katharina	f	1	3240.xml	1448-02-14
373	pe__johann_ofner_QGW_II_II_3171	Johann Ofner der Münzer	m	1	00610-eintrag_vom_1448-05-29.xml	1448-05-29
374	pe__michael_haunolt_QGW_II_II_3616	Michael Haunolt	m	1	01240-eintrag_vom_1448-03-15.xml	1448-03-15
375	pe__margarethe_SB_CD_01768	Margarethe Welserin 	f	1	01768-eintrag_vom_1448-06-28.xml	1448-06-28
376	pe__elisabeth_QGW_II_II_3240	Elisabeth	f	1	3240.xml	1448-02-14
377	pe__jakob_rechwein_QGW_II_II_3242	Jakob Rechwein 	m	4	3242.xml, 3246.xml, 3246.xml, 00622-eintrag_vom_1448-12-09.xml	1448-02-22, 1448-03-27, 1448-03-27, 1448-12-09
378	pe__wolfgang_winter_SB_CD_00055	Wolfgang Winter	m	1	00055-eintrag_vom_1448-06-21.xml	1448-06-21
379	pe__niklas_teschler_QGW_II_II_2951	Niklas Teschler	m	2	2951.xml, 3275.xml	1448-11-04, 1448-09-20
380	pe__barbara_SB_CD_00605	Barbara Mendlin Menndl	f	1	00605-eintrag_vom_1448-03-04.xml	1448-03-04
381	pe__thomas_lang_SB_CD_00611	Thomas Lang 	m	1	00611-eintrag_vom_1448-06-21.xml	1448-06-21
382	pe__margarethe_SB_CD_00229	Margarethe 	f	1	00229-eintrag_vom_1448-05-27.xml	1448-05-27
383	pe__johann_zechman_SB_CD_01840	Johann Zechman	m	1	01840-eintrag_vom_1448-04-19.xml	1448-04-19
384	pe__georg_brunntaler_SB_CD_00618	Georg Brunntaler	m	2	00618-eintrag_vom_1448-09-02.xml, 01147-eintrag_vom_1448-04-29.xml	1448-09-02, 1448-04-29
385	pe__jakob_moshaimer_QGW_II_II_3245	Jakob Moshaimer 	m	3	3245.xml, 3245.xml, 00607-eintrag_vom_1448-03-13.xml	1448-03-14, 1448-03-14, 1448-03-13
386	pe__peter_vischel_QGW_II_II_3240	Peter Vischel	m	1	3240.xml	1448-02-14
387	pe__magdalena_QGW_II_II_3262	Magdalena Lenstain 	f	2	3262.xml, 00299-eintrag_vom_1448-07-08.xml	1448-07-08, 1448-07-08
388	pe__matthias_salczer_QGW_II_II_2595	Matthias Salczer	m	2	00230-eintrag_vom_1448-11-20.xml, 01693-eintrag_vom_1448-12-13.xml	1448-11-20, 1448-12-13
389	pe__elisabeth_SB_CD_00969	Elisabeth Zwettlerin	f	1	00969-eintrag_vom_1448-10-30.xml	1448-10-30
390	pe__katharina_SB_CD_00056	Katharina Naglin Gem. Michael Nagl	f	1	00056-eintrag_vom_1448-08-09.xml	1448-08-09
391	pe__elisabeth_SB_CD_01148	Elisabeth Reuterin	f	1	01148-eintrag_vom_1448-05-17.xml	1448-05-17
392	pe__dorothea_SB_CD_00968	Dorothea Vederin Neunkirchnerin	f	1	00968-eintrag_vom_1448-07-10.xml	1448-07-10
393	pe__georg_von_nikolsburg_QGW_II_II_2373	Georg von Nikolsburg	m	2	3262.xml, 00625-eintrag_vom_1448-12-11.xml	1448-07-08, 1448-12-11
394	pe__katharina_SB_CD_01149	Lorenz Swarczin	f	1	01149-eintrag_vom_1448-09-02.xml	1448-09-02
395	pe__philipp_scharner_QGW_II_II_2951	Philipp Scharner	m	1	2951.xml	1448-11-04
396	pe__heinrich_teufl_SB_CD_00614	Heinrich Teufl Tewffl	m	1	00614-eintrag_vom_1448-07-29.xml	1448-07-29
397	pe__otto_gunser_SB_CD_01687	Otto Gunser	m	1	01687-eintrag_vom_1448-05-27.xml	1448-05-27
398	pe__barbara_QGW_II_II_3482a	Barbara Phanczaglin	f	1	01146-eintrag_vom_1448-04-12.xml	1448-04-12
399	pe__simon_puckwitz_QGW_II_II_3176	Simon Puckwitz Pukwicz Pirkwicz Bubwicz Kaplan S. Agnes, S. Michael	m	1	00054-eintrag_vom_1448-06-10.xml	1448-06-10
400	pe__peter_von_kirchheim_QGW_II_II_3265	Peter von Kirchhaim	m	1	3265.xml	1448-08-06
401	pe__paul_von_tulln_SB_CD_00229	Paul von Tulln 	m	1	00229-eintrag_vom_1448-05-27.xml	1448-05-27
402	pe__niklas_noter_SB_CD_01241	Niklas Noter	m	1	01241-eintrag_vom_1448-06-21.xml	1448-06-21
403	pe__georg_waldner_QGW_II_II_3276	Georg Waldner der Kürschner	m	1	3276.xml	1448-09-23
404	pe__johann_stein_QGW_II_II_3259	Johann Stein	m	1	3259.xml	1448-06-28
405	pe__barbara_SB_CD_01840	Barbara Reicherin Rayer 	f	1	01840-eintrag_vom_1448-04-19.xml	1448-04-19
406	pe__heinrich_senftleben_QGW_II_II_3263	Heinrich Senftleben 	m	2	3263.xml, 00612-eintrag_vom_1448-07-10.xml	1448-07-10, 1448-07-10
407	pe__andreas_kelhaimer_QGW_II_II_3460	Andreas Kelhaimer	m	1	00604-eintrag_vom_1448-02-24.xml	1448-02-24
408	pe__andreas_vischel_SB_CD_00054	Andreas Vischel	m	1	00054-eintrag_vom_1448-06-10.xml	1448-06-10
409	pe__margarethe_QGW_II_II_3274	Margarethe Praunspergerin Neunkircherin 	f	3	3274.xml, 3274.xml, 01243-eintrag_vom_1448-09-13.xml	1448-09-13, 1448-09-13, 1448-09-13
410	pe__leonhard_weidenholczer_QGW_II_II_3262	Leonhard Weidenholczer 	m	3	3262.xml, 3262.xml, 00299-eintrag_vom_1448-07-08.xml	1448-07-08, 1448-07-08, 1448-07-08
411	pe__konrad_knoebel_QGW_II_II_3240	Konrad Knöbel	m	1	3240.xml	1448-02-14
412	pe__michael_fuechsel_QGW_II_I_1108	Michael Füchsel	m	8	3250.xml, 3257.xml, 3257.xml, 3258.xml, 3258.xml, 3260.xml, 3260.xml, 3260.xml	1448-05-03, 1448-06-26, 1448-06-26, 1448-06-26, 1448-06-26, 1448-07-06, 1448-07-06, 1448-07-06
413	pe__johann_strempfl_QGW_II_II_3276	Johann Stremphl	m	2	3276.xml, 00624-eintrag_vom_1448-09-23.xml	1448-09-23, 1448-09-23
414	pe__sophia_QGW_II_II_2951	Sophia Weitraherin Scharnerin	f	1	2951.xml	1448-11-04
415	pe__georg_schrot_QGW_II_II_3733	Georg Schrot	m	2	00608-eintrag_vom_1448-04-29.xml, 00613-eintrag_vom_1448-07-17.xml	1448-04-29, 1448-07-17
416	pe__jakob_straiffing_QGW_II_III_2360	Jakob Straiffing der Zinngiesser	m	1	00968-eintrag_vom_1448-07-10.xml	1448-07-10
417	pe__heinrich_unverdrossen_SB_CD_01100	Heinrich Unverdrossen Unverdrossen Helmschied helmsmid	m	1	01100-eintrag_vom_1448-04-29.xml	1448-04-29
418	pe__friedrich_krevogl_QGW_II_II_3240	Friedrich Krevogl	m	1	3240.xml	1448-02-14
419	pe__margarethe_SB_CD_00618	Margarethe Eschlbachin	f	2	00618-eintrag_vom_1448-09-02.xml, 00619-eintrag_vom_1448-09-04.xml	1448-09-02, 1448-09-04
420	pe__barbara_SB_CD_01693a	Barbara Brunnerin	m	1	01693a-eintrag_vom_1448.xml	1448-01-01
421	pe__anna_QGW_II_II_3276_b	Anna Ruemerin	f	1	3276.xml	1448-09-23
422	pe__niklas_lainbacher_QGW_II_II_2652	Nikals Lainbacher der Apotheker	m	1	01431-eintrag_vom_1448-07-08.xml	1448-07-08
423	pe__kunigunde_QGW_II_III_4053	Kunigunde Hagenin	f	1	01099-eintrag_vom_1448-02-20.xml	1448-02-20
424	pe__niklas_piberstein_SB_CD_01430	Niklas Piberstein	m	1	01430-eintrag_vom_1448-03-04.xml	1448-03-04
425	pe__katharina_SB_CD_01434	Katharina Graefenauerin Grafenawer Fries 	f	1	01434-eintrag_vom_1448-06-14.xml	1448-06-14
426	pe__johann_von_eslarn_V_SB_CD_00615	Johann von Eslarn ze Ottakring	m	1	00615-eintrag_vom_1448-06-26.xml	1448-06-26
427	pe__johann_steger_QGW_II_II_3264	Johann Steger	m	12	3236.xml, 3243.xml, 3251.xml, 3261.xml, 3262.xml, 3263.xml, 3264.xml, 3266.xml, 3267.xml, 3274.xml, 3275.xml, 3278.xml	1448-01-09, 1448-02-22, 1448-05-24, 1448-07-08, 1448-07-08, 1448-07-10, 1448-08-05, 1448-08-08, 1448-08-14, 1448-09-13, 1448-09-20, 1448-11-08
428	pe__stephan_radendorfer_SB_CD_01687	Stephan Radendorfer der Obser	m	1	01687-eintrag_vom_1448-05-27.xml	1448-05-27
429	pe__kunigunde_SB_CD_01099	Kunigunde Kollendorffer	f	1	01099-eintrag_vom_1448-02-20.xml	1448-02-20
430	pe__johann_hinlauf_SB_CD_00616	Johann Hinlauf	m	1	00616-eintrag_vom_1448-07-19.xml	1448-07-19
431	pe__katharina_QGW_II_II_3237	Katharina Weissin 	f	2	3237.xml, 3237.xml	1448-01-20, 1448-01-20
432	pe__johann_von_waetsch_SB_CD_00626	Johann von Wätsch	m	1	00626-eintrag_vom_1448-12-20.xml	1448-12-20
433	pe__peter_unpau_SB_CD_01242	Peter Unpau	m	1	01242-eintrag_vom_1448-11-15.xml	1448-11-15
434	pe__jakob_kreuss_SB_CD_00967	Jakob Kreuss	m	1	00967-eintrag_vom_1448-06-19.xml	1448-06-19
435	pe__niklas_vom_stein_QGW_II_II_2407	Niklas vom Stein der Fleischhacker	m	1	01693-eintrag_vom_1448-12-13.xml	1448-12-13
436	pe__peter_schueter_QGW_II_II_3238	Peter Schüter 	m	1	3238.xml	1448-02-09
437	pe__friedrich_von_minden_SB_CD_01150	Friedrich von Minden der Kursner	m	1	01150-eintrag_vom_1448-03-04.xml	1448-03-04
438	pe__konrad_vischer_SB_CD_01418	Konrad Vischer von Lebarn	m	1	01418-eintrag_vom_1448-09-06.xml	1448-09-06
439	pe__johann_brunner_QGW_II_II_2195	Johann Brunner	m	1	3272.xml	1448-08-21
440	pe__niklas_saur_SB_CD_01100	Niklas Saur der Schuster	m	1	01100-eintrag_vom_1448-04-29.xml	1448-04-29
441	pe__johann_unverdrossen_SB_CD_00613	Johann Unverdrossen Unverdrossen Helmschmied helmsmid	m	3	00608-eintrag_vom_1448-04-29.xml, 00608-eintrag_vom_1448-04-29.xml, 00613-eintrag_vom_1448-07-17.xml	1448-04-29, 1448-04-29, 1448-07-17
442	pe__konrad_klingenpoden_QGW_II_II_3282	Konrad Klingenpoden der Binder	m	1	3282.xml	1448-11-29
443	pe__elisabeth_QGW_II_II_3140	Elisabeth Peizkoferin Kelhaimerin	f	1	00604-eintrag_vom_1448-02-24.xml	1448-02-24
444	pe__erhard_smidpekch_QGW_II_II_3043	Erhard Smidpekch	m	1	00627-eintrag_vom_1448-12-20.xml	1448-12-20
445	pe__simon_heundl_QGW_II_II_3246	Simon Heundl 	m	2	3246.xml, 3246.xml	1448-03-27, 1448-03-27
446	pe__thomas_seefelder_QGW_II_II_3240	Thomas Seefelder	m	1	3240.xml	1448-02-14
447	pe__michael_scheller_QGW_II_II_3250	Michael Scheller	m	2	3250.xml, 3260.xml	1448-05-03, 1448-07-06
448	pe__johann_schonhauer_QGW_II_II_3240	Johann Schonhauer 	m	1	3240.xml	1448-02-14
449	pe__dorothea_SB_CD_00230	Dorothea Waczlain Gruberin 	f	1	00230-eintrag_vom_1448-11-20.xml	1448-11-20
450	pe__michael_gruber_SB_CD_00230	Michael Gruber der wundtarzt 	m	1	00230-eintrag_vom_1448-11-20.xml	1448-11-20
451	pe__hermann_edlerauer_QGW_II_II_3280a	Hermann Edlerauer 	m	4	3280a.xml, 3280a.xml, 3282a.xml, 00227-eintrag_vom_1448-03-06.xml	1448-11-22, 1448-11-22, 1448-12-04, 1448-03-06
452	pe__heinrich_eschlbach_SB_CD_00618	Heinrich Eschlbach Eschlbach der brunner	m	2	00618-eintrag_vom_1448-09-02.xml, 00619-eintrag_vom_1448-09-04.xml	1448-09-02, 1448-09-04
453	pe__jakob_muenich_QGW_II_II_3410	Jakob Münich	m	1	00971-eintrag_vom_1448-12-16.xml	1448-12-16
454	pe__friedrich_lenstain_QGW_II_II_3262	Friedrich Lenstain der Schneider 	m	2	3262.xml, 00299-eintrag_vom_1448-07-08.xml	1448-07-08, 1448-07-08
455	pe__barbara_SB_CD_00054	Barbara Vischelin	f	1	00054-eintrag_vom_1448-06-10.xml	1448-06-10
456	pe__konrad_schrofl_SB_CD_00227	Konrad Schrofl	m	1	00227-eintrag_vom_1448-03-06.xml	1448-03-06
457	pe__katharina_SB_CD_01433	Katharina Vaschangin 	f	2	01418-eintrag_vom_1448-09-06.xml, 01433-eintrag_vom_1448-07-29.xml	1448-09-06, 1448-07-29
458	pe__erhard_neunkircher_QGW_II_II_3274	Erhard Neunkircher der Glockengießer 	m	3	3274.xml, 00968-eintrag_vom_1448-07-10.xml, 01243-eintrag_vom_1448-09-13.xml	1448-09-13, 1448-07-10, 1448-09-13
459	pe__arnold_von_ach_QGW_II_II_3239	Arnold von Ach der Haubner 	m	1	3239.xml	1448-02-13
460	pe__martin_hakchenteuffl_QGW_II_II_3266	Martin Hakchenteuffl 	m	1	3266.xml	1448-08-08
461	pe__andreas_pergauer_QGW_II_II_2615	Andreas Pergauer von Pulka	m	1	01767-eintrag_vom_1448-06-23.xml	1448-06-23
462	pe__peter_volczian_QGW_II_II_3239	Peter Volczian Lehrer der Ercznei 	m	1	3239.xml	1448-02-13
463	pe__margarethe_SB_CD_01926	Margarethe Holczerin Newnburger Neuburgerin	f	1	01926-eintrag_vom_1448-12-20.xml	1448-12-20
464	pe__leonhard_kriech_QGW_II_II_3126	Leonhard Kriech	m	2	01148-eintrag_vom_1448-05-17.xml, 01150-eintrag_vom_1448-03-04.xml	1448-05-17, 1448-03-04
465	pe__brigitta_SB_CD_00226	Brigitta Eggenfelderin Gem. Konrad Eggenfelder	f	1	00226-eintrag_vom_1448-02-23.xml	1448-02-23
466	pe__veit_frechinger_QGW_II_II_3240	Veit Frechinger	m	1	3240.xml	1448-02-14
467	pe__peter_von_aspern_SB_CD_00970	Peter von Aspern	m	1	00970-eintrag_vom_1448-11-20.xml	1448-11-20
468	pe__matthias_voburger_SB_CD_01240	Matthias Voburger Vogburger	m	1	01240-eintrag_vom_1448-03-15.xml	1448-03-15
469	pe__niklas_reich_QGW_II_II_3239	Niklas Reich der Apotheker 	m	2	3239.xml, 3278.xml	1448-02-13, 1448-11-08
470	pe__barbara_SB_CD_00228	Barbara Pittrolfin	f	1	00228-eintrag_vom_1448-04-22.xml	1448-04-22
471	pe__wolfgang_charner_QGW_II_II_3237	Wolfgang Charner	m	1	3237.xml	1448-01-20
